scenario_a,scenario_b,scenario_c
0.14101374794106844,0.10678649552882882,0.09263389247750281
0.22500702331722,0.132349580721224,0.14254371033311977
0.1318583100199084,0.10400006722841819,0.08719362077733249
0.21361697924299428,0.12888305717263468,0.13577560868967034
0.1419283772962293,0.10706486005290218,0.0931773762780459
0.18221119209880374,0.11932480612568092,0.1171139109649511
0.01622012024356882,0.06880595337217693,0.018480012895705684
0.05296758627038856,0.07998992733248936,0.0403158006756258
0.10789669341278889,0.09670742571715246,0.07295533902165965
0.1650274916536809,0.11409500175822351,0.10690314878832724
0.116505471681497,0.09932747989767911,0.07807077895927883
0.1508920685293645,0.10979293086100914,0.09850370978220152
0.24946478542000755,0.13979322253003484,0.15707680772978036
0.10456138491851365,0.0956923352256784,0.07097345846400674
0.1846146101288857,0.12005627872965764,0.11854205096276768
0.10920820578528379,0.09710658032040868,0.07373465550066903
0.09459482117658015,0.09265904337142594,0.06505120601250247
0.1084607994482157,0.096879109587993,0.07329053763551677
0.10567651343513368,0.09603172102940113,0.07163608128590374
0.1962064409249941,0.12358421542280024,0.1254300567115131
0.22041089277609616,0.13095076306526335,0.13981263409968525
0.1562822613669354,0.11143341884166216,0.10170662741489339
0.08115674988056606,0.08856920927669523,0.05706614187836472
0.22463489771992537,0.13223632548378605,0.1423225888124122
0.24281287015996103,0.13776873335844758,0.15312415940724353
0.13012871967810832,0.10347367193001633,0.08616587732361553
0.13681161007684625,0.10550758828616875,0.09013693144736948
0.25575436013931235,0.14170743451490495,0.16081414893029897
0.0860500751569547,0.09005847720146935,0.05997381481002648
0.170282685598674,0.11569440325693615,0.11002584844988868
0.09449502889307274,0.0926286719085507,0.06499190823335356
0.06144746297616119,0.08257075073388541,0.0453546457489706
0.1679958129748174,0.11499840087524557,0.10866696113891608
0.21807717741697036,0.13024050424664999,0.1384259122701197
0.1575024358539787,0.11180477505109894,0.1024316698201057
0.1616690326974474,0.11307286549756575,0.10490751194680012
0.0937211640740979,0.09239314862164165,0.0645320684189524
0.02667756809592873,0.0719886442381745,0.024693954609593106
0.08435720136574469,0.08954325646801328,0.05896788877376394
0.20463402179146026,0.12614912275247003,0.13043782696603798
0.18829177874317932,0.12117541325719018,0.12072706892928807
0.09074116631806653,0.09148619581893902,0.06276131778983846
0.05853286027153823,0.08168370070628977,0.043622753648587774
0.11040941629879962,0.09747216490504952,0.07444842928395509
0.12794009078820162,0.10280756971508691,0.084865367624957
0.1876896429664697,0.12099215515600906,0.12036927258421938
0.2640748518366796,0.1442397495978669,0.16575828550819774
0.09909530660692821,0.09402875174329131,0.06772544876687306
0.1115086716107301,0.09780671974960366,0.07510162005606826
0.3273935411056181,0.16351059051702266,0.20338301479892398
0.16004402414469995,0.11257829933276012,0.10394191225422662
0.10860825948860234,0.0969239885804837,0.07337816017105574
0.12758954827240668,0.10270088321959464,0.08465707103174025
0.09300361543238134,0.09217476498347843,0.06410569235669934
0.23768731272205884,0.13620878631677266,0.15007849132264306
0.11417700982009861,0.0986188199643261,0.07668717882146185
0.1002900367008135,0.09439236403290784,0.06843537180660933
0.16328649484188165,0.11356513493709518,0.10586862747248398
0.10734851448846196,0.096540589211724,0.07262960448942574
0.08764559159577752,0.0905440675355626,0.06092188993259624
0.03248897556001786,0.07375732754558151,0.02814716305656126
0.20843901900227968,0.12730716150523222,0.1326988022272438
0.10635059747745355,0.09623687635550877,0.07203663015866632
0.18438631680594889,0.11998679838570203,0.11840639631524488
0.10721316071706272,0.09649939472354735,0.07254917564501695
0.04971333395180744,0.0789995060292969,0.038382084675752944
0.05185424265780137,0.07965108475861042,0.039654238465245385
0.22637434728148365,0.13276572140424336,0.14335619073348974
0.30418088524579506,0.15644589281796284,0.18958977455771975
0.19527754083041685,0.1233015076447482,0.12487809306539033
0.14243026611950904,0.10721760831386899,0.09347560467361066
0.1121080660757389,0.097989143541321,0.07545778748064225
0.13804022337026267,0.10588151281938248,0.09086698829316786
0.04630421035986801,0.07796195014852118,0.036356342296270695
0.19892905005174122,0.1244128328179541,0.127047863910952
0.04608606188101505,0.0778955573554727,0.03622671583753021
0.12576479025437323,0.10214552394277629,0.08357277779632617
0.2249296982497454,0.13232604708381657,0.14249776284487084
0.3004463589325688,0.15530930165788817,0.18737067395430368
0.16948554411753255,0.11545179579221294,0.10955217736192649
0.14514319625608857,0.10804327993926786,0.09508766050028634
0.11676992173488354,0.09940796442710814,0.07822791837237271
0.17863174186129238,0.11823541187413328,0.11498695843717568
0.15305753053628127,0.11045198230906622,0.09979045343941038
0.08089469814889715,0.08848945466882374,0.0569104275769785
0.15517962156078663,0.11109783393709824,0.10105142553547164
0.14995631659012243,0.10950813774590944,0.09794767468729115
0.12582243755990888,0.1021630687161634,0.08360703252096059
0.20022661304166117,0.12480774197116049,0.12781889149849496
0.29867512191108964,0.1547702313254929,0.18631818354093102
0.2386186680150189,0.13649224132661358,0.1506319138772741
0.15321274796296988,0.11049922223731061,0.09988268550750586
0.05433314374023932,0.08040553038857412,0.0411272314036979
0.21988699707489634,0.1307913170812638,0.13950132895168246
0.10603148505239601,0.09613975550778443,0.07184700970466268
0.1485559236407661,0.10908193262285766,0.09711554429690374
0.1765670007230081,0.11760701450086955,0.113760064335603
0.10636697892528361,0.09624186199685422,0.0720463642126576
0.09894549041245336,0.09398315566282642,0.06763642617614087
0.028240340684441034,0.07246426908596826,0.025622572941157076
0.06980525261040457,0.08511441732485313,0.05032094521107113
0.22097612974741163,0.1311227911328307,0.14014850472929538
0.21706420608536442,0.1299322096560253,0.13782399248038651
0.13601476226088038,0.10526507019750425,0.08966343485879867
0.16774537952844767,0.11492218225541079,0.10851815056286364
0.19637916502608263,0.12363678345150411,0.12553269145680668
0.15268726323296752,0.11033929263746832,0.09957043613941215
0.05917661297734856,0.08187962478697067,0.04400527927515931
0.21900807590304439,0.1305238202287736,0.1389790633845863
0.15231388008251437,0.11022565466774162,0.0993485673654417
0.18734049302312808,0.12088589248549639,0.12016180347435972
0.10205981030906987,0.0949309889801611,0.06948699264218448
0.1224780943388409,0.10114522853443574,0.08161978341961687
0.0999833133509694,0.09429901376066943,0.06825311309060819
0.19828830294104832,0.12421782348055083,0.12666712424527077
0.2787265196697395,0.14869893792395442,0.1744644833502771
0.21415228977693188,0.12904597722453356,0.1360936966690396
0.019063783475920065,0.0696714131978777,0.020169751905570157
0.2027274269235741,0.1255688566916826,0.1293049052868382
0.1777190522785505,0.11795763771360256,0.11444462727281324
0.09899917739665878,0.09399949512506098,0.06766832763004796
0.08744793505092224,0.09048391139720101,0.06080444002833295
0.20924248496323838,0.1275516938051956,0.13317623139743692
0.20675373844525152,0.12679425174835623,0.13169738818236704
0.14451728794908675,0.10785278674439158,0.09471573823083211
0.16297352346413566,0.11346988309751303,0.10568265610290284
0.06807072792566804,0.08458652027493266,0.04929026971123414
0.14642036570634925,0.10843198238378993,0.09584657000045525
0.2963375809315365,0.15405880819151663,0.18492918848154
0.14798308907520796,0.10890759225173931,0.09677515908510716
0.0385195893081979,0.07559272558568356,0.03173062652290818
0.13269408010399347,0.1042544311851164,0.08769024544733188
0.22199422482936848,0.13143264512051595,0.14075346911332046
0.21105104319458654,0.12810212272865776,0.13425089852410427
0.06408980173796022,0.08337493809974927,0.04692475532885796
0.19429277151100702,0.12300179624649404,0.12429293125164462
0.11052281637438602,0.09750667785599769,0.07451581297737565
0.19335033685715958,0.12271496926854054,0.1237329252070691
0.07925113691123944,0.08798924205359944,0.05593380365513828
0.09553116564332274,0.09294401682037841,0.06560759319440423
0.06156481996382776,0.08260646795839188,0.045424380687300966
0.16424579918190735,0.11385709615017656,0.10643865768816924
0.14420806883458134,0.10775867689414687,0.09453199650135066
0.17375084288871062,0.11674992585524878,0.11208666936519594
0.11491491050408863,0.09884339768157652,0.07712564831284127
0.06258378707728174,0.08291658734607879,0.046029863242965076
0.11269994577495497,0.09816928023806192,0.07580948954069425
0.13068497076001498,0.10364296517083188,0.08649640842929773
0.06316859636829278,0.08309457218665649,0.04637736398113639
0.13068056072934675,0.10364162299207799,0.08649378793585463
0.15635217893693684,0.11145469803086384,0.10174817327875023
0.08004477699879425,0.08823078388036346,0.05640539417277672
0.10557298262334575,0.09600021175737997,0.07157456202813424
0.1892239107049226,0.12145910464369557,0.12128095298988278
0.11142346447987089,0.09778078723137054,0.07505098895063604
0.11532663708324355,0.09896870535140818,0.07737030121487314
0.1810979351895585,0.11898598993968743,0.11645240027474278
0.0981403946752251,0.09373812734565912,0.06715802857322056
0.17892621843238696,0.11832503487836007,0.11516193996945047
0.21154738400389164,0.12825318246928452,0.13454583022281197
0.16065643496503398,0.1127646846106629,0.10430581415421582
0.06229587665819054,0.0828289627292502,0.04585878339745085
0.12815304139685105,0.10287238055293449,0.08499190544649493
0.1276627908571124,0.10272317436640539,0.08470059265946057
0.14576322078857454,0.1082319824261554,0.0954560865599179
0.18965181162931577,0.12158933492386015,0.12153521688304647
0.13609349386901595,0.10528903191107111,0.08971021813048224
0.2632782190731814,0.14399729695973432,0.16528491670639855
0.060188497199119305,0.0821875885191878,0.04460655309110919
0.17797165746329643,0.11803451729507845,0.11459472832201748
0.15257802556649622,0.11030604650244485,0.09950552579971962
0.09681034436749425,0.09333333078100035,0.06636769662937887
0.1635300154682617,0.11363924966223693,0.10601333036747529
0.05502692574300207,0.08061668072605253,0.04153948504227
0.12077934261695832,0.10062821887154617,0.08061036464601407
0.2596746003011781,0.14290054709187766,0.16314360294376326
0.11455819065589065,0.09873483113468974,0.07691368107416278
0.09834094404755786,0.09379916390682745,0.06727719743048131
0.16931438708968083,0.11539970469724542,0.10945047379046155
0.08332200956988264,0.08922819915003648,0.058352765316014216
0.16144800796742348,0.11300559732665658,0.10477617638490337
0.038022659363653365,0.07544148654362749,0.03143534475293127
0.17104769241975765,0.11592723064046838,0.11048042473504475
0.16220457200045757,0.11323585517460151,0.10522573586351316
0.12128549498152745,0.10078226472769204,0.0809111264892652
0.04590218874921091,0.07783959615486655,0.036117456203639355
0.20472792195492615,0.12617770096742256,0.13049362357635244
0.09574852890646289,0.09301017063553173,0.0657367530684922
0.18195537129088044,0.11924694787955785,0.11696189915364899
0.17331442751082055,0.11661710422834712,0.11182734608101251
0.23709407341458588,0.13602823582759963,0.14972598136695703
0.07683665592359466,0.08725440247380951,0.0544990899144309
0.053482579679852205,0.08014666393242174,0.04062181597444675
0.2340928686465339,0.13511482873849706,0.14794262927537494
0.17722923279003633,0.11780856271613739,0.11415357062161822
0.17893963604007643,0.11832911848442144,0.11516991287386238
0.09554292901051595,0.09294759696362637,0.06561458312915017
0.07539196267328269,0.08681471469560095,0.05364063575060165
0.1789374296635062,0.1183284469807567,0.11516860181827797
0.1331371448301783,0.10438927651994222,0.0879535198545163
0.1335640510335595,0.10451920405994247,0.08820719267245052
0.14573740645889688,0.10822412591733621,0.09544074737369723
0.2068446726766965,0.1268219272913677,0.13175142240008184
0.18021463420949585,0.11871716010655199,0.11592753217275274
0.16198082263380523,0.11316775776923343,0.10509278128965098
0.09902813060265617,0.09400830694086636,0.06768553197445755
0.09110095751063593,0.09159569711967934,0.0629751100584071
0.170871066814182,0.11587347520133034,0.11037547166870189
0.24378170115859218,0.13806359397965967,0.15369985047843948
0.1486298351405347,0.10910442735183228,0.09715946340202704
0.3123613521041174,0.15893559178822383,0.19445070668644465
0.07175306030527571,0.08570722637795203,0.05147835604942016
0.21791482232904294,0.13019109199399614,0.13832943891757904
0.15612297843851192,0.11138494159094485,0.1016119795766046
0.0893127948828593,0.09105147553304638,0.06191256224551549
0.15890246504812924,0.11223086946641542,0.10326358406276015
0.12445706199080596,0.10174752102099048,0.08279570988050818
0.1278998405183894,0.10279531967397817,0.08484145042889615
0.1914642607085545,0.1221409480144553,0.12261219599848497
0.1266546100183674,0.10241633774698848,0.08410151943839679
0.11711801079393262,0.09951390422087338,0.07843475709198276
0.0882944110733844,0.09074153367206299,0.06130742629611477
0.047705133376791636,0.07838831659594493,0.037188787659203325
0.1737297765453835,0.11674351438091661,0.11207415148976337
0.10156243501612407,0.094779614397741,0.06919144624081304
0.21038624489122174,0.12789979348755384,0.13385586734948854
0.21779695884219255,0.13015522061808016,0.13825940301132156
0.07350745345849034,0.08624117033281888,0.052520837632998786
0.0020992621062845863,0.0645083152822636,0.010089228580643927
0.12355096805174573,0.10147175422355591,0.08225729792721706
0.1321348152471699,0.10408422071152716,0.0873579235202239
0.09733124340132156,0.0934918647388526,0.06667722112146517
0.16030452571925896,0.11265758215526449,0.10409670543355111
0.2809281052431931,0.14936898346415392,0.17577269206666
0.12792733655971417,0.10280368800636788,0.08485778890847229
0.2247274790473102,0.13226450231518772,0.14237760175441158
0.2570136519846921,0.14209069596746005,0.16156243534190154
0.23968976864473313,0.1368182273835258,0.15126837479744495
0.08333196372507663,0.08923122866538877,0.05835868019515668
0.05185648311849975,0.07965176663567079,0.0396555697740302
0.21248395407219314,0.12853822457935138,0.13510235145988272
0.21058971756645958,0.12796171974662826,0.1339767732686142
0.08240300432616364,0.0889485028382515,0.05780668130968193
0.10660860103112864,0.09631539891333281,0.07218993898383555
0.20796575330021777,0.12716312459982193,0.13241758203572923
0.12855511557773294,0.10299475054616923,0.0852308227769883
0.1269889486341877,0.10251809263725843,0.08430018747870073
0.194976226447012,0.12320980357417603,0.12469904842252261
0.05373170595778531,0.0802224847197162,0.04076984981523943
0.11261959037903319,0.09814482432986668,0.0757617413947122
0.12438208218753397,0.10172470115725514,0.08275115597655085
0.256367102403825,0.14189392066678516,0.1611782477784186
0.08611167231976535,0.09007722410130722,0.06001041658752035
0.14106539159611667,0.10680221311035838,0.09266457976056593
0.09939208209506717,0.09411907441558083,0.06790179634339855
0.14817696237006706,0.10896659697004361,0.09689036093656672
0.04003302885471465,0.07605333607965344,0.032629930565569475
0.13459090759585451,0.10483172457619531,0.0888173632338255
0.06707416239129743,0.08428321873631736,0.048698098444202524
0.04386151808597453,0.07721852455383264,0.03490486506882162
0.1118403293906874,0.09790765873603795,0.07529869511135039
0.19981249133980528,0.12468170535338188,0.12757281538564982
0.23222510426486973,0.13454638061221552,0.14683278113969273
0.02159364844698299,0.07044136952463013,0.02167302820167349
0.12323148057035971,0.10137451922863508,0.08206745461021667
0.07334292790680978,0.08619109750645157,0.05242307456470308
0.24213448672258833,0.13756226952518238,0.15272105578205547
0.12238923459761368,0.1011181843558988,0.08156698188902423
0.19441947848357638,0.12304035910905359,0.12436822206383939
0.05063865129986662,0.07928112340988513,0.0389319194106583
0.144187095851482,0.10775229383370179,0.09451953410169207
0.0919232981316904,0.09184597386218084,0.06346375477940776
0.18990336998794913,0.1216658959071507,0.12168469589554161
0.12636122963769653,0.10232704836481736,0.08392718927570075
0.21119860391358175,0.1281470323623614,0.1343385808840875
0.1272264936218079,0.10259038869582233,0.08444133957702706
0.03293113105917611,0.0738918961600647,0.028409897190074165
0.16642557023892848,0.114520502511948,0.10773390395563134
0.2456524912208697,0.13863296296217537,0.15481149651005593
0.07883154398748986,0.08786154028690556,0.05568447647621778
0.06480445119469704,0.08359243938022022,0.047349408660409
0.1081206749330183,0.09677559377772035,0.0730884315439789
0.2301758039667459,0.13392268260935614,0.14561506217168294
0.3086839926420979,0.15781639917679538,0.19226557531590244
0.1845990284953374,0.12005153650923535,0.11853279216807472
0.24194563506416,0.13750479312589314,0.15260883784756393
0.0827537745739537,0.08905525864324979,0.058015113223998535
0.06938296547207312,0.08498589558255315,0.050070017097332165
0.21303405592163618,0.12870564632089945,0.1354292286174265
0.19303896543493698,0.12262020437031364,0.12354790455036796
0.14370278205279116,0.10760489447535618,0.09423174899783257
0.26238545860590384,0.14372558816186656,0.16475442766294854
0.0705777842890314,0.08534953487475364,0.05077999285738915
0.0749008821107012,0.0866652558942698,0.05334882975397748
0.10330452087714016,0.09530981266752138,0.0702266146828434
0.15760009969883773,0.11183449873046716,0.10248970285532413
0.12837217784766836,0.10293907403209576,0.08512211897009964
0.20044602243201545,0.12487451851859864,0.1279492672060661
0.1385110107565792,0.10602479545730806,0.09114673583955853
0.23316075284433668,0.13483114227009763,0.1473887548169773
0.17864969438369516,0.118240875667009,0.11499762604263786
0.10884894442122896,0.09699724027128521,0.07352117806259736
0.11780279141087041,0.09972231501531496,0.0788416619984693
0.1280254045111715,0.10283353467428863,0.08491606206870793
0.13607149982152755,0.10528233809293908,0.08969714900204136
0.05871381130587848,0.08173877257586223,0.04373027693690189
0.08394706139756833,0.08941843167816735,0.058724178655122715
0.15444843013798557,0.11087529816206991,0.10061694276805754
0.1605556018754198,0.11273399638177226,0.10424589791551776
0.1104322282041017,0.09747910763559572,0.07446198439337856
0.2078804810234497,0.12713717225463944,0.13236691221981153
0.18657315161065927,0.12065235457653005,0.11970583994682878
0.1307787790785142,0.10367151543306206,0.08655215046422458
0.17820221880355674,0.11810468790286531,0.11473173065280406
0.14384514748253002,0.10764822293936217,0.09431634425424291
0.1588069654374162,0.11220180446479994,0.10320683704158931
0.06671004487458937,0.08417240073263839,0.048481735421620736
0.15813625428134517,0.11199767566585311,0.10280829237853933
0.15591634453943232,0.11132205322348745,0.10148919522012292
0.17130603264238844,0.1160058556624141,0.11063393361297029
0.14569630816673015,0.10821161778333131,0.09541632627251946
0.07990929514083212,0.0881895504094505,0.056324889217786646
0.12137564494568404,0.10080970158145802,0.0809646946858929
0.17434830404116466,0.11693176124946272,0.11244168799211891
0.14148960703111355,0.10693132172359172,0.09291665369145417
0.05204673720038409,0.07970966985806124,0.039768621045463755
0.18587079749991228,0.12043859534535538,0.1192884926582448
0.05959541426725016,0.08200708562243031,0.04425413605569416
0.2499904236042421,0.13995319883318288,0.1573891482822308
0.1431714441387108,0.10744318347762746,0.09391602159712367
0.19757587858072642,0.1240009994010697,0.12624379309286188
0.24913135682781432,0.13969174460255018,0.15687868043649766
0.03767592426977659,0.07533595882483972,0.03122931057576614
0.19793765749336673,0.12411110565806739,0.12645876648868473
0.11795339714065732,0.09976815138833112,0.07893115374061183
0.25577746687283204,0.1417144669754778,0.1608278792302072
0.2396572355931862,0.13680832605315701,0.15124904326560829
0.08570062202820015,0.08995212225744442,0.05976616554373565
0.11106940852797124,0.09767303143281703,0.07484060463128572
0.0866269767358093,0.09023405535509946,0.06031661669020444
0.12719842567360873,0.10258184630540161,0.08442466126348436
0.06277631727289569,0.08297518329641568,0.04614426700864472
0.12538293313486168,0.10202930694762172,0.08334587368767767
0.13529825548562527,0.10504700364807214,0.08923767788616999
0.08402308733758967,0.08944156993028203,0.05876935418616107
0.10614908722584863,0.09617554735380206,0.07191689033534611
0.10731209045238632,0.09652950367263674,0.07260796088762582
0.048040505754673356,0.0784903861083977,0.03738806997339959
0.16041271794654488,0.1126905101142098,0.10416099456066344
0.1489036936369892,0.1091877753108703,0.09732219342553232
0.13419879438104748,0.10471238617118274,0.08858436482958224
0.1390813128889208,0.10619836509046222,0.09148561624897664
0.1576370782079705,0.11184575302165894,0.10251167593170558
0.08444075851654329,0.08956868682008295,0.05901753944113249
0.1877135704110816,0.12099943739738257,0.12038349056056312
0.062462389343206595,0.08287964033330383,0.045957727244355095
0.05421525567730219,0.08036965153300475,0.04105718089403274
0.08488191707423567,0.08970295201861396,0.059279681179995145
0.2565392962433239,0.14194632731206716,0.16128056743587657
0.1337258712322745,0.10456845352077217,0.08830334818736572
0.13452816205590468,0.10481262817144162,0.08878007907677694
0.27119760085891814,0.14640753552172953,0.1699907089342301
0.20450405900621657,0.12610956899371795,0.13036060151066126
0.20907779093145873,0.12750156970244775,0.1330783682162332
0.36950340749389315,0.1763265939066167,0.2284052055868297
0.11606147030093489,0.0991923494950841,0.07780694798075982
0.09447596836566984,0.09262287089789092,0.06498058223794913
0.18120240608177104,0.1190177853221844,0.11651447813964545
0.15013696397779233,0.1095631172015873,0.09805501754508916
0.23687675526379942,0.13596209574224719,0.14959684829917388
0.19172377666139043,0.12221993086613502,0.12276640350948709
0.20953491697345206,0.12764069455384588,0.13334999802696226
0.11337827520854625,0.09837572763544876,0.07621256107618353
0.11880362240570219,0.100026914733203,0.0794363678535821
0.05978023935842488,0.08206333654883181,0.04436396135533131
0.3984100030743438,0.1851242239804044,0.24558185352424236
0.1435468267664517,0.10755742998188283,0.09413907848462812
0.06561866676380144,0.08384024328910203,0.04783322537748803
0.027160345361635408,0.07213557595761202,0.024980826687010314
0.1325367973230689,0.1042065626729045,0.08759678612082479
0.19558599639561347,0.1233953851111986,0.1250613810846582
0.19152370424221285,0.12215903946413678,0.12264751806354673
0.11476053758548864,0.09879641477667261,0.07703391806164388
0.36354727718331037,0.174513864662941,0.22486600107796606
0.24706159271493452,0.1390618185030052,0.15564880162280345
0.19937946552021574,0.12454991532772683,0.12731550621791354
0.2840495640343122,0.15031898948123776,0.17762750054996868
0.044430815116196606,0.07739178828736573,0.03524314823443089
0.1434789787894377,0.10753678066669944,0.0940987623979
0.17223768826805433,0.11628940207755503,0.11118753462891948
0.1043437931948813,0.09562611187930393,0.07084416283593727
0.2062152965961164,0.12663037869067456,0.1313774395377185
0.1100020639210222,0.09734818850944149,0.07420637558516949
0.0998598874786294,0.09426144949048894,0.06817977194776584
0.20261497334427914,0.1255346318038588,0.12923808401293627
0.09110112294083578,0.0915957474678326,0.06297520835902833
0.1142534897476279,0.09864209638608949,0.07673262411735622
0.13885099642790985,0.10612826901089342,0.09134875942839522
0.15413829403503537,0.11078090922931966,0.10043265615297597
0.09401872501058518,0.09248371034262819,0.06470888271836525
0.1682106715606642,0.11506379239986127,0.10879463270352999
0.09031118404468914,0.09135533208685637,0.06250581713399074
0.26482394612021426,0.14446773405140073,0.16620340637151054
0.13084203053997495,0.10369076581341234,0.0865897352459404
0.1263992657992388,0.10233862454914314,0.08394979082190782
0.2235534626472574,0.13190719417215596,0.1416799870415226
0.06114143442836197,0.082477611922431,0.04517279989272938
0.07548925306173289,0.08684432471470326,0.05369844687351491
0.1132915051916636,0.09834931945784425,0.07616100128501538
0.23747451860415678,0.13614402310638454,0.1499520464897957
0.14609524890710485,0.10833303412395219,0.09565338167484908
0.07498801639653596,0.08669177493596701,0.05340060599815314
0.309929628918869,0.1581955046006432,0.19300574742384313
0.1871228604461727,0.12081965670554355,0.12003248357075266
0.09697325967354074,0.09338291353425011,0.06646450287028623
0.1598052699128035,0.11250563524456171,0.10380004160835835
0.1086424006433606,0.09693437933193073,0.073398447257227
0.07496019208270562,0.08668330669488836,0.05338407245509249
0.16272025410599003,0.1133928013769836,0.10553216039384929
0.06079402611615384,0.0823718793117934,0.04496636568110708
0.09827629993704205,0.09377948967818345,0.06723878511989062
0.16637987010089986,0.11450659382084734,0.10770674838210767
0.13702400787410152,0.10557223087763355,0.09026314078170573
0.1527093329783088,0.11034600949400007,0.0995835502484307
0.10250138611695206,0.09506538116745515,0.06974938231614515
0.17778375845386662,0.11797733083147031,0.11448307646305728
0.2038036453341505,0.12589640032886062,0.1299444072541583
0.17011765055555997,0.11564417536847778,0.10992778263563464
0.17963928762702008,0.11854205521110503,0.1155856542901885
0.15142583326106238,0.10995538045293167,0.09882087922722528
0.11984964270126264,0.10034526767049043,0.08005792573653064
0.12567028278742132,0.10211676089694666,0.08351662031895152
0.16849210807152107,0.11514944670338824,0.10896186567464455
0.105116076013001,0.0958611536893037,0.07130306260633865
0.12104571222484664,0.10070928761125911,0.08076864468155798
0.1697629864068744,0.11553623446717412,0.10971703691841453
0.025434578264689773,0.0716103442515751,0.023955355051525015
0.1764049232748941,0.11755768674700656,0.11366375595999027
0.07224626862849211,0.08585733275643899,0.05177142638709144
0.2539972196683027,0.1411726544226384,0.15977003485733196
0.17119474548514932,0.11597198577141875,0.11056780544113037
0.1659568149023282,0.11437783832186561,0.10745536387770495
0.1845597580229715,0.12003958466635105,0.11850945717948062
0.12964012507740075,0.10332496972324443,0.08587554851553733
0.10402194650482648,0.0955281588667571,0.07065291764867511
0.19031956012906012,0.12179256204781277,0.12193200109995378
0.11814790564477808,0.09982734943054597,0.0790467330410803
0.17315025699678924,0.11656713945655482,0.11172979398037268
0.06599136389717197,0.0839536724717199,0.048054686511829106
0.11514508857175693,0.09891345164157372,0.07726242289842863
0.1297983362271708,0.10337312078155053,0.08596955949001557
0.2539002738722047,0.14114314927911834,0.15971242849535308
0.26263092576799724,0.1438002953089378,0.1649002872129514
0.07121307359296072,0.08554288314609361,0.05115748942842707
0.11638856651888244,0.09929190018468478,0.07800131250084688
0.34949927451385593,0.17023839990205364,0.21651850836110553
0.08824203217485527,0.09072559232152785,0.061276302122502624
0.19895091844894064,0.12441948839482173,0.12706085837647474
0.13139405920927485,0.10385877397643188,0.08691775734309573
0.1283907469554285,0.10294472548075641,0.08513315295802178
0.10179235577255895,0.09484959004588561,0.06932806792896008
0.26176350043988555,0.14353629717978708,0.16438485261493693
0.11035676679269076,0.0974561411959612,0.07441714431205337
0.17395167569364742,0.1168110486782253,0.11220600664153094
0.17591799145546422,0.1174094906024076,0.1133744151966136
0.07469550946890945,0.08660275138644113,0.05322679485179678
0.1546189547262425,0.11092719677606598,0.10071827053628299
0.2419548620933054,0.137507601342754,0.15261432065963357
0.040351226286508175,0.0761501784520994,0.032819007319533654
0.2205728866619387,0.13100006538721579,0.1399088928215879
0.1289203951037777,0.1031059222036798,0.08544787627954113
0.32655304377677824,0.16325478783847627,0.2028835811430433
0.03836485354719407,0.07554563225085245,0.031638680666375436
0.061694553064462525,0.08264595181336645,0.04550146966131132
0.2510623654852045,0.14027944092222644,0.15802610908404535
0.31838689966919803,0.1607694479516748,0.19803115976565536
0.1357198986112197,0.10517532938715167,0.08948822331976863
0.16857581776195146,0.11517492348040784,0.10901160698290313
0.2888066034006367,0.15176677922440868,0.18045419074917793
0.1680098521946567,0.11500267366698012,0.10867530341276918
0.17867108393682224,0.11824738550921203,0.11501033597323403
0.17648747228254594,0.11758281027392814,0.11371280757653489
0.16153261442945702,0.11303134703325049,0.10482645056567058
0.07809354835010919,0.08763693367089377,0.05524595056238759
0.25554008233793035,0.1416422197501868,0.1606868224748228
0.10553050212618356,0.09598728295369773,0.07154931960406771
0.2589454976266212,0.1426786470207085,0.1627103613357628
0.20042247012428183,0.12486735044893595,0.12793527214058248
0.1483216853821592,0.10901064295671142,0.09697635709686282
0.024491941627509076,0.07132345580063877,0.023395228986015232
0.14365299731560344,0.10758974264954276,0.09420216630619543
0.11757067671098906,0.0996516716474869,0.07870373664264975
0.14777839032834075,0.10884529284167938,0.09665352461942317
0.20548626443103873,0.1264085000788403,0.13094423982730174
0.17897839070554472,0.1183409133431234,0.11519294136377342
0.11045795444736621,0.09748693733559612,0.0744772712375895
0.039918421178910354,0.07601845559943429,0.032561829301526304
0.19344581967156146,0.12274402915825233,0.12378966224766919
0.06585488522725326,0.0839121356242703,0.04797358923914493
0.009415587210266531,0.06673501546856753,0.014436677250515785
0.1250648336720874,0.10193249439173398,0.0831568551480871
0.15110018838577335,0.10985627147483543,0.09862737711246086
0.2494177131916728,0.1397788962476303,0.15704883684363838
0.22116354961140403,0.13117983177005488,0.1402598718742545
0.12817985646246932,0.10288054163254196,0.08500783928208848
0.124817236944811,0.10185713911829827,0.08300973018475304
0.09670461973057463,0.09330115382530474,0.06630487377424103
0.0637425885034466,0.08326926486038526,0.046718437034756255
0.1362817996484354,0.10534634217382662,0.08982211169707918
0.12856675166716464,0.10299829195283683,0.08523773708175247
0.16693897462472596,0.11467675549760092,0.10803897503741357
0.1401640433725022,0.10652789065626798,0.0921289877686638
0.16625544570087483,0.11446872565195391,0.10763281390206461
0.14787680386602792,0.10887524468766603,0.09671200313116715
0.06010744324923362,0.08216292000832386,0.04455838985593194
0.10860744808491887,0.09692374163236334,0.0733776780251951
0.23059937356640717,0.13405159466466712,0.14586675233942067
0.10317412041790507,0.09527012570408736,0.07014912915629898
0.30539568489663493,0.1568156132131615,0.19031162317039696
0.1580459966744222,0.11197020605135495,0.10275466021928102
0.201123510238577,0.125080709769486,0.12835183863661775
0.19625102813738907,0.12359778539853733,0.1254565509711947
0.2697371177564247,0.1459630421524223,0.16912287224968353
0.15071941440833528,0.10974038413051283,0.09840111661990367
0.18670021496871442,0.12069102590387434,0.11978134252758017
0.17385327863592553,0.11678110184786356,0.1121475379223813
0.10085668235128468,0.09456482082747893,0.06877207949037392
0.08626662990058845,0.09012438494629207,0.06010249425206663
0.06698907970731438,0.08425732409309362,0.0486475412866058
0.16901856169019666,0.11530967118140485,0.10927469076808037
0.14130974565960788,0.10687658148942379,0.09280977789394636
0.15743788260099317,0.11178512847465424,0.10239331149815602
0.13821359567922817,0.10593427812808426,0.0909700082114046
0.12210144802241994,0.1010305974305652,0.08139597563304841
0.14166296505058665,0.10698408268333219,0.09301966511870191
0.11149123408615924,0.09780141269467403,0.07509125846853305
0.07542584815066322,0.0868250276324543,0.053660770910189795
0.13114549634033057,0.1037831246608645,0.0867700582867234
0.1619566083513679,0.11316038822968355,0.10507839287080996
0.11447235692272632,0.09870870791204565,0.07686267763407882
0.10179487545744224,0.09485035690393512,0.06932956515612528
0.13421732144463372,0.10471802482383306,0.08859537383434905
0.12731434966543775,0.10261712740219994,0.08449354469839483
0.17353079127241566,0.11668295384839623,0.11195591203922056
0.14851286587297,0.10906882812870085,0.0970899588516601
0.19450945027993263,0.12306774173801861,0.12442168439101
0.1782438713955773,0.11811736473626089,0.11475648112564425
0.18878436588803205,0.12132533058202553,0.12101977015527916
0.13694145807171967,0.1055471071088382,0.09021408869292297
0.08748094213038596,0.09049395699645296,0.060824053233278295
0.08791728131521799,0.09062675543424072,0.06108333124262727
0.2512078877076856,0.14032373014602462,0.15811258014479943
0.1573628274997309,0.11176228569421626,0.10234871285122431
0.1649173309034288,0.11406147468559832,0.10683768994111238
0.09655828553297396,0.09325661747947141,0.06621792022807213
0.041248965393399846,0.07642340248303818,0.03335245473072418
0.0749764168263122,0.08668824464380354,0.05339371339354296
0.11992489461518505,0.10036817035023317,0.08010264133191998
0.0433124217296466,0.07705140883090382,0.03457858538742119
0.12916988220089318,0.10318185280514067,0.08559612452344639
0.1655673412985787,0.11425930327405066,0.10722393396220693
0.17103028878787707,0.11592193390067085,0.11047008328695529
0.144320879694178,0.10779301051908988,0.09459903007551931
0.1513691808771783,0.10993813848077261,0.09878721569704299
0.21864777869674465,0.13041416492437014,0.13876497043655234
0.144992855708477,0.10799752427359985,0.0949983263325924
0.1962313938500649,0.12359180976587736,0.12544488404072104
0.19194755154758852,0.12228803603829544,0.12289937324737141
0.20894252695907709,0.12746040254431562,0.1329979927314845
0.1902837264060088,0.12178165616860982,0.12191070826927684
0.21439957896084874,0.1291212388981295,0.13624063888639754
0.0606698222685681,0.08233407826733077,0.0448925622559853
0.3761350108621901,0.17834490121880023,0.23234578433816594
0.24777840829159614,0.13927997903515954,0.15607474208895408
0.1622540395411043,0.11325091046266064,0.1052551300731375
0.20518197244705108,0.12631588978503752,0.13076342585823403
0.1801718441402624,0.1187041370855982,0.11590210579722537
0.1257575517227035,0.10214332091877315,0.08356847657345372
0.18154939029809888,0.11912338886059472,0.11672066034837762
0.20594424665571015,0.1265478855067028,0.13121637839211053
0.13332530682147162,0.10444654302124069,0.08806532798047333
0.1268969925632239,0.1024901061006521,0.08424554607161223
0.1486690900089046,0.1091163744456903,0.0971827891185383
0.06453305347508548,0.08350984035075779,0.04718814086020012
0.1574981368106637,0.11180346665099186,0.10242911527668727
0.08301177773738236,0.08913378108230342,0.05816842181727853
0.26523739378484795,0.14459356552810254,0.166449081963304
0.2834494696562334,0.15013635267321235,0.17727091722860214
0.07741025713708513,0.08742897617177825,0.054839930677680726
0.1781440373377847,0.11808698055951546,0.11469715852371107
0.16984013794237965,0.11555971529068076,0.10976288129187325
0.20191714320655257,0.12532224942942888,0.12882342492371604
0.19458365211109835,0.12309032482842701,0.12446577601455326
0.3626948280714932,0.17425442449740425,0.22435946552840644
0.07155335214456005,0.08564644583685344,0.051359687050253656
0.07391148881021217,0.0863641372021373,0.05276092031487244
0.19846684313635649,0.12427216161896125,0.1267732149839378
0.179832237039053,0.11860077874862085,0.11570030715932332
0.21172935537551282,0.12830856487525122,0.13465395980785194
0.20337036895239055,0.12576453404540894,0.1296869491993566
0.07522328204136851,0.08676337728383059,0.05354040368348787
0.11371105239866054,0.09847700731079036,0.07641030129848998
0.022484374085014133,0.07071245902871325,0.022202308125029085
0.19333399241633378,0.1227099948901586,0.12372321314308637
0.2409987721058489,0.1372166184076143,0.1520462004510354
0.1162773519519766,0.09925805238632562,0.07793522746305913
0.14308506546935795,0.10741689440539418,0.09386469434938025
0.09468237907773976,0.09268569133909439,0.06510323397401643
0.055806879732171945,0.0808540572324692,0.04200294311508459
0.1893189372347208,0.12148802566464505,0.12133741890066478
0.06331551262454042,0.08313928568018057,0.0464646633935774
0.17035836966509202,0.11571743746091126,0.11007082083550612
0.10954714331322495,0.09720973487489953,0.07393605627005474
0.21451909425898005,0.12915761299753503,0.13631165631885273
0.09149171895349544,0.09171462411721547,0.06320730522344607
0.12539550257058452,0.1020331324152532,0.08335334259807171
0.12807526010556292,0.10284870806526607,0.08494568686455042
0.06587925244750645,0.08391955170995634,0.047988068535481966
0.046897783295488334,0.07814260217635563,0.03670905049782809
0.30690395900812173,0.15727465162347187,0.19120785784922734
0.22641943785888857,0.13277944457751428,0.14338298409873504
0.12678177940941837,0.10245504134513651,0.08417708502523388
0.19085970232925728,0.12195695260191142,0.12225296011372294
0.07456391636375352,0.08656270144502884,0.05314860064065336
0.14113649363793898,0.10682385278977687,0.092706829451873
0.09166607931125866,0.0917676901354142,0.063310912252202
0.07921623136373891,0.08797861866166175,0.05591306235757501
0.2578807200645105,0.1423545853692334,0.16207765765866847
0.24183378964314806,0.13747075332910094,0.1525423779486531
0.18042022226194093,0.11877973017392544,0.11604969507454294
0.10684656163532213,0.09638782146347376,0.07233133804654528
0.2182444455083058,0.1302914117562051,0.13852530498857493
0.18310031296143134,0.11959540722149385,0.11764223731139539
0.08226844362327727,0.08890754971794493,0.05772672371615423
0.10155961870678672,0.09477875726298585,0.06918977275581759
0.30458101547110406,0.15656767117452536,0.18982753676635233
0.1566767590003516,0.11155348293686576,0.10194104266944903
0.18549399960655705,0.1203239181095288,0.11906459480283296
0.16800623286074537,0.11500157213425982,0.10867315276088116
0.08051215420836073,0.08837302864188329,0.05668311535098862
0.229322942089399,0.1336631168199482,0.145108281351864
0.20720668839701145,0.12693210562002497,0.13196653650988244
0.10747453418043441,0.09657894290262814,0.07270448691119556
0.14012502337099694,0.10651601504339041,0.09210580161287779
0.025409856922713806,0.07160282039007347,0.02394066533178673
0.17517241183888022,0.11718257582653896,0.11293138279081788
0.22219790719719532,0.13149463519886,0.1408744996343128
0.1739646774936543,0.11681500573454619,0.11221373246800019
0.06978141344887845,0.08510716195215491,0.05030677969360258
0.10592241048430923,0.09610655901123343,0.07178219627999856
0.08927026848192719,0.09103853275869818,0.06188729254487475
0.10165812239597988,0.0948087365462955,0.06924830483667437
0.15232965128079085,0.11023045458158381,0.0993579388017836
0.05998416532246876,0.08212540076490686,0.04448513662413558
0.07930465987926043,0.08800553159803191,0.05596560764864921
0.18706907080246615,0.12080328599921758,0.12000052111533122
0.09507950273771218,0.09280655465709628,0.06533920964524247
0.06748965358153523,0.08440967215351275,0.04894498832357116
0.16969319378429762,0.11551499330532251,0.1096755652998252
0.1019682517281748,0.09490312341838804,0.06943258742849168
0.16698952361697927,0.11469213992200365,0.10806901185863341
0.10627684444271596,0.09621442985486045,0.07199280521537701
0.17489700866962435,0.11709875775126546,0.1127677349040927
0.1028417795242068,0.09516897881416701,0.06995164818658824
0.24900267466238699,0.1396525805963504,0.15680221594086985
0.12053190495356438,0.10055291200869523,0.08046333420035875
0.10606992042191239,0.09615145318978272,0.07186984846506558
0.13588080546383513,0.10522430087401222,0.08958383611340949
0.23626083900759345,0.13577464359612884,0.1492308634268863
0.18048141566368314,0.11879835419037127,0.11608605693233762
0.13329674494628954,0.10443785030571957,0.0880483561695567
0.2576702327551809,0.14229052422866942,0.1619525835593134
0.0699412192016319,0.08515579832278794,0.05040173820041721
0.22162693144808335,0.1313208605525924,0.1405352189536808
0.08829664273954492,0.09074221287253391,0.061308752379079234
0.16008922692580993,0.11259205665487039,0.10396877229226734
0.13438786354359078,0.10476992876715473,0.08869671200764385
0.07884071192867617,0.08786433052053481,0.055689924177508995
0.11544842899694092,0.09900577233149263,0.07744267143977146
0.05215806101078968,0.07974355090433072,0.039834770997057595
0.16610140546411653,0.11442184399770632,0.10754128133443204
0.2787211773032967,0.14869731199178418,0.17446130885166544
0.2192960911027102,0.13061147673523557,0.13915020549198223
0.13884210260172564,0.10612556220328978,0.09134347460954605
0.10005360230727209,0.09432040598010606,0.0682948796366873
0.173373654189191,0.11663512967881397,0.11186253928804518
0.30241795271835176,0.15590934993181318,0.1885422187749219
0.07795242764572598,0.087593984035076,0.05516209493680469
0.035831372790012535,0.07477457547113901,0.030133255826525273
0.1407903908156247,0.10671851750082026,0.09250117097810047
0.30224996196729204,0.15585822248307832,0.18844239664333717
0.16826433213836048,0.11508012382535923,0.10882651846637056
0.058371833290189676,0.0816346926586328,0.04352706947300408
0.0731034460970854,0.08611821198226419,0.0522807715833092
0.2749042338135782,0.14753563742718057,0.17219323496737052
0.08368302030749343,0.08933807161541656,0.05856728225296422
0.23513123199751834,0.13543085130914928,0.1485596373094527
0.1031994896134139,0.09527784673774324,0.07016420383842469
0.17408224128766697,0.11685078589990366,0.11228359029315703
0.16416226703099965,0.113831673406744,0.10638902187603778
0.15681277361810644,0.11159487855152071,0.1020218641967373
0.07563701567777854,0.08688929579512973,0.053786249203161766
0.09603342593508846,0.09309687813659295,0.06590604232102633
0.1587866116468508,0.11219560985362564,0.10319474257360678
0.1407271984729897,0.10669928511309593,0.0924636213255043
0.03357776138515037,0.07408869603525517,0.028794132733274018
0.0732900670117604,0.0861750094618142,0.05239166398294193
0.28619318831513885,0.15097139468708135,0.17890126796679803
0.14546926126436419,0.10814251678349703,0.09528141226314163
0.20416737961458742,0.12600710169580395,0.1301605425531231
0.11032570175167639,0.09744668664991099,0.07439868508979115
0.17214092619634044,0.1162599528499648,0.1111300374381867
0.0786068382400865,0.08779315181010947,0.05555095360937179
0.06578072793341082,0.08388956608865429,0.04792952408021704
0.12191575410006772,0.10097408207816887,0.08128563406344076
0.3153155566382088,0.15983469450618004,0.19620613067181064
0.1466272793567105,0.10849495589265677,0.09596952058852457
0.02077418411268358,0.07019196817081906,0.021186092604973623
0.21236573180549168,0.1285022440099334,0.13503210236230767
-0.009819172469827608,0.06088097777143664,0.003007150924380403
0.16369013737483065,0.11368798225327434,0.10610847673670253
0.09186931043536985,0.0918295428791743,0.06343167463873299
0.08462898299937675,0.0896259723404824,0.059129384700316784
0.12119323763841851,0.10075418649987007,0.08085630606263236
0.12139785808252782,0.10081646207873574,0.08097789399987261
0.05709870063275448,0.08124721879911881,0.04277055868384797
0.1166584143041492,0.09937402749657787,0.07816165931136347
0.2485445511621746,0.13951315217172805,0.15652999342842977
0.27053333378678524,0.14620536795915512,0.16959599342362333
0.326181958982661,0.1631418493661624,0.2026630780801439
0.0902612104687991,0.09134012278858669,0.062476122232117924
0.10959743821991783,0.09722504196917328,0.07396594211056828
0.1498762047919177,0.10948375597590154,0.09790007129001217
0.16849675598927874,0.11515086128231818,0.10896462752346706
0.09320635198134886,0.09223646720487255,0.06422616086071163
0.023624460572754323,0.07105944071126209,0.022879761274557094
0.18625523332188182,0.1205555971603697,0.11951692906301352
0.15311428402585675,0.11046925505241961,0.09982417704781478
0.049136203998882994,0.07882385837074796,0.03803914709294661
0.14365599479538346,0.1075906549229436,0.09420394744485423
0.09049981975859657,0.09141274276412015,0.0626179067516418
0.1494438700755818,0.10935217628531527,0.09764317278416924
0.1326859945150664,0.10425197036194168,0.08768544089281485
0.22777451008428995,0.1331918564829275,0.14418818436801978
0.18762967120572518,0.12097390294210035,0.12033363664024839
0.0831082989015241,0.08916315699044323,0.05822577585782468
0.22372053457007715,0.13195804197844951,0.14177926319427867
0.1517935090683536,0.11006728141098884,0.099039356629013
0.1855977694008716,0.12035550011511872,0.11912625606690398
0.09996380522028092,0.09429307652337865,0.0682415211239298
0.15606678707997257,0.11136783993037748,0.10157858999324594
0.1711467191070356,0.11595736909657542,0.11053926758767493
0.20402302473140255,0.12596316774799352,0.13007476513946623
0.11684670530119678,0.09943133326036603,0.07827354409409648
0.13774349098860766,0.10579120326641385,0.09069066633103531
0.1873313786990546,0.12088311857006435,0.12015638763300415
0.08672353456568642,0.0902634424223388,0.060373992517972944
0.26778312116094993,0.14536834952718422,0.16796178389190852
0.24046546857295514,0.13705430918007527,0.15172930505590668
0.11721894111576563,0.09954462204207938,0.07849473110723872
0.1333947141640741,0.10446766692436242,0.08810657066105244
0.28613367307943494,0.15095328141511127,0.17886590329551566
0.09677559051377961,0.09332275355658222,0.06634704547009353
0.23148865811592403,0.13432224557806213,0.14639517595058987
0.11065330683682797,0.09754639221162031,0.07459335198491171
0.19229906233250177,0.12239501722340258,0.12310824519778331
0.2176736960968713,0.13011770599508696,0.1381861588005221
0.12635389230448257,0.10232481527087978,0.08392282934375844
0.29022901749147784,0.1521996864115637,0.18129940636758557
0.3931652885409407,0.1835280118571509,0.24246538085551253
0.07160797733002444,0.0856630708376458,0.051392145994670964
0.20534059783700942,0.12636416691602245,0.13085768297923167
0.2954093929174733,0.15377631713289575,0.18437764796225217
0.24294439158124442,0.13780876148310198,0.1532023110229646
0.0893859081770992,0.0910737273307168,0.06195600704728063
0.06625430565640548,0.08403369795663904,0.04821092967833509
0.2571267800639842,0.14212512613720435,0.16162965741184132
0.10607959789815999,0.09615439849878099,0.07187559893823928
0.11430894407477361,0.09865897373350511,0.07676557574776642
0.19661876257584446,0.12370970420080256,0.12567506321232785
0.10901145894897053,0.0970467010489374,0.07361774615619972
-0.004737228332895465,0.06242765124420693,0.006026903459221164
0.1011093643573609,0.09464172378928129,0.06892222618773948
0.13765330305208337,0.10576375485587884,0.0906370755707686
0.11683701811483697,0.09942838499612602,0.07826778785105698
0.07058401387939273,0.08535143083069086,0.050783694555160276
0.26226105800097926,0.1436877272349361,0.16468050732224132
0.148523320321824,0.10907200990683127,0.09709617101133297
0.12236640784761971,0.10111123710741793,0.08155341795870569
0.14880142408919433,0.10915664990051863,0.0972614236260483
0.23595821613475623,0.13568254129097565,0.14905104126380717
0.24537332749055438,0.13854800037214998,0.15464561405256702
0.09528076828399455,0.09286780918351957,0.06545880406170734
0.1379875327461773,0.10586547659616917,0.09083567888846834
0.3202693583832451,0.16134236825110176,0.19914973945097028
0.1373849750515909,0.10568209008562941,0.09047763183470563
0.08542067344989744,0.08986692080143975,0.059599816720101326
0.1894951248101209,0.12154164779069775,0.12144211168419143
0.07792595248346842,0.087585926403971,0.055146363075890305
0.19313626350211155,0.12264981672641123,0.12360572023607189
0.19756925533916467,0.1239989836386465,0.12623985748279684
0.12046512182369842,0.10053258677634139,0.08042365085865662
0.17377059774351844,0.11675593818223763,0.11209840793832361
0.18353844861337945,0.11972875240831267,0.11790258280318444
0.09193167935078207,0.09184852465945258,0.06346873500093624
0.17696771662058264,0.11772897110491623,0.11399817455776347
0.23224442695544437,0.1345522614113998,0.14684426291561764
0.1645067665348218,0.11393652073083639,0.10659372763861379
0.10060038386082117,0.09448681720019958,0.0686197838343416
0.1295541217076119,0.10329879487223535,0.08582444427532396
0.07815612186293205,0.08765597771974086,0.05528313249884134
0.15989598280783365,0.11253324342454182,0.10385394430530452
0.12422182345129637,0.101675926922545,0.08265592830148331
0.10899743864736956,0.09704243401490831,0.07360941512379193
0.19272565789822474,0.12252485022182344,0.1233617334310722
0.10937884117658468,0.09715851265695742,0.0738360491094003
0.08488586728834357,0.08970415425366567,0.059282028444889
0.08785202578102223,0.09060689512075197,0.061044555616707075
0.011934674013863842,0.06750169149446379,0.015933549029440813
0.30319180290739545,0.15614486876614955,0.18900204989604127
0.15080237831840043,0.10976563393165939,0.09845041477646911
0.09019961468229042,0.09132137630762183,0.06243952127243916
0.13210834550340936,0.10407616472952437,0.08734219487904571
0.2004914736013919,0.12488835143688465,0.12797627483941226
0.18566768840110803,0.12037677973960798,0.1191678027806239
0.1652783713598673,0.11417135619580862,0.10705222453734818
0.07892233535569713,0.08788917234994646,0.05573842580287252
0.17962666082560041,0.11853821228440715,0.11557815129240528
0.2189704847281774,0.13051237947472158,0.1389567262548317
0.3083071061993677,0.15770169499124925,0.19204162484338333
0.1839867711226686,0.11986519793263947,0.1181689814485402
0.22339618845516102,0.13185932827392632,0.14158653281860112
0.15098368366828233,0.1098208136360357,0.09855814860335377
0.08172497261728233,0.08874214605242965,0.05740378668580825
0.08744579083624107,0.09048325881230877,0.060803165910093035
0.13038266035580018,0.10355095796450643,0.08631677193884485
0.11758126036335786,0.09965489274829452,0.07871002557661035
0.09033590228225483,0.09136285500354076,0.06252050500905064
0.07851541717869376,0.08776532810195796,0.05549663011142693
0.11874588026287006,0.10000934109638736,0.0794020567754817
0.18506698716196798,0.12019395823535586,0.11881085885509092
0.19597534412261536,0.12351388184882739,0.12529273620267378
0.14465495054988714,0.10789468391742499,0.09479753900953394
0.14044332592597056,0.10661288940974065,0.09229494083230423
0.07655632196908628,0.08716908372978718,0.05433251209560432
0.11930887715737684,0.10018068740373012,0.07973659632441918
0.1069149163299847,0.09640862499655574,0.07237195523101526
0.10531557367153203,0.09592187016473423,0.07142160652256668
0.08754928356944103,0.09051475649523316,0.06086466254110623
0.12108484685675387,0.1007211981115335,0.08079189895211214
0.1068088949920173,0.09637635774084348,0.07230895607253421
0.09651054362139054,0.09324208738110824,0.06618955140806211
0.1708622116344256,0.11587078015564378,0.1103702098140266
0.18040512220727542,0.1187751345204983,0.11604072243983392
0.24411499308828613,0.13816503031434899,0.15389789656521577
0.17302972285930895,0.11653045527664634,0.11165817114128129
0.027657952507217996,0.07228702110364199,0.025276510858016556
0.036830089382680745,0.07507853167747942,0.0307267052783559
0.1456645506690073,0.1082019524902928,0.09539745558412455
0.1420439502453328,0.1071000343109679,0.09324605111913231
0.16527384336708056,0.11416997811566068,0.10704953394939075
0.1961123419508987,0.1235555767004675,0.1253741419655234
0.12607526653061257,0.102240016406181,0.0837572665464814
0.10293176752068844,0.09519636637358829,0.07000512014006885
0.17474231707151572,0.1170516778572705,0.11267581528968508
0.23124604433444212,0.13424840684826972,0.14625101191378082
0.05792303763215765,0.08149810313299687,0.04326038967695553
0.1886217836619036,0.12127584920058551,0.12092316183447877
0.30123098204351756,0.15554809919661106,0.18783690647562598
0.08388222574667045,0.08939869915481967,0.058685652528925374
0.09497314137667723,0.09277418391644897,0.06527600844095151
0.1688930126491812,0.11527146073161663,0.10920008801278872
0.1230838463536068,0.10132958722612355,0.08197972857697906
0.08755407239177104,0.0905162139580199,0.06086750811712603
0.252503934239815,0.14071817777014375,0.15888270663482254
0.23069959134675955,0.1340820956261485,0.1459263029539298
0.04068521263143819,0.07625182612984868,0.03301746603622334
0.10495489442524049,0.09581209858767882,0.07120728656175915
0.13115723468862256,0.10378669718968973,0.08677703335493647
0.10518062786018287,0.09588079983789648,0.071341420092943
0.161163468679527,0.11291899870284407,0.1046070997062277
0.0757716782552097,0.08693027992062892,0.05386626733177342
0.05828762074868064,0.08160906284049309,0.04347702936456616
0.22718880383747092,0.13301359865671353,0.14384015064788302
0.0746236924188865,0.0865808940965595,0.05318412029398819
0.09594088454406068,0.09306871345969402,0.0658510531096921
0.10208811639406194,0.09493960384675457,0.06950381245948316
0.06974668992924969,0.0850965939598189,0.05028614655919722
0.05469806053548833,0.08051659165012534,0.04134406936723467
0.2629466096768652,0.1438963726987065,0.16508787040126024
0.16549323156517204,0.11423674821330118,0.10717989706426374
0.009901022828241984,0.06688275624903055,0.014725128952932234
0.10392256781232777,0.09549791327898507,0.07059386563029489
0.1725860114473813,0.11639541312507935,0.11139451246562433
0.14797886244109948,0.10890630588914306,0.09677264756811298
0.1250734094037718,0.10193510438829195,0.0831619509513455
0.13295021349121788,0.10433238456375199,0.08784244299702695
0.22582117364927937,0.1325973647754191,0.1430274882855596
0.019131759949518018,0.06969210162058628,0.020210144346518986
0.19260095037789113,0.12248689588616815,0.12328763071752522
0.285148616312869,0.15065348253323288,0.17828057067720085
0.046769627623472046,0.07810359840674462,0.036632898850939045
0.13985859866950487,0.10643492953611498,0.09194748884004987
0.10890084810553977,0.0970130369918904,0.07355201985818625
0.20030314830521967,0.12483103523426747,0.12786436967572545
0.17050642184418918,0.11576249666892807,0.11015879522701279
0.08046708057755415,0.08835931062625546,0.05665633205561666
0.07276286438256822,0.08601455702483829,0.052078393818417876
0.05279274500834145,0.0799367149526071,0.040211907887740914
0.09643342206284476,0.09321861568099353,0.06614372484727452
0.06488296037834065,0.08361633339960323,0.04739605976477537
0.09370503820010155,0.09238824076337662,0.06452248623001758
0.08289837771421633,0.089099268147309,0.05810103815500683
0.07813705524204706,0.08765017485454911,0.05527180288261637
0.1918022909541885,0.12224382644047281,0.12281305764977471
0.06354057310378529,0.08320778211848015,0.04659839704636465
0.22161714367920257,0.13131788167638336,0.1405294029432933
0.1008957455777048,0.09457670959572133,0.06879529133092592
0.11634694670682526,0.09927923332776623,0.07797658150625648
0.10093319456411613,0.09458810707517085,0.06881754397058414
0.11190056961059221,0.09792599265463495,0.07533449057699394
0.0923081450595094,0.09196310079594802,0.0636924354682335
0.16228922562784995,0.1132616192358216,0.10527603807050599
0.04959755335159396,0.07896426857327887,0.03831328644587096
0.21224946502301187,0.1284668585858946,0.13496301523705595
0.10257413957451936,0.09508752344998318,0.06979261329861706
0.15434512965528455,0.11084385898997096,0.10055556037461114
0.11018648842769121,0.09740431751922743,0.0743159628526589
0.06010753676890934,0.08216294847073849,0.04455844542645151
0.1819565729123632,0.11924731358921971,0.11696261317163512
0.21212894570933538,0.12843017891756356,0.13489140120644744
0.1132947885652227,0.098350318742104,0.07616295230520773
0.1898260725260456,0.12164237067141086,0.12163876481085628
0.18300341797802727,0.11956591754265479,0.11758466114293241
0.3132885157862952,0.15921777109470606,0.19500163853536495
0.07405680047415458,0.08640836234311651,0.05284726625920176
0.05013273593583683,0.0791271496840966,0.03863129839598764
0.1285846117982865,0.10300372762672098,0.08524834978720018
0.0752557923202451,0.08677327168340988,0.05355972168352901
0.16041280354606818,0.11269053616615148,0.10416104542493315
0.07229378235927186,0.08587179340870295,0.051799659619314285
0.09064208214406971,0.09145603986693275,0.06270244077790606
0.09618915758331786,0.09314427456652163,0.06599857994576683
0.07693204474355356,0.08728343375661275,0.05455577110239829
0.2820891905582957,0.1497223560727667,0.17646262297281975
0.07450082850487684,0.08654350085660252,0.0531111130735674
0.10867071039820993,0.09694299531543336,0.07341526925519924
0.1479366782423966,0.10889346726295072,0.09674758120816666
0.1467198634542241,0.10852313356713858,0.09602453517656792
0.11527177192689313,0.09895200731624286,0.07733769967685958
0.06218482023848468,0.0827951630624865,0.045792792332637666
0.16262753861539037,0.11336458371343557,0.10547706773044851
0.24574479134534574,0.13866105421036967,0.1548663423578934
0.06451954085465157,0.08350572782787087,0.04718011149806844
0.08275268168178984,0.0890549260250091,0.05801446381428589
0.07052094418652807,0.08533223577103229,0.05074621778253776
0.18705036189212537,0.12079759200208781,0.11998940405502838
0.25554302233986137,0.1416431145303877,0.1606885694594499
0.1532552814604908,0.11051216717148277,0.09990795942502523
0.1995516990530127,0.12460233405353734,0.12741784946160797
0.17837198153703168,0.11815635464879064,0.11483260571772388
0.2560345930093966,0.1417927224942056,0.16098066668354072
0.12101354062441198,0.10069949628738221,0.08074952792833423
0.4245021777934898,0.1930652940507563,0.2610861386215617
0.14031714969576192,0.10657448807692388,0.09221996539362512
0.21454970052326056,0.12916692791635093,0.13632984293044312
0.1425292975858561,0.10724774822447042,0.09353445036602129
0.1450184775645098,0.10800532220367963,0.09501355114865058
0.06791840362850592,0.08454016086142258,0.04919975677561752
0.10023630483562054,0.09437601091128812,0.06840344368387809
0.12730766767687776,0.10261509376031541,0.0844895741801544
0.03917938338290915,0.07579353180577376,0.032122684124467005
0.2985643254656774,0.15473651078107534,0.18625234695598056
0.16096615265260683,0.11285894620002887,0.10448985214183068
0.1712344551394935,0.11598407127793607,0.11059140139695606
0.22103972177081377,0.13114214516212097,0.14018629187702686
0.1558798828373532,0.11131095622087207,0.10146752923672941
0.1648070816965145,0.1140279206914705,0.10677217853188127
0.05836935455817569,0.08163393826445836,0.043525596580528264
0.18324873208766657,0.11964057810870038,0.11773042974731981
0.26267713669590664,0.14381435945730772,0.16492774630398646
0.07322286591036478,0.08615455702115976,0.05235173227751278
0.15821209316713372,0.1120207569886094,0.10285335675969545
0.09224890578642415,0.09194507151232004,0.06365723477726938
0.15442111051817906,0.110866983523006,0.10060070912027673
0.13585183425818292,0.10521548358006927,0.08956662107338799
0.11226659402503661,0.0980373910165518,0.07555198670122326
0.19130753140001572,0.12209324794979688,0.12251906555194893
0.08762200824595726,0.0905368900183402,0.06090787642153038
0.07119654519469769,0.08553785278085328,0.051147668054715226
0.028209679820347954,0.07245493754987353,0.025604353885699142
0.04493335314750264,0.07754473413272275,0.03554176239723941
0.1866340967195692,0.12067090302584518,0.11974205426602605
0.09963066863420783,0.09419168746702432,0.06804356734420774
0.06718140815152132,0.08431585864103419,0.04876182516916461
0.22487582282904725,0.13230965027153704,0.142465749419726
0.15021088795533724,0.10958561572813351,0.09809894406465774
0.10788101037271641,0.09670265263397809,0.07294601996998633
0.20008751151489662,0.12476540686560407,0.1277362356926202
0.08947745805511033,0.09110159024379488,0.062010407089614694
0.14492755266403445,0.10797764950051904,0.09495952247551041
0.16683812738927561,0.11464606296347007,0.10797905039308903
0.09194505212398872,0.09185259462028218,0.06347668126415772
0.09766125603946828,0.09359230303162942,0.06687331861362987
0.180632260273562,0.11884426326578094,0.11617569061991351
0.3789455275335372,0.17920027299448751,0.23401582726147063
0.09850682229968268,0.0938496484232562,0.06737576428970535
0.19878593715608106,0.12436927686508163,0.12696282450127067
0.0943203665936875,0.09257551399538333,0.06488812178724193
0.07244041469703195,0.0859164204925419,0.05188679032396389
0.11046898920404405,0.09749029572855991,0.0744838282231744
0.12814986910597478,0.10287141507633457,0.08499002043297339
0.20694955716396596,0.12685384855019938,0.13181374602815854
0.06124186111207368,0.08250817646298267,0.04523247464013558
0.16561166206112918,0.11427279215662857,0.10725026989417538
0.17337125965888597,0.11663440091116083,0.11186111642924079
0.16615943499643587,0.11443950510059503,0.1075757631828341
0.018160295829638927,0.06939643961732936,0.019632888642901088
0.11394660618641472,0.09854869735403239,0.07655027020182616
0.18743410308228836,0.12091438240812975,0.12021742770119473
0.2469035211102254,0.13901370991479275,0.15555487356768416
0.19162702220811975,0.1221904839571936,0.12270891084572513
0.1484072508870301,0.10903668454493086,0.09702720115245766
0.10065586134650191,0.09450370159584175,0.06865274922583291
0.09471339242212053,0.09269513015143942,0.06512166247751505
0.09067235159594944,0.09146525227796985,0.06272042725150338
0.15821540575623513,0.11202176516452629,0.10285532514011546
0.1503572248728988,0.10963015290177834,0.09818589922706014
0.11376820552975754,0.09849440168376489,0.0764442623787092
0.17192804666554365,0.11619516364443484,0.11100354185196668
0.08087785902520976,0.08848432973529231,0.05690042156646959
0.17690344229888855,0.11770940942031971,0.11395998198015304
0.1317477104636845,0.10396640660659662,0.08712790118631364
0.12655214509630475,0.10238515287510216,0.08404063354516499
0.061948645463581926,0.08272328402378867,0.04565245443124382
0.1747239491537203,0.11704608764013334,0.11266490085126793
0.2829190814477997,0.14997493071536494,0.17695575415444928
0.14921043080037139,0.10928112978721503,0.0975044603497044
0.14948505331360895,0.10936471027232163,0.09766764436120245
0.07034981225073454,0.08528015231275252,0.05064452912107653
0.0886157427939921,0.09083932995530272,0.06149836548231697
0.10576627931653071,0.09605904098880555,0.0716894212559207
0.11305186685988476,0.09827638629666918,0.07601860529632773
0.1912279867990862,0.12206903880446877,0.12247179919013598
0.06536048185468055,0.08376166553632725,0.047679808788724284
0.12500312356351787,0.1019137131172149,0.08312018625686023
0.10358181782226863,0.0953942071074354,0.07039138787404595
0.11522900011147998,0.09893898985078092,0.07731228414797263
0.09673026677640621,0.09330895942181931,0.06632011355838156
0.24959222901375383,0.13983200958089786,0.15715253625116796
0.23958866636372447,0.1367874572270938,0.15120829860197185
0.16570334260354896,0.11430069483700228,0.10730474757887792
0.15556083580137012,0.1112138552741037,0.10127794763770265
0.11095203358855506,0.09763730874475286,0.07477085902580914
0.1282992947193864,0.10291689228469991,0.08507881093572399
0.2192809446737099,0.13060686696792778,0.13914120530108418
0.260729119715102,0.14322148670870344,0.16377021110541032
0.09758613723497561,0.0935694408633166,0.06682868211347008
0.15263598801879488,0.11032368718974311,0.09953996778836358
0.06254406466157336,0.0829044979556811,0.04600625970418274
0.19221643823675535,0.12236987084365916,0.12305914896298685
0.07407884238655955,0.08641507072878284,0.052860363829553635
0.16761695345832936,0.11488309619100086,0.10844183824215918
0.0684522094654983,0.08470262296361034,0.049516950645903515
0.05054126495532851,0.07925148418685382,0.03887405126947968
0.09845370910712853,0.09383348359267868,0.06734420378972214
0.16257894152969907,0.11334979334556304,0.10544819075566347
0.23595384969112929,0.1356812123777989,0.14904844667030984
0.0865954204432055,0.09022445129819621,0.060297865560319235
0.17442157652198687,0.11695406149506123,0.11248522738447238
0.16472323185485832,0.1140024012598729,0.10672235394407316
0.04948576291321006,0.07893024551027415,0.03824685921830125
0.1791128693973423,0.11838184150361708,0.11527285022532238
0.0406363648485161,0.07623695946307446,0.032988440094118124
0.08969677205018874,0.09116833775798538,0.06214072611216184
0.07685281176828489,0.08725931945355977,0.05450868991231371
0.0578449862038302,0.08147434842998298,0.04321401057632213
0.04101666109176338,0.0763527014105214,0.033214416711253775
0.013982630769079405,0.06812498059432875,0.017150469648040793
0.07812081262741995,0.08764523146664568,0.05526215132498978
0.15582967126322184,0.11129567448859744,0.10143769291342954
0.03129555871215256,0.07339411493819828,0.027438020363458392
0.13148500965277038,0.10388645445352925,0.08697180119420674
0.28188238969835977,0.1496594168913058,0.1763397394061824
0.06036743507131352,0.08224204768928874,0.044712880134181274
0.16406395709948732,0.11380175309296581,0.1063306049283332
0.2736351627420106,0.14714939969835744,0.17143913762155183
0.16381130351038678,0.11372485877977917,0.10618047511667751
0.10392274219218627,0.09549796635093827,0.07059396924891122
0.16949977031651214,0.11545612549045181,0.10956063074104119
0.12419783928224395,0.10166862741726916,0.0826416766187925
0.08744074622072731,0.09048172349968324,0.060800168338676644
0.0976348273749127,0.09358425955195174,0.06685761438221108
0.1461740585414329,0.10835701958454136,0.09570021131063812
0.1339389115269705,0.10463329165428159,0.08842993930143499
0.22021208384062702,0.13089025620049777,0.13969449943101228
0.11694832577615699,0.09946226112747293,0.07833392820666912
0.11242216327939022,0.09808473802242293,0.07564442782956292
0.07895206137556539,0.08789821936918617,0.055756089362610756
0.13261635503511526,0.10423077580855887,0.08764406027342174
0.08499227320899867,0.08973653855589102,0.05934525612704417
0.16538031103822198,0.11420238121144939,0.10711279832443009
0.0902578760776887,0.09133910797729816,0.06247414089668076
0.2112086590425922,0.1281500926087725,0.13434455576309023
0.12851730364922578,0.10298324260645159,0.08520835447275663
0.23517506729678703,0.1354441924425271,0.1485856847732807
0.1966415811364466,0.12371664895686806,0.12568862227641084
0.18217314478751098,0.11931322654796415,0.11709130279342761
0.11480534693754788,0.09881005235990742,0.0770605443193944
0.11279512178790319,0.09819824675373073,0.07586604427616811
0.08869526817787365,0.09086353325198365,0.06154562042512814
0.13369411006849638,0.10455878711198127,0.08828447532055647
0.08823400421563186,0.09072314903776918,0.061271531812251194
0.12323131784853773,0.10137446970476827,0.08206735791894645
0.07846495063651819,0.08774996877097312,0.05546664228303804
0.11678700498603037,0.09941316366005243,0.07823806944636395
0.12006211023784592,0.10040993148689682,0.08018417651081709
0.1251105307039345,0.10194640213747799,0.08318400887588039
0.15287789443177216,0.11039731063418944,0.09968371149827067
0.11713892484147437,0.09952026934446961,0.07844718447142184
0.09549276773959835,0.09293233054097431,0.06558477669662718
0.21187506696796873,0.12835291173319624,0.13474054339453015
0.09593938191583977,0.09306825613959246,0.06585016022986985
0.15131571027346669,0.1099218648732504,0.09875544281903674
0.011351619678574497,0.06732424076905688,0.015587091107137968
0.05179295780810105,0.07963243291027049,0.03961782226797057
0.31924667361601167,0.1610311174073565,0.19854204782056603
0.34517865887056337,0.16892343432560195,0.21395114640486407
0.15748818534118866,0.11180043795302956,0.10242320199343123
0.16059858197203386,0.11274707723695261,0.10427143720760768
0.10918664818898237,0.09710001933480206,0.07372184571679061
0.09751147271495066,0.09354671695503115,0.06678431555462302
0.11843454884935069,0.09991458837468177,0.07921705989243483
0.12670654889790212,0.10243214517914767,0.08413238214741248
0.17296830884716866,0.11651176411813009,0.1116216781941258
0.12798696027999118,0.10282183429527135,0.0848932180425973
0.19788566786429757,0.12409528278044929,0.12642787362368313
0.3663089375762793,0.17535436718628916,0.2265070130110631
0.06726104447950405,0.08434009570319807,0.04880914603629964
0.03891665133577335,0.07571357014606221,0.03196656557142036
0.1990104797827378,0.12443761569659924,0.1270962504398006
0.16370515281051382,0.11369255215318408,0.106117399089791
0.09731393811568385,0.09348659793042015,0.06666693811190004
0.1684582113910855,0.11513913035692085,0.10894172385806605
0.24194337115344083,0.13750410411189368,0.15260749260449374
0.11875681968535544,0.10001267047469407,0.07940855711233899
0.31267976143978043,0.1590324986529362,0.1946399093562454
0.2100829945201853,0.12780750020532733,0.1336756723194067
0.13948618158869242,0.10632158558659896,0.09172619411631837
0.036382642744583284,0.07494235272175341,0.03046082708623241
0.1716854773445829,0.11612133844606015,0.11085940423413607
0.13514956736128572,0.10500175089215122,0.08914932560832589
0.07160390740852497,0.08566183217003165,0.05138972759820036
0.13039119616879513,0.10355355581193891,0.08632184402193623
0.09527565425941852,0.09286625274646755,0.06545576524658828
0.16187453445587277,0.1131354093016298,0.10502962357164244
0.09354803762168376,0.09234045813859654,0.0644291945916457
0.037286798155254076,0.07521752953426175,0.030998087142560204
0.10796999426901487,0.09672973459871446,0.07299889527502063
0.14827325253790638,0.10899590257519642,0.09694757771632247
0.16798451948342147,0.11499496373719632,0.10866025041003925
0.1260183331133798,0.10222268890241956,0.08372343602289194
0.07402518913529726,0.08639874153306203,0.052828482420168583
0.1729724095002166,0.11651301213879293,0.11162411485165358
0.1362008477969469,0.10532170473628406,0.08977400913000126
0.15188127267614618,0.11009399198481463,0.09909150682389077
0.18917773211993538,0.12144505033879076,0.12125351311740233
0.30602632348059006,0.1570075460527261,0.19068635622750152
0.16334358541191993,0.11358251026981123,0.10590255137816731
0.1485344260005244,0.10907538988468625,0.09710277013963961
0.08765988423839488,0.09054841745571059,0.06093038279332259
0.19301758240090858,0.1226136965121775,0.12353519849349881
0.10688337592114126,0.09639902577382435,0.07235321353945222
0.24666853883321513,0.13894219380902106,0.1554152442629288
0.20392198313798712,0.12593241606163677,0.13001472500529335
0.08533123553013983,0.08983970065611317,0.05954667162884861
0.06764709019826506,0.08445758748516091,0.049038539061169915
0.10618701828316567,0.09618709154999253,0.07193942942735429
0.18537393119106738,0.12028737567062121,0.11899324870136857
0.19099993776645177,0.12199963280948674,0.12233628970285897
0.11477069909540806,0.09879950739977357,0.07703995615346648
0.14928261845748086,0.10930309987018001,0.09754735512671624
0.062115543350766675,0.08277407886289234,0.04575162716992529
0.13524414742133392,0.10503053603145779,0.08920552622139453
0.2043595207265616,0.1260655792297776,0.13027471512060845
0.21910914975534018,0.1305545817330179,0.13903912268737545
0.10205421381656808,0.09492928570553641,0.06948366713880154
0.1862435789110769,0.12055205017765072,0.11951000387146836
0.12888868338977932,0.10309627084477165,0.08542903279638772
0.2747354768715777,0.14748427679067905,0.17209295755588255
0.3095779181598419,0.15808846255405282,0.19279675664639953
0.07672458138119778,0.08722029294465553,0.05443249386882797
0.12525330631060524,0.1019898554375236,0.08326884786437382
0.05542553549017408,0.08073799632994866,0.04177634376444408
0.10480499766602312,0.09576647798759183,0.0711182160984847
0.11804693882733686,0.09979662050201829,0.07898673733969375
0.2731759746065724,0.1470096472554033,0.17116628249001262
0.10622409660746271,0.096198376219611,0.07196146181511111
0.3186430015275127,0.16084739173458715,0.19818333858049184
0.2833481513152576,0.15010551675961897,0.17721071264768892
0.1716243917403747,0.1161027472374497,0.1108231064309372
0.06944536942293504,0.08500488802575874,0.05010709827802241
0.2897656344931714,0.15205865727548876,0.18102405859790666
0.24309711121566185,0.1378552412162434,0.1532930588727493
0.12504498600469408,0.1019264538175312,0.08314506142460101
0.14273172285418012,0.10730935570859447,0.0936547339033186
0.18658912609770414,0.1206572163606598,0.11971533217981031
0.14308824984376944,0.10741786355957951,0.09386658654308432
0.008252462533004145,0.06638102218659245,0.013745534530749622
0.17989380295401394,0.1186195161382755,0.11573689036896802
0.2144255827822158,0.12912915307813924,0.13625609067086694
0.07174239575360858,0.08570398065570102,0.0514720190441201
0.14544096403491727,0.10813390461206047,0.09526459770791465
0.11832258840584356,0.09988051357116046,0.07915053164576917
0.1818903672866545,0.11922716411841218,0.1169232729898725
0.529279390786952,0.22495390429935824,0.3233460230290183
0.11329158390267621,0.09834934341328956,0.07616104805604884
0.3383854641923381,0.16685594721415972,0.2099145481470916
0.07992983604489229,0.08819580196801961,0.05633709487086589
0.12114398740726494,0.10073919734926137,0.0808270409809313
0.1751566709594161,0.11717778514013064,0.11292202937027983
0.1880894792572713,0.12111384405454291,0.12060686013342017
0.1264980035670374,0.1023686750735292,0.08400846199509668
0.03175465290487919,0.07353383878998827,0.027710819673104754
0.06640396997734803,0.08407924781487924,0.0482998620239816
0.31351299553680495,0.15928609079006922,0.1951350271121292
0.11512144351768584,0.09890625534485947,0.07724837272195204
0.08205666415807136,0.08884309531386554,0.05760088180218377
0.07311156377160107,0.08612068257058544,0.05228559520347005
0.08510528621625083,0.08977093370382752,0.05941240981978927
0.12158374342891257,0.10087303569042512,0.08108834931595058
-0.0018327427362959134,0.06331162216227695,0.007752783851923499
0.08655761625799976,0.09021294571512786,0.06027540185725084
0.08281687859911413,0.0890744641518329,0.05805261039728551
0.012988042954859702,0.06782228096852719,0.01655947356618999
0.060295679009688026,0.08222020896103116,0.04467024181641464
0.11744909075809133,0.0996146673509141,0.07863148880214411
0.30280020639563665,0.15602568761805985,0.18876935852298493
0.1503705432909506,0.1096342063197901,0.09819381319179257
0.1498876694846181,0.10948724521852118,0.09790688374877014
0.04928386719252783,0.07886879919228415,0.03812689034460326
0.3274721969877896,0.16353452918363426,0.20342975307332603
0.21912287408731107,0.13055875868963485,0.139047277851057
0.17542167344510481,0.11725843780056709,0.11307949704531445
0.07448847075474842,0.08653973981480599,0.05310376994930829
0.14518110721594,0.10805481801885898,0.09511018765013762
0.2101412083465766,0.12782521739752828,0.13371026367757022
0.1106277147163474,0.097538603331461,0.07457814483807752
0.091147218251913,0.09160977642858867,0.06300259874914656
0.09006810808199342,0.09128135269368727,0.06236137846352688
0.1632393674972441,0.11355079188021987,0.10584062383556972
0.053122903752386916,0.08003719771224792,0.040408092197793885
0.1590061094983008,0.11226241332391568,0.10332517084582844
0.23434727094496427,0.1351922552657849,0.14809379819121793
0.15230602001262566,0.11022326248056605,0.09934389681705875
0.23177179509170615,0.13440841741265963,0.1465634193584839
0.14154298923372932,0.10694756842652259,0.09294837404046227
0.2536739802914484,0.14107427755031074,0.15957796211876674
0.20427732431777593,0.12604056301519506,0.1302258730225655
0.26050835456316623,0.14315429753955666,0.16363902978794573
0.026169647511510994,0.07183406022996312,0.024392142068769124
0.04056331507640105,0.0762147269981599,0.03294503303796616
0.1351397886499569,0.1049987747725792,0.08914351498004534
0.02379431593440997,0.07111113564827867,0.02298069138026001
0.19717282668254849,0.12387833184269761,0.12600429479095232
0.036237335775752146,0.0748981290097164,0.030374483931794916
0.04547359027114711,0.0777091535764694,0.03586277781566663
0.29699689283200903,0.15425946766341667,0.18532095956934752
0.12330125527998942,0.10139575493873873,0.0821089155847168
0.09626381029268247,0.0931669948802702,0.06604293948657675
0.0939279370431784,0.09245607931460972,0.06465493541250704
0.21876363205632238,0.13044942452446848,0.13883381190092672
0.12358276878447097,0.1014814326750295,0.0822761943063722
0.1495236847267508,0.10937646761957168,0.09769059961309365
0.1565965932928564,0.1115290847597374,0.10189340723861941
0.10365281355534883,0.09541581443212771,0.07043357439541549
0.11130971699619374,0.09774616854787901,0.07498339882313546
0.0450985283879879,0.07759500468980346,0.035639911518463435
0.09837879623627697,0.09381068409961182,0.06729968965781678
0.1331765898383915,0.10440128148225447,0.08797695855441717
0.0419055355101655,0.07662322750182085,0.03374259661756514
0.06499984999228865,0.08365190838041056,0.047465516984001734
0.05191016813307433,0.07966810549845453,0.03968747005755877
0.30965851891667917,0.15811299313705918,0.1928446505887983
0.13130023984224246,0.10383022035161615,0.08686200874299722
0.10161986233527176,0.09479709221897337,0.06922557024688092
0.23988574851352779,0.1368778732308817,0.1513848284005591
0.16789054832965833,0.11496636391657365,0.10860441161643344
0.11751768082319118,0.09963554251823749,0.07867224584656846
0.06782015442772507,0.08451025903084879,0.04914137591484662
0.10660967742389069,0.09631572651003333,0.07219057858940466
0.16294750060881197,0.11346196312457925,0.10566719300822665
0.10591402337056469,0.09610400641994299,0.07177721255579614
0.3170309799960238,0.16035677812823734,0.19722545593267715
0.09603252419536089,0.09309660369498597,0.06590550649639801
0.1494561888422865,0.10935592546263127,0.0976504927440077
0.16859539643803145,0.11518088218796319,0.10902324086850432
0.15172700285637677,0.11004704045771059,0.09899983783526249
0.06770999683148708,0.08447673291813776,0.04907591894178496
0.27126239971122895,0.14642725684554472,0.1700292131942629
0.14888887293454012,0.10918326467739844,0.09731338678528166
0.06301629318475796,0.08304821919901141,0.0462868635914919
0.17321099795619593,0.11658562577362036,0.11176588699147125
0.1932091321854727,0.12267199407754194,0.12364901968710125
0.12076730127953837,0.1006245541289472,0.08060320953800479
0.15204999209803952,0.11014534120219138,0.09919176194047827
0.21716318705994592,0.12996233419961936,0.1378828081699806
0.038616614463971494,0.0756222548820676,0.0317882800413641
0.3143546652208714,0.15954225027118576,0.19563515739563406
0.09432448895929818,0.09257676862419544,0.06489057134663628
0.1103741811385761,0.09746144119653191,0.07442749212653396
0.1348334443572219,0.1049055398651616,0.0889614815043528
0.08428276565454464,0.08952060219696316,0.058923658175882104
0.12168154532306057,0.10090280138465343,0.08114646438172203
0.20084417145422442,0.12499569390232325,0.12818585215990722
0.09524640543630157,0.0928573509605357,0.06543838524291874
0.2699809616386966,0.1460372552594626,0.16926776722722647
0.16372808270978056,0.11369953079481668,0.1061310243126523
0.2070550767159638,0.12688596308895406,0.13187644701936108
0.12280461938111038,0.10124460538854221,0.0818138085402232
0.0911788504679392,0.0916194035925429,0.06302139499364556
0.24240713526012506,0.1376452492370868,0.15288306683337044
0.2551672629797508,0.1415287533688384,0.16046528871302512
0.13804472383825137,0.10588288252244607,0.09086966252555818
0.147898436408454,0.10888182848288638,0.09672485744893726
0.14345988974280524,0.10753097097630303,0.09408741945602543
0.07736639794218893,0.08741562776584236,0.054813869014782635
0.15429407578550555,0.11082832090770516,0.10052522354907259
0.07929920310963745,0.08800387084761925,0.05596236517028728
0.10729009450982135,0.09652280927774438,0.07259489063310767
0.055329981913089576,0.08070891490384025,0.041719564675804385
0.09353971029413646,0.09233792374304438,0.06442424639312318
0.07096385245921381,0.08546703348973514,0.05100939922316485
0.1535600227652081,0.11060491421461513,0.10008904038589272
0.0925695639841001,0.09204266281100572,0.06384777374801712
0.16538422340962294,0.11420357192919416,0.10711512310273091
0.05922463832008391,0.08189424114670003,0.04403381651338035
0.29587374513034026,0.15391764124632773,0.18465357165091942
0.1686537968248625,0.11519865615923831,0.10905794308313266
0.1702590259421656,0.11568720251601694,0.11001178959646767
0.2849167987409471,0.1505829295953507,0.17814282187840086
0.1295589067445809,0.10330025118295938,0.08582728760203638
0.0629463695332507,0.08302693815892291,0.0462453141139308
0.14317078620833912,0.10744298323861944,0.09391563064695685
0.05150553668009481,0.07954495720762159,0.03944703316512401
0.4516839394382411,0.2013379764231529,0.27723786941916195
0.055623446623887574,0.08079822995161638,0.041893944948479575
0.1447079331896316,0.10791080901467164,0.09482902193346215
0.3103615816170712,0.15832696802523005,0.19326241892990073
0.12034397878524847,0.1004957172793668,0.08035166620326073
0.10391106391248715,0.09549441210379746,0.07058702987418103
0.11838765430622981,0.0999003161702047,0.07918919458899104
0.11379510087316914,0.09850258719566259,0.07646024391633614
0.308381762468282,0.1577244163883355,0.1920859864993209
0.16055293341838392,0.11273318424539291,0.10424431228614413
0.03777157405394915,0.07536506953126809,0.03128614683181862
0.10373192920845832,0.09543989302855606,0.07048058587125736
0.11678346651393498,0.0994120867373676,0.0782359668435428
0.07834783228005981,0.08771432417311278,0.0553970491422513
0.014420713666414958,0.06825830972544984,0.017410783792402556
0.20306098193421407,0.12567037309421789,0.1295031076994874
0.20989728657398635,0.12775098058481799,0.13356532241665992
0.08326351251872693,0.08921039575928298,0.058318005662277766
0.128375204243381,0.10293999510596856,0.08512391729095427
0.1696691291966285,0.11550766932489719,0.10966126583142187
0.028161204052629764,0.07244018410473888,0.025575548999517535
0.13158590115374827,0.10391716045973201,0.08703175214164212
0.17641754601633278,0.11756152843806214,0.11367125654528383
0.0472354854410277,0.07824538074615683,0.03690971718808209
0.01699252467100625,0.06904103219358405,0.01893898492783114
0.08869656313668617,0.0908639273685636,0.06154638990528202
0.1849153809712248,0.12014781737524181,0.1187207726269745
0.12600519247978023,0.10221868959253809,0.08371562769982634
0.06405792779184616,0.08336523736601463,0.046905815445423556
0.17567652578992507,0.11733600129803681,0.11323093338415337
0.07552725918406868,0.08685589175669263,0.053721030570062965
0.2399343369473303,0.13689266096557956,0.15141370023428774
0.10664770460257612,0.09632729996045528,0.07221317479788986
0.2015097194426495,0.1251982513076814,0.1285813288064332
0.15838666977976462,0.11207388882328659,0.10295709228970343
0.25834054216022023,0.14249453075597218,0.16235088949705184
0.06501146520772846,0.08365544343414542,0.04747241888518814
0.16192565725872468,0.1131509683634562,0.10506000135804487
0.17650633690357573,0.11758855166110889,0.1137240171620081
0.06205628040163516,0.08275604237353526,0.04571641241036879
0.13449122914635286,0.1048013877583365,0.08875813309621648
0.24361901959728377,0.1380140823658744,0.1536031831314762
0.13291087789594633,0.10432041290091913,0.08781906931161629
0.13555559060533792,0.10512532277015348,0.0893905895198121
0.1541329428925601,0.11077928062619195,0.10042947643953977
0.11633551947674146,0.09927575548677434,0.07796979130823747
0.12039580444129024,0.10051149025231755,0.08038246163351054
0.3670442529223865,0.17557815806420926,0.2269439462634727
0.19945715706583433,0.12457356050158715,0.12736167147189786
0.1281594890766882,0.10287434288370714,0.08499573673566435
0.39514754902963295,0.18413130650805037,0.24364326395972458
0.03345586340105627,0.07405159677298409,0.028721699480065727
0.09172096316642477,0.0917843938615045,0.06334352490127766
0.1671453482721433,0.11473956465829571,0.10816160474921693
0.06732194853243811,0.08435863165725799,0.048845335959540485
0.19314228402714434,0.12265164905398308,0.1236092977047017
0.05207784597318212,0.07971913771374016,0.03978710625367938
0.1907334311909585,0.12191852238412054,0.12217792827951139
0.19721310004728554,0.12389058891267302,0.12602822571029615
0.17320100744703187,0.11658258519405344,0.11175995051036124
0.08260184882160829,0.0890090205255824,0.0579248371085218
0.18362638407654974,0.11975551528577383,0.11795483511660151
0.26929473077310717,0.1458284030864745,0.16886000056548975
0.1936089581416086,0.12279367983075305,0.1238866010953189
0.1488206093148126,0.10916248886268218,0.09727282371863723
0.20469796501060497,0.12616858366706313,0.13047582279851777
0.41439029955586915,0.18998777619369192,0.25507753854307075
0.06178575772874654,0.08267370966174892,0.04555566457348274
0.1082062904086971,0.0968016505743957,0.07313930529283108
0.13498887254890912,0.1049528439390605,0.08905383881155382
0.27068431174653335,0.14625131761917165,0.16968570634930102
0.10895663151456232,0.09703001449432476,0.07358516703301905
0.1391786123548643,0.10622797787227085,0.09154343276584599
0.14554533700164712,0.10816567019124942,0.09532661738431372
0.04762372727051785,0.07836354090740846,0.03714041516845037
0.07720671618386128,0.08736702913251705,0.054718984186952
0.1691752789203469,0.11535736757004439,0.10936781403749211
0.2644014307840323,0.14433914285781346,0.16595234265985512
0.13689268741064325,0.10553226391385154,0.0901851085775493
0.10145586373123777,0.09474717976743977,0.06912812029723601
0.08124368276376176,0.08859566702214225,0.05711779844666171
0.12865837956985474,0.1030261786124768,0.0852921834872923
0.06541558728368997,0.08377843669770926,0.04771255309965151
0.2721701661901547,0.1467035326751471,0.1705686189909258
0.24141467874122013,0.1373431982642096,0.15229333719291588
0.17995468826600408,0.11863804638858903,0.11577306915611378
0.11134345675558448,0.09775643713592745,0.07500344739533533
0.15059479379476165,0.10970245624465227,0.09832706554740221
0.07187202560766774,0.08574343308791013,0.05154904666776944
0.11498328605337825,0.0988642075616977,0.07716627788938232
0.08916302682381691,0.09100589410244662,0.06182356825743821
0.15531162145454247,0.11113800768332206,0.1011298614653101
0.08304748394889248,0.08914464815377607,0.05818963887905896
0.1308912846007431,0.10370575612955184,0.08661900260324473
0.041332853918835025,0.0764489336879206,0.03340230230490076
0.1191843875496638,0.10014279938908507,0.07966262309718102
0.20972157614892595,0.12769750367794808,0.13346091316162356
0.124511878743977,0.10176420432480265,0.08282828265676838
0.1842563241918685,0.11994723554863886,0.11832915313521322
0.10776860440584365,0.09666844223684301,0.07287922698796029
0.08099059933147669,0.08851864188755455,0.05696741321699849
0.14850723862601678,0.10906711549405687,0.09708661507361104
0.16160487613949967,0.11305333965398934,0.10486938934582907
0.03335180971019523,0.07401992836438644,0.02865986952124086
0.11147139589759623,0.09779537500532305,0.07507947037748255
0.16596141365060058,0.11437923793621962,0.10745809650942606
0.2454504701901623,0.1385714785064792,0.15469145317562874
0.15772038009295328,0.11187110568439258,0.10256117491704586
0.15002074394512804,0.10952774600570594,0.0979859581991419
0.12557821047699078,0.10208873898322986,0.08346190984096902
0.19511037004078927,0.12325062974865723,0.12477875816478394
0.2119656889182479,0.12838049223443182,0.1347943920510076
0.09304260306841708,0.09218663074602877,0.06412885928053293
0.05011070651985079,0.07912044510167539,0.03861820825115875
0.1148732038334322,0.09883070438952068,0.07710086570582295
0.10618287288620457,0.09618582991166254,0.07193696618245352
0.1328262955121472,0.1042946705224592,0.08776880943842659
0.24789103329627907,0.13931425609575254,0.15614166522589026
0.08925423343295842,0.09103365254274026,0.061877764325267245
0.3167680807610453,0.16027676558543946,0.19706923803459658
0.052527176955287,0.07985589016354876,0.040054104145752695
0.2606891343515998,0.14320931729098413,0.16374645131987559
0.09236146039672109,0.09197932714860653,0.06372411608501163
0.22633649992331004,0.1327542026816198,0.14333370137652304
0.3138496315646349,0.15938854489034934,0.19533506030237457
0.05258247685691982,0.07987272051205277,0.04008696401465956
0.15394767451627397,0.1107228947873825,0.10031938773453992
0.18819665233201247,0.12114646183766502,0.12067054366779126
0.15556763192542566,0.11121592365276166,0.10128198597663199
0.08385559627269816,0.08939059455943701,0.05866982897412788
0.1015778407895322,0.09478430309569114,0.06920060053728831
0.10440117602882848,0.09564357616160744,0.07087826040836206
0.1289697741071423,0.10312095054569984,0.08547721787924413
0.22519289483582106,0.13240615012447154,0.14265415743256182
0.13875692890583466,0.1060996398608823,0.09129286337157537
0.1048892213336991,0.09579211119194515,0.07116826281822539
0.0469886488475636,0.07817025681701993,0.03676304390543257
0.10391638573294913,0.095496031782864,0.0705901921641229
0.20481496585199319,0.1262041924995867,0.1305453461104315
0.12987655037343532,0.10339692500724904,0.08601603527961085
0.2223895180465262,0.131552951349091,0.1409883571133365
0.27538282069755676,0.14768129381731793,0.17247761706939588
0.2842012659164934,0.15036515946473558,0.17771764363909237
0.15165334586018317,0.11002462318608634,0.09895606995923484
0.12303339738560695,0.10131423324378304,0.08194975119137768
0.21937148697270373,0.13063442322754903,0.13919500662780657
0.13076079107954414,0.10366604084300635,0.08654146177815816
0.10478907638745033,0.09576163239729067,0.07110875548261936
0.1097655023282129,0.09727619174394854,0.07406580783190748
0.10448824455576818,0.09567007518979488,0.07092999757780888
0.043635547871013695,0.07714975124037261,0.0347705908400934
0.034147387941715714,0.0742620600590785,0.029132611707413065
0.13441666280558331,0.10477869373059386,0.08871382487666793
0.1533782502015942,0.11054959231523098,0.09998102893496999
0.06225792424147061,0.08281741203239362,0.04583623161342771
0.04420233445651626,0.07732225092807048,0.035107382269154185
0.11200009613390809,0.09795628323424432,0.07539363043823008
0.06492591730268935,0.08362940720237849,0.0474215852876254
0.18699532929999144,0.12078084300837635,0.1199567030246515
0.3780820364244038,0.17893747223232173,0.23350273042385136
0.06189404801667668,0.08270666746513822,0.04562001196941322
0.15913786813889136,0.11230251364550903,0.1034034634201248
0.15822525235586,0.11202476194568463,0.10286117610844105
0.17409669817831075,0.11685518580841404,0.11229218075204273
0.07663392298292936,0.08719270135059079,0.054378623554515455
0.1499801633988574,0.1095153954460113,0.09796184474882379
0.12285555216150693,0.1012601066176409,0.08184407341298919
0.08981254185807586,0.09120357192939342,0.062209517929113355
0.24883677569124849,0.13960208977415614,0.1567036367701582
0.35870696051270234,0.17304072973809398,0.2219898264995646
0.18118136358673873,0.11901138110600451,0.11650197443515742
0.06381880455578008,0.08329246097257535,0.046763725532824756
0.12333113263237014,0.10140484801554547,0.0821266690680602
0.21641864735400682,0.12973573591723514,0.13744039369163957
0.18209219851358402,0.11928859080793452,0.11704320354060445
0.10189019776311456,0.09487936794332771,0.06938620682050105
0.1260098906738375,0.10222011947289925,0.08371841942343279
0.14165059188421408,0.10698031694965088,0.09301231283392447
0.2033032625989348,0.12574411044098766,0.1296470737942968
0.10376940366087249,0.0954512982585023,0.07050285364312178
0.12359188192375979,0.10148420622987614,0.08228160944371465
0.03649743732981064,0.07497729008725844,0.0305290394141104
0.1787037035780029,0.11825731319285948,0.11502971895767589
0.13786298056297994,0.10582756953687543,0.09076166847812245
0.05615361390065169,0.08095958466961534,0.04220897674236777
0.2880460946045174,0.1515353208004134,0.18000228724473738
0.13451852843213027,0.10480969620880322,0.08877435466127179
0.17959463895853275,0.11852846653140248,0.11555912351255518
0.08028291605837352,0.08830326074283143,0.05654689927583036
0.14935901933338916,0.1093263522328351,0.09759275344918365
0.19619728346696283,0.12358142837968578,0.1254246152394393
0.12228471702958471,0.1010863747677663,0.08150487628878812
0.26612554094926777,0.14486387028197467,0.16697682972652275
0.11300827409236852,0.09826311897705581,0.07599270194779383
0.07288433491507545,0.08605152619358346,0.05215057307473461
0.12562450806835185,0.10210282950734448,0.083489420428473
0.1848727418434179,0.12013484029282913,0.11869543594266463
0.20110900801889323,0.12507629606522697,0.1283432212426694
0.27709092085918224,0.14820114864799622,0.1734925907987104
0.16950497873925663,0.11545771065728506,0.10956372564869118
0.08720420742005736,0.09040973367090512,0.060659614128778724
0.10503767573767021,0.09583729281581803,0.0712564762166061
0.21521391914677282,0.12936908073374245,0.13672452965229498
0.1971651087973942,0.12387598292899202,0.12599970873045443
0.15184756530737767,0.11008373325474852,0.09907147749858947
0.15509758862069853,0.11107286747369198,0.10100268057250127
0.1693752188550643,0.1154182186508202,0.1094866207595674
0.10335043540701823,0.09532378660809676,0.07025389765059148
0.14312142741069314,0.10742796104614545,0.09388630105373605
0.08596903272819356,0.09003381219702287,0.05992565842084004
0.2651721292869373,0.14457370248653575,0.1664103010110363
0.11820666168998709,0.09984523164531293,0.0790816465922088
0.03721140899380786,0.07519458508367301,0.030953289993035725
0.10503036813475919,0.09583506877020331,0.07125213395076863
0.236208925938069,0.1357588440191639,0.14920001605449032
0.10458275232665881,0.09569883832812698,0.07098615523578754
0.07188594463332047,0.08574766929892765,0.0515573175207865
0.10296033645231975,0.09520506123671715,0.07002209614401295
0.3462665163004983,0.169254520261161,0.21459756441794628
0.21884918991537008,0.1304754637857061,0.1388846514132813
0.18700184464420788,0.12078282593258695,0.11996057452081198
0.08607449150706627,0.09006590823967088,0.05998832329991817
0.1971931319617988,0.12388451168960794,0.12601636043292605
0.06264916483682216,0.082936484858461,0.046068711496659864
0.06742534504932322,0.08439010005705427,0.04890677541765811
0.11423329484740985,0.09863595013268506,0.07672062406393525
0.1688337830232299,0.115253434384063,0.10916489305426794
0.16251814260787883,0.11333128938782204,0.10541206330259913
0.1493786618505705,0.10933233037022583,0.09760442526993769
0.06874721846393979,0.08479240801040006,0.04969224855293287
0.07442572620929132,0.086520643712723,0.05306648638319942
0.25617086682479856,0.14183419699483668,0.16106164222919905
0.14853682999519296,0.10907612153278838,0.0971041986222831
0.09629026823432475,0.09317504727033588,0.06605866111479408
0.13187532726809179,0.10400524637357118,0.08720373263156643
0.19393781689873357,0.12289376694352502,0.12408201293745544
0.09005001384272357,0.09127584576973576,0.06235062664819241
0.07067289256371602,0.0853784807744985,0.05083650734196921
0.1447098386896425,0.1079113889475163,0.09483015420456417
0.11636490021159043,0.09928469741962075,0.07798724969545011
0.1537081247102798,0.11064998856874726,0.100177044348942
0.11024522129064353,0.09742219267854836,0.07435086262861072
0.1788067187039576,0.11828866551754356,0.11509093178870021
0.1691011867340133,0.11533481784969045,0.10932378756623172
0.2202029384267579,0.13088747282298535,0.13968906511572463
0.2988941467099951,0.15483689082375127,0.18644833071962214
0.2709429676475818,0.14633003871683595,0.1698394028071518
0.2103960041919387,0.12790276369956827,0.13386166644374956
0.15703096396187102,0.11166128408602129,0.10215151553211366
0.1446122545198891,0.10788168951701217,0.09477216851325532
0.19990120673562983,0.12470870560085615,0.1276255311444623
0.17830616808012287,0.1181363245333056,0.11479349856739494
0.12628759871625445,0.10230463902896057,0.0838834368936052
0.11060478957639076,0.09753162613830897,0.0745645224432558
0.2175063500731511,0.13006677476705963,0.13808671977370318
0.1469934950477074,0.10860641246898177,0.09618713037158964
0.26294947849565303,0.14389724581454513,0.16508957508800454
0.06266218909085233,0.08294044874859217,0.04607645066558073
0.14391386586241425,0.10766913715888009,0.09435717754486056
0.04239279431953953,0.07677152316476529,0.034032131682313047
0.13864827581101302,0.106066571638374,0.09122830039141157
0.11914288985119259,0.10013016969704651,0.07963796466395705
0.21054304514940814,0.12794751514551114,0.13394903995516147
0.1249185618547193,0.10188797703112515,0.08306993866900506
0.06743080821828538,0.08439176275508536,0.048910021698584896
0.15577098228905625,0.11127781268668865,0.10140281921672421
0.1559585976160354,0.11133491281244845,0.10151430250814863
0.1609692344782455,0.11285988414382252,0.10449168339981658
0.17784317503648606,0.11799541407868906,0.11451838251348644
0.05352070897735175,0.08015826846237896,0.04064447286316368
0.19939944641098642,0.12455599644803908,0.1273273791043377
0.13652624212382275,0.10542073746077056,0.08996736236587516
0.18975649725202048,0.12162119565889686,0.12159742234339918
0.18943089638439925,0.12152210007439387,0.1214039463785219
0.14638346479986125,0.10842075171071512,0.09582464303650157
0.08996276688184429,0.0912492924357485,0.06229878345114548
0.21207527878260546,0.12841384555975752,0.13485951167093455
0.12777932323955946,0.10275864062494598,0.0847698376074181
0.12351576272541236,0.1014610395948876,0.08223637849745341
0.1095235293880527,0.09720254805216644,0.07392202459074537
0.34155252562605454,0.16781983224992097,0.21179645427096228
0.1331928243296483,0.10440622239783601,0.08798660528503902
0.0872071302233552,0.09041062321675708,0.060661350893770574
0.17159616931408148,0.11609415783211395,0.11080633632464684
0.14566306690587574,0.108201500911721,0.09539657391416569
0.12780656483002387,0.10276693151602871,0.08478602488922246
0.1739863950941367,0.11682161541691438,0.11222663732829387
0.2007492612349172,0.12496680828010043,0.1281294553622227
0.05047562880113881,0.07923150803288503,0.0388350494745659
0.1470007524138273,0.1086086212251896,0.09619144278611949
0.168557129906419,0.1151692358912419,0.10900050243362144
0.10570965462988301,0.09604180744621205,0.07165577418377021
0.2745716158189568,0.14743440620247897,0.17199558934094733
0.12705927656529092,0.10253949671855138,0.08434197718407668
0.13470413141351456,0.10486618388360638,0.08888464219265908
0.06217138479387781,0.08279107402781626,0.04578480882931404
0.09919200403614828,0.0940581812971452,0.06778290754625593
0.12335058961714894,0.1014107696867418,0.08213823064322176
0.09638422488689656,0.09320364267756735,0.06611449129161677
0.23189535144675538,0.13444602139483613,0.14663683803572689
0.14107351232049536,0.10680468462689566,0.09266940519299223
0.11551267031282623,0.09902532397087663,0.0774808444049318
0.1537858346923256,0.11067363935367554,0.10022322055807414
0.22970108117567056,0.13377820224355674,0.14533297616029237
0.1880197496710188,0.12109262207759505,0.12056542597177555
0.2052498708712039,0.12633655445364653,0.13080377192126103
0.1362762445461926,0.105344651496195,0.08981881078828767
0.24734852406326988,0.139149145142775,0.1558192996926588
0.12787000412484195,0.10278623906286181,0.084823721283786
0.15636506132599534,0.1114586187448436,0.10175582814979289
0.1407649317772353,0.10671076912377069,0.09248604291025103
0.09782102706676553,0.0936409288336808,0.06696825648615971
0.06504820490077516,0.08366662504242403,0.04749425005416948
0.1828171124293159,0.11950921604372891,0.11747395613756108
0.17191077517198194,0.11618990712051261,0.11099327892206066
0.08979510506220133,0.09119826509624002,0.06219915677457815
0.07545238638324182,0.08683310445881003,0.05367654024825005
0.21256858013477758,0.12856398025131047,0.13515263728753413
0.14428184483790277,0.10778113038521046,0.09457583509284964
0.09939491349372008,0.09411993614272078,0.06790347879464718
0.0831684522704879,0.08918146447623362,0.05826151971559118
0.3761232891386215,0.17834133374965652,0.23233881914856436
0.11736280486136311,0.09958840651373302,0.07858021668101389
0.0697265433799701,0.08509046242186818,0.05027417523648745
0.054169058862665695,0.08035559167996437,0.041029730189274805
0.10011608681311394,0.09433942293996243,0.06833200868411862
0.3334070155267173,0.16534077225764923,0.20695629387028283
0.17009212819660272,0.11563640772001527,0.10991261694193973
0.13266063771463654,0.10424425310068822,0.08767037357599475
0.13749393408475008,0.10571525141949396,0.09054237660712175
0.04410393311522465,0.07729230279401798,0.03504891100465592
0.25907557778125384,0.14271823650045923,0.16278765653344726
0.13940667325873102,0.10629738748022452,0.09167894930715226
0.10478031785237166,0.0957589667651032,0.07110355105537824
0.11258953944457215,0.09813567842390795,0.07574388476680208
0.20827875262713816,0.127258384945646,0.13260357001304723
0.1083701795495933,0.09685152971117272,0.07323669019815841
0.07986517774183245,0.08817612341992014,0.056298674126894134
0.20240994273509771,0.12547223139256297,0.12911625235066032
0.1442806550759678,0.10778076828496434,0.09457512812194996
0.14353954940307986,0.1075552151395753,0.09413475418748975
0.12310615798670915,0.10133637770042309,0.08199298641862425
0.12153816404988872,0.10085916375194211,0.0810612654988848
0.25939503692728305,0.14281546287160463,0.16297748301323658
0.0901269866759918,0.09129927220578693,0.06239636483462508
0.077208442097901,0.08736755440894475,0.0547200097459025
0.10115259985494603,0.09465488237493186,0.06894791724216873
0.14306717643216005,0.1074114499340381,0.09385406446759317
0.0758986089098877,0.08696891086012416,0.0539416910585765
0.14097503911377499,0.10677471462082913,0.09261089122518858
0.23219863433224308,0.1345383245727323,0.14681705238628823
0.18449195396554757,0.12001894871795453,0.11846916719030298
0.0672376982254225,0.08433299034530665,0.0487952734103828
0.20166723754306207,0.1252461914386284,0.1286749279626195
0.24057393683328512,0.13708732114879627,0.1517937582051851
0.10537156754364871,0.09593891172093941,0.07145487875710999
0.11368562709248509,0.09846926920003199,0.07639519327472895
0.16700429818532925,0.11469663651470968,0.10807779108544578
0.19832186368863491,0.12422803758692831,0.12668706644649616
0.12094818566120928,0.10067960571299268,0.08071069322049831
0.17072164196953077,0.11582799822693478,0.11028668162275765
0.12531661176065434,0.10200912224912842,0.08330646472676036
0.23995433736193125,0.1368987480279072,0.15142558472200762
0.08391452722108632,0.08940853000542809,0.05870484645483608
0.18073588546481667,0.11887580126189141,0.1162372659591013
0.14069763698397014,0.10669028816829475,0.09244605553198218
0.20073220951198745,0.12496161864266828,0.12811932302267834
0.11766073963150629,0.09967908200979932,0.0787572531168966
0.1715111839319083,0.11606829280238559,0.11075583698495951
0.17639938131783492,0.11755600007006937,0.11366046286222564
0.10131326316798062,0.09470377974129844,0.06904338532165138
0.21125141855937865,0.12816310633118652,0.1343699639839846
0.11183792089960873,0.09790692571946788,0.07529726395688582
0.15498267774740962,0.11103789471628668,0.10093439914485382
0.15842584020372014,0.11208581021675684,0.10298036782832487
0.11811715672246108,0.09981799109421205,0.07902846166036305
0.239763941354181,0.13684080161083256,0.15131244911651184
0.022221075390707556,0.07063232491174422,0.02204585286339512
0.11654830539507456,0.09934051620164963,0.07809623126880189
0.13738720800833573,0.10568276967888562,0.09047895868455079
0.0642065902391971,0.08341048230722585,0.04699415246569144
0.1900455126802859,0.12170915658173947,0.12176915879869989
0.1478439068307019,0.10886523257999603,0.09669245531577636
0.07968950887977422,0.08812265916261705,0.05619428956909513
0.14750438999571663,0.10876190171525581,0.09649071031515428
0.15546382093923633,0.1111843291105559,0.1012203002358519
0.09894138394458162,0.09398190587244054,0.06763398606337491
0.17851336590046718,0.11819938452839929,0.11491661801269763
0.30455508200241777,0.15655977840612972,0.18981212678629478
0.1416681468325159,0.10698565974211825,0.0930227441960577
0.05492507746845993,0.08058568352887019,0.04147896556843654
0.14035046634608342,0.10658462789307814,0.09223976254931011
0.07923047711550418,0.08798295431072863,0.05592152735519106
0.16274886002839484,0.1134015074981363,0.1055491583781573
0.16767928715496208,0.11490206725255586,0.10847887767693862
0.23156441915268428,0.13434530320771484,0.14644019407291353
0.1555427145143508,0.11120834011825578,0.10126717975026908
0.2288902135331156,0.13353141726543138,0.14485114882157146
0.10574097965431181,0.09605134111738434,0.07167438789131489
0.29397331522368,0.15333925147180638,0.18352431326607863
0.1390819062192281,0.10619854566864709,0.09148596881300541
0.10237107920435097,0.09502572267464052,0.06967195237613943
0.20716229233560865,0.1269185938204819,0.13194015583442736
0.0774086410011226,0.08742848430595787,0.05483897035018832
0.3717813158408331,0.17701986803924802,0.2297587662162781
0.25043420752241013,0.14008826305179237,0.15765285004197077
0.17516380787558447,0.11717995723778013,0.1129262702119952
0.0568559771368104,0.08117334667808007,0.042626329453381476
0.12045587452336812,0.10052977239001018,0.08041815600120424
0.15692227364168254,0.11162820453409145,0.10208693043218771
0.2620467931454802,0.14362251641025592,0.16455318855936504
0.09017726190157976,0.09131457331017921,0.06242623898038854
0.13744598605835504,0.10570065859074608,0.090513885311203
0.3180280887417734,0.16066024499150147,0.19781794998246535
0.11610564151858241,0.0992057928641482,0.07783319505134229
0.09698083068902459,0.09338521774864038,0.06646900165905342
0.04772828527065969,0.0783953628009257,0.03720254479393576
0.22552331178192617,0.13250671146708462,0.1428504951693946
0.1531841543848708,0.11049051987310794,0.09986569485833345
0.09691314862115032,0.09336461892737366,0.06642878415753851
0.16109869835121934,0.11289928606021819,0.10456861239550189
0.2890480869937116,0.15184027398496788,0.18059768321439623
0.18753649466963063,0.12094554496082807,0.12027827001805068
0.240482069204445,0.13705936152926781,0.1517391693514737
0.058970470145230214,0.08181688587417515,0.04388278671659219
0.05440764481911538,0.08042820455406773,0.041171500843841934
0.20067283228742439,0.1249435473739482,0.12808404035928117
0.03803683868124208,0.07544580197366478,0.031443770274557754
0.17281537043715303,0.11646521780133363,0.11153080034524067
0.0912338514083768,0.09163614295316161,0.06305407721620247
0.1828301200552538,0.11951317487315313,0.11748168542586869
0.19199483281810784,0.12230242594202127,0.12292746834890218
0.08297174182247924,0.08912159627942678,0.05814463199349159
0.16496862606157317,0.11407708620320772,0.10686817014310936
0.1066254286113118,0.0963205203336355,0.07219993813505474
0.012122588456817029,0.06755888265521537,0.016045210059186597
0.1307558034027765,0.10366452285950654,0.08653849804043187
0.06080873271885925,0.0823763552193724,0.04497510452191345
0.1685316057127205,0.11516146768438164,0.1089853356497011
0.14585611051266242,0.10826025311710914,0.09551128275495974
0.09459938728277309,0.09266043305126737,0.06505391924790592
0.04318667698710546,0.07701313881998124,0.0345038663439214
0.09893029631741025,0.0939785313885108,0.0676273976615046
0.4186108460886136,0.19127228605584282,0.25758543822619523
0.008162096032237023,0.06635351943060037,0.01369183766545495
0.09498452019055868,0.09277764702212414,0.06528276986947884
0.2008692824340315,0.12500333634885474,0.12820077340714692
0.1036818629832042,0.09542465553274825,0.07045083591601442
0.09177937416478497,0.09180217106236456,0.06337823342140454
0.07355438356519327,0.08625545336095869,0.0525487240687521
0.030855176679599243,0.07326008607261426,0.027176340045204465
0.09846040564493626,0.09383552166258023,0.067348182953301
0.035246551073593146,0.07459658684892793,0.029785747705026296
0.07136602841714805,0.08558943445849077,0.051248377030811004
0.07486771154980146,0.08665516053996476,0.05332911940638985
0.07484093564919152,0.08664701138010249,0.05331320884311708
-0.0036866847437733666,0.06274738083144805,0.006651149137790781
0.04652526414774562,0.07802922716309549,0.03648769512469492
0.12678714906172447,0.10245667558167207,0.08418027573743486
0.14201543557727578,0.10709135596278473,0.09322910735925911
0.21349407495608264,0.12884565164531406,0.13570257747918368
0.2465047136479785,0.13889233413694485,0.1553178973608262
0.028014101547272147,0.0723954139268928,0.025488138915607316
0.11037366394550831,0.09746128379047304,0.07442718480417175
0.23149668917048563,0.13432468980387688,0.14639994810012869
0.2052606704495926,0.126339841270849,0.1308101891610684
0.19935938696417957,0.12454380448330252,0.1273035752976096
0.1540970305485872,0.1107683508189626,0.10040813689136256
0.09180406751508476,0.09180968640468878,0.06339290650815102
0.07272155593718577,0.08600198493137295,0.05205384784166313
0.12184499979520405,0.10095254823138336,0.08124359100163119
0.23039322499854897,0.13398885400621743,0.14574425637260757
0.07465316856437101,0.08658986506732802,0.053201635375351955
0.17983305608636452,0.11860102802305521,0.11570079384712037
0.21393258991109454,0.12897911227180953,0.13596314835743087
0.07719553092879519,0.08736362493584922,0.05471233777340851
0.11717762202362224,0.0995320467083065,0.07847017880405008
0.11676376430182644,0.09940609043201626,0.07822425955134231
0.12431164452533601,0.10170326367965414,0.08270930106763437
0.08571652103636777,0.08995696106981893,0.0597756129262575
0.10908051904308974,0.09706771926809199,0.07365878249753946
0.13079324607037007,0.10367591841584382,0.08656074692537231
0.12456983734468027,0.10178184383988012,0.08286272235674803
0.1139044224959248,0.09853585888251314,0.07652520414386604
0.08855981145960191,0.09082230743225508,0.06146513040844545
0.12268418606441336,0.10120795189311728,0.08174224561005793
0.11982081202990288,0.10033649314771076,0.08004079420368129
0.20181457127528848,0.12529103198963373,0.12876247544432545
0.10850966018755803,0.09689398019801243,0.07331957127648309
0.16295845999761355,0.11346529857957076,0.1056737052093099
0.11767095647686437,0.09968219147406421,0.07876332408970474
0.31294209203595064,0.1591123381323282,0.19479578936228392
0.18164543146496348,0.11915261868309598,0.11677772916874907
0.12066543235967081,0.10059355064842598,0.08054267779646984
0.20629019782279312,0.12665317463987372,0.13142194675051472
0.14504049964818813,0.10801202455453653,0.0950266369365338
0.07133874152100893,0.08558112977877065,0.05123216282782805
0.17531190410284195,0.11722502985171392,0.1130142707774501
0.03399770480131731,0.07421650447319708,0.029043668179018812
0.1383663250106819,0.10598076081248757,0.09106076182328514
0.11590947579466782,0.09914609045238021,0.07771663101087305
0.08230001054725973,0.08891715701047409,0.05774548116333297
0.15771451602441797,0.11186932097385638,0.10255769041675492
0.19771323910369043,0.124042804637678,0.12632541437326775
0.1646249535623053,0.11397249057531104,0.10666395579662
0.09057975324557876,0.09143707026567678,0.06266540419424049
0.1798717825700596,0.11861281430472426,0.11572380559108122
0.07467156229612025,0.0865954631408597,0.05321256515273203
0.14308318852929208,0.1074163231646776,0.09386357904894219
0.1400582654352796,0.1064956974787952,0.09206613324184282
0.04154508617104133,0.07651352589627786,0.033528413270370996
0.12342283828961358,0.10143275833953541,0.08218116167629409
0.1348300832390727,0.10490451691958413,0.08895948428738669
0.12853000552046812,0.10298710838041035,0.08521590207793439
0.10225547885229942,0.09499054007657493,0.06960326125189041
0.12707044156393793,0.10254289475024252,0.08434861156101145
0.12877297782869443,0.10306105622667276,0.08536027915566131
0.09417201417331424,0.09253036340989289,0.06479996898874582
0.14181853030213054,0.10703142847096063,0.09311210386852366
0.030951998991345608,0.07328955363406606,0.02723387303129149
0.03917056897251154,0.07579084916811145,0.03211744649543679
0.12972485035667225,0.10335075559148527,0.08592589329894128
0.23688993375713893,0.13596610657461958,0.14960467911895384
0.1905897514185407,0.12187479390411676,0.1220925520248197
0.12421128648345096,0.10167272003002309,0.08264966710802983
0.07462052120626365,0.08657992894812254,0.05318223592117778
0.153621024946947,0.11062348003386345,0.10012528861845339
0.1739260357240362,0.11680324523533597,0.11219077106216592
0.2456195692663081,0.1386229432704156,0.15479193388735488
0.09032414639737733,0.09135927713751173,0.06251351952038725
0.1444200563765476,0.10782319462572398,0.09465796205704313
0.10218590044606667,0.09496936411078359,0.06956191692323793
0.10761752972115311,0.096622463138899,0.07278945658715462
0.25011135798078976,0.1399900048245734,0.15746100894820586
0.16315944762034865,0.11352646852084979,0.10579313448024895
0.24040504805500792,0.13703592038834506,0.15169340245499044
0.29770295881223136,0.15447435659021547,0.18574051249556844
0.14272582389692484,0.10730756037978766,0.09365122867172913
0.2058627091895201,0.12652306983919542,0.13116792784570988
0.2067250542753478,0.126785521812827,0.13168034370245082
0.02170444984714064,0.07047509157700853,0.021738867730793622
0.12665252516831257,0.10241570322953067,0.08410028059533428
0.18002671217018884,0.11865996663387438,0.11581586662916175
0.06465766605077836,0.08354776579031488,0.047262187156495834
0.07476552425362389,0.08662406016263025,0.05326839848180942
0.14695804942592003,0.10859562470715939,0.09616606815536739
0.08053083196844629,0.08837871315853205,0.05669421390143378
0.1793134086864468,0.11844287499598694,0.11539201309100744
0.03513611663744028,0.074562976480873,0.02972012623034631
0.11209327276740863,0.09798464124516176,0.07544899711830735
0.17726720858964806,0.11782012052950255,0.114176136300038
0.1420360081318274,0.10709761715407969,0.09324133181944237
0.09600637840206633,0.0930886463062733,0.065889970350496
0.09594258231699554,0.0930692301714661,0.06585206194685869
0.14647208048016183,0.1084477216100883,0.09587729954314612
0.29581993031373,0.15390126287870884,0.1846215942374549
0.07496395338880844,0.08668445143639188,0.05338630746856991
0.10812259299376019,0.0967761775333834,0.07308957127881896
0.3833398515662257,0.1805376714839206,0.23662698763220086
0.1852005973260048,0.12023462206219866,0.11889025162696334
0.09574362344874054,0.09300867767513575,0.06573383818631487
0.04572987134623269,0.07778715190343403,0.0360150631232711
0.10925787494165139,0.09712169696956872,0.07376416951278768
0.15171082590129736,0.11004211705308097,0.09899022529333151
0.07934391423893729,0.08801747853707076,0.05598893306288926
0.14997271021834646,0.10951312709431901,0.09795741597901952
0.09863581583732492,0.09388890719459528,0.06745241380646068
0.14800440053490646,0.10891407832645675,0.09678782261164567
0.10743051153666587,0.0965655447515498,0.07267832812500497
0.039380683956517316,0.07585479699265192,0.03224229935459133
0.11189004359282365,0.09792278909473388,0.07532823589020855
0.13287238320455566,0.10430869716449796,0.08779619530143992
0.1533274129070807,0.11053412014695584,0.09995082080106794
0.1640341305616981,0.11379267548141787,0.10631288163963357
0.1780293640679613,0.11805208011596618,0.11462901828290992
0.15876860072467447,0.11219012828696538,0.10318404026629442
0.17602577158472618,0.117442293140635,0.11343845945010698
0.29581238455019965,0.15389896634967007,0.18461711045370321
0.03457568524474176,0.07439241097581437,0.029387111133543854
0.1889164562655134,0.12136553186668218,0.12109825985163936
0.05351779593092258,0.08015738188599876,0.04064274189582095
0.13375284316036865,0.10457666234097346,0.08831937523253534
0.08551043234661586,0.08989423863507963,0.05965315253973783
0.12780204010655244,0.1027655544308864,0.08478333624393156
0.13819463324263198,0.10592850697104819,0.09095874050274122
0.09718245192511371,0.09344658052812078,0.0665888074306938
0.2672257350994289,0.145198710858947,0.1676305783676424
0.12957722613837774,0.10330582663197245,0.0858381732069082
0.12094129589145246,0.10067750883356436,0.08070659923616351
0.23487697879985237,0.1353534701602029,0.14840855699108332
0.13892013335310055,0.10614931061333918,0.09138984142368485
0.18117443886052367,0.11900927358768958,0.11649785967927309
0.20718093101621796,0.1269242664434171,0.13195123116337637
0.20885747976606625,0.1274345187026561,0.13294745666305166
0.10125670804455338,0.09468656737004873,0.06900977958480614
0.20750665827147385,0.12702340049359306,0.13214478222931134
0.11389195338059449,0.0985320639470728,0.07651779484506017
0.24092924821824957,0.13719545903439498,0.15200488851801278
0.06817089371620881,0.0846170054134808,0.049349789432769756
0.059538980079780306,0.08198991005765352,0.044220602180454295
0.19721612715489595,0.12389151020320947,0.12603002445416933
0.1760813395846737,0.11745920508400517,0.11347147862626783
0.2920823471926677,0.152763741388929,0.1824006772419329
0.07815222020515009,0.0876547902626517,0.05528081408670211
0.05219347368821604,0.07975432863964214,0.03985581363734285
0.2335103438728422,0.13493753918347162,0.14759648602496445
0.09258553417310468,0.09204752328704054,0.06385726342705117
0.04458374013166729,0.07743833052757526,0.03533401812411593
0.2011987994286335,0.1251036237941011,0.12839657638193575
0.11319000399630197,0.09831842789310244,0.07610068804981963
0.08100934375618497,0.08852434669336867,0.056978551380367136
0.11081165875076288,0.09759458611105064,0.0746874466031557
0.1562771027870437,0.11143184884434217,0.10170356212446816
0.0743417641563146,0.0864950901299682,0.05301659511807045
0.18962877851388024,0.12158232486871576,0.12152153032789201
0.06863049299428298,0.08475688298638366,0.0496228888702251
0.2548148907720743,0.14142151001246336,0.16025590489481148
0.1188572066869185,0.1000432229381107,0.07946820828013375
0.12759144227552285,0.10270145965339578,0.08465819647124852
0.12339210450243758,0.10142340460953342,0.08216289928905995
-0.021464568708676815,0.05733673860681631,-0.003912684056866953
0.17097019177312758,0.11590364356610555,0.11043437291554292
0.19655257267540815,0.12368955951593137,0.12563573237471184
0.14418491705779132,0.1077516307247983,0.09451823943618724
0.10126644800853087,0.09468953169698827,0.069015567188943
0.11482872986249786,0.09881716887846045,0.07707443873558388
0.10166846211167606,0.0948118834057557,0.06925444882052019
0.09507463061491711,0.09280507184207905,0.06533631457108131
0.11603394184635107,0.09918397129782282,0.07779059024083408
0.17550402749198998,0.1172835019918017,0.11312843281381842
0.1544433360374927,0.1108737477888489,0.10061391579206935
0.03698463438713894,0.07512556695616493,0.030818537785047277
0.21062634286335857,0.12797286653880457,0.133998536462024
0.13284873867101385,0.10430150102620518,0.08778214543426817
0.07571384156935702,0.0869126775099469,0.053831900075069085
0.25549586814380804,0.1416287633013698,0.1606605498671002
0.2046594242979944,0.1261568539242301,0.1304529214419768
0.15136958325543978,0.10993826094331181,0.09878745479506189
0.12627506974145028,0.10230082587548046,0.08387599202557738
0.08388734747326686,0.08940025793595706,0.05868869592067766
0.10072869087328028,0.09452586702979131,0.06869602540954811
0.26622222946739726,0.1448932971237664,0.16703428321082786
0.13928230730277574,0.10625953709859712,0.09160504955528091
0.057899437610376046,0.08149092054171624,0.04324636625920888
0.11999090808718771,0.10038826133967357,0.08014186733363157
0.24111107262938836,0.13725079671340762,0.15211293077736046
0.08167047372820016,0.08872555948953824,0.05737140278822549
0.1648892177015073,0.11405291852235154,0.1068209847372617
0.1424821701919759,0.10723340515260837,0.09350644669984642
0.05385909750310486,0.0802612559298067,0.04084554740882401
0.17780653814807942,0.11798426375867449,0.11449661243226282
0.23124735345862849,0.13424880527603614,0.1462517898111711
0.11638311064853013,0.09929023970796222,0.07799807055684234
0.09026151887736268,0.09134021665174843,0.06247630549220834
0.08246765589653864,0.08896817933727987,0.05784509805301088
0.11954873841312423,0.10025368841110341,0.07987912477721926
0.10458805335050012,0.0957004516778083,0.0709893051681266
0.11408308998441556,0.09859023576219722,0.07663137052167866
0.1617507389422272,0.11309773253229816,0.1049560627834755
0.13584734777462873,0.10521411813312366,0.08956395515071733
0.12069384115284788,0.10060219677392762,0.0805595586442119
0.20384109911558976,0.12590779926766157,0.12996666274308033
0.16892363513118414,0.11528078058624484,0.10921828426114574
0.16756041516638331,0.11486588894235882,0.10840824250678319
0.2188275761397611,0.13046888570210644,0.13887180824698006
0.11756678695381619,0.09965048781231026,0.07870142530199625
0.08447681283638594,0.08957965983721505,0.05903896335308479
0.0961231130284215,0.09312417411710175,0.06595933547422464
0.06651115728848715,0.08411186993080366,0.048363554017792146
0.07459628396987857,0.08657255242261182,0.053167833862823706
0.4361890341757939,0.19662215147766576,0.2680306097203889
0.2648414928520081,0.14447307434320003,0.1662138328512956
0.24401942217286895,0.13813594361137443,0.15384110717392935
0.1910752800163992,0.12202256298271047,0.12238105897700453
0.2540390226788653,0.14118537703543707,0.1597948747106851
0.11419561816009503,0.09862448335319253,0.0766982361216523
0.22869885343662172,0.13347317743102555,0.14473744034290972
0.012077101616726723,0.0675450388806614,0.016018181229871892
0.2668660096418655,0.14508922956444595,0.16741682515960749
0.21698600869566056,0.12990841053013283,0.1377775266477419
0.23788098960079385,0.13626773125645666,0.15019357646127135
0.10101953080921973,0.09461438323571929,0.06886884600932672
0.09248194458733604,0.09201599612734611,0.06379570924507298
0.09750587280917432,0.09354501264158714,0.06678098802303138
0.19802404006858326,0.1241373959190377,0.12651009605733948
0.24008072395761948,0.13693721338478596,0.15150068516239348
0.10472877980588266,0.09574328132520159,0.07107292652619557
0.11822859159050218,0.09985190594051829,0.07909467760374402
0.1823865439455559,0.11937817390038787,0.11721810714842945
0.10747487695044693,0.0965790472235872,0.07270469058927381
0.2975087751419534,0.1544152574101432,0.18562512621528954
0.19484580933490245,0.1231701115424931,0.12462155300063935
0.1715748309347243,0.1160876635644845,0.11079365680212214
0.25391078030792547,0.1411463468792854,0.15971867154624952
0.1274239345473377,0.10265047921113069,0.08455866135768496
0.1433094195714427,0.10748517586006026,0.09399800826433426
0.19388149616827954,0.12287662590902843,0.12404854647974348
0.1714524951845137,0.11605043106949345,0.11072096342300453
0.15485980435626276,0.11100049859199324,0.10086138629300365
0.041218283248392544,0.07641406447016517,0.03333422302989018
0.06712698569630346,0.08429929534054517,0.04872948668950645
0.09706583508052266,0.09341108856379617,0.06651951229431084
0.21460745909923135,0.12918450655453995,0.13636416377331284
0.1451195117574933,0.10803607163773869,0.09507358688539748
0.24048811959104904,0.13706120294511356,0.15174276456420951
0.21713156568937192,0.12995271033644365,0.13786401836998025
0.1586091270390495,0.11214159297990282,0.10308927907777485
0.19106600697041212,0.1220197407607705,0.12237554882117237
0.14792510469777903,0.10888994489159765,0.096740704068286
0.18144739359873172,0.11909234649079095,0.11666005267872184
0.03759942385600108,0.07531267616815264,0.031183853106697013
0.1090444017398439,0.0970567270821622,0.07363732116008856
0.1589540989166475,0.11224658406944557,0.10329426553054888
0.12722742678061563,0.10259067269972623,0.08444189407125192
0.07328587820947884,0.08617373461321345,0.052389174946075846
0.10533518954463492,0.09592784019308476,0.07143326251108781
0.052376598512141645,0.07981006209513464,0.03996462861766165
0.1640091150835542,0.11378506210051263,0.10629801714063467
0.24290579668723628,0.13779701525033394,0.15317937747118354
0.1600803625654841,0.11258935881510687,0.10396350498238714
0.22150346950271255,0.13128328530370026,0.14046185637580813
0.12117052883529046,0.10074727514814119,0.08084281221776483
0.16458290322547633,0.11395969268955271,0.1066389689790147
0.07011348638257274,0.08520822728930352,0.05050410143824488
0.19507462390093963,0.12323975052512193,0.12475751737710243
0.11073009544495552,0.09756976257933828,0.07463898070254246
0.10816742505792572,0.09678982202897528,0.07311621103237732
0.2407983880867176,0.137155632171165,0.15192712984864212
0.08858179173274984,0.09082899705821047,0.061478191352006786
0.0621395845641385,0.08278139572942493,0.04576591274903913
0.13126680906925584,0.10382004580259342,0.08684214377424758
0.3246997224968401,0.16269073542409226,0.20178231527270515
0.13267988997262858,0.10425011246394095,0.087681813500029
0.07376376958552865,0.08631917932773339,0.0526731437688965
0.17692185900737023,0.11771501448674632,0.1139709254105851
0.16171064660315984,0.11308553055690737,0.10493223943176931
0.22438872974741245,0.1321614050473011,0.14217631283240081
0.21698933458392597,0.1299094227536077,0.1377795029306858
0.11051626656925553,0.0975046844437181,0.07451192100412425
0.11233691213960585,0.09805879211021393,0.0755937705734962
0.18497665722246295,0.12016646660666719,0.11875718371493936
0.09066134498193962,0.09146190245013723,0.06271388698863137
0.12659145218469553,0.10239711586195685,0.0840639902914432
0.10121455310286488,0.09467373764813568,0.06898473060973105
0.09574460362108221,0.09300897598745844,0.06573442061654894
0.11704701081514257,0.0994922956040129,0.07839256804776126
0.21357834968618394,0.12887130039035344,0.1357526545408337
0.1033370929997765,0.09531972588905152,0.07024596943119289
0.13809511555417267,0.10589821908029921,0.09089960589128372
0.1561727337568559,0.11140008446322715,0.10164154478720971
0.1189656758214641,0.10007623517289642,0.07953266194888119
0.11531438524689686,0.0989649765441328,0.07736302102586139
0.09682119595274882,0.09333663342632645,0.06637414477229371
0.09603768741882551,0.09309817510556255,0.06590857454609028
0.23558786229079473,0.135569825281008,0.14883097254031144
0.08847190581295203,0.09079555362935682,0.061412895812364685
0.13766094689534147,0.10576608123516994,0.09064161763467826
0.17706429652982494,0.11775836489193996,0.11405556350535732
0.2255691965622663,0.132520676353483,0.142877760459608
0.13320259611611632,0.1044091964098487,0.08799241179848381
0.08674096145946213,0.09026874624182005,0.060384347788561527
0.046842900959643594,0.07812589891266601,0.036676438751551514
0.04812508895398205,0.07851612873505569,0.03743833033117524
0.10695503406482981,0.09642083470107056,0.07239579367319918
0.21625264924426899,0.12968521492252474,0.1373417556115758
0.2427665255194364,0.13775462851507006,0.15309662086255868
0.23330815727069973,0.13487600433663796,0.14747634430599244
0.2372226790630385,0.13606737654610246,0.14980240039527493
0.14600079280717226,0.10830428671151089,0.0955972547203772
0.07901741010138576,0.08791810804524827,0.055794920364118684
0.1978109496594328,0.12407254253335413,0.12638347516465662
0.1455142600203096,0.10815621201119988,0.0953081510669674
0.06939877740266297,0.08499070789314496,0.050079412737306365
0.3208198559329766,0.1615099104227694,0.1994768517384005
0.1974884572970352,0.12397439301249125,0.12619184631109645
0.05726717664911659,0.08129849393679896,0.04287066916593137
0.13776969810861686,0.10579917931971625,0.09070623891801127
0.11150362975747892,0.09780518527766399,0.07509862412602156
0.0991631035766963,0.09404938553458235,0.06776573454448002
0.22177852682856902,0.1313669981226391,0.14062529875821161
0.04798375939349993,0.07847311553455075,0.037354350600777735
0.15185775449855923,0.11008683430255332,0.09907753203895214
0.18523546456103926,0.12024523379385957,0.1189109701587968
0.14554952509934344,0.10816694482541177,0.09532910600250664
0.08212283979208558,0.08886323565679641,0.05764020416251966
0.3019411679534508,0.1557642420108634,0.18825890751380028
0.10439211336767301,0.09564081796961953,0.07087287526573578
0.05857477813672362,0.08169645827472617,0.04364766174994409
0.14941925340184448,0.10934468427925798,0.0976285452595617
0.17090293983461133,0.11588317565333583,0.11039441100208322
0.31722344310065675,0.16041535365964849,0.197339819832086
0.2423263916999352,0.1376206751923358,0.15283508803549573
0.0501922701704182,0.07914526873831443,0.038666674356632284
0.10121403467853103,0.09467357986734481,0.0689844225557354
0.1024235677992896,0.09504169741092793,0.06970314173268212
0.15450136545576212,0.11089140885702664,0.10064839757270161
0.1222880684313309,0.10108739475618757,0.08150686773215032
0.12832919002687776,0.10292599082608707,0.08509657508821052
0.11879948212238872,0.10002565465119531,0.07943390764727257
0.10792185212781041,0.09671508269174413,0.0729702886337397
0.14353602622946565,0.10755414287293447,0.09413266067521064
0.23395009934674496,0.13507137735793076,0.14785779403450686
0.1547975276016847,0.11098154486057077,0.10082438069388018
0.1675253733309479,0.11485522407162332,0.1083874202252841
0.06323074730606168,0.08311348762613488,0.04641429481839334
0.07353320598401566,0.08624900803174164,0.05253614009444621
0.1726523106262252,0.11641559106848494,0.1114339082377889
0.08085534924854729,0.08847747895663294,0.056887045985529745
0.20114836743168416,0.12508827497684571,0.1283666090807373
0.1305317180496661,0.10359632319773275,0.08640534381936169
0.08019574340929059,0.0882767300254023,0.05649510023574946
0.1834173795914235,0.11969190543802183,0.11783064212928274
0.31712284675747765,0.16038473748377952,0.19728004427097698
0.056021665843567464,0.0809194266997173,0.042130571614505216
0.15062821239773533,0.10971262708977059,0.09834692328458342
0.10710038651020702,0.09646507225374905,0.07248216385034922
0.17792796433440788,0.11802121943080177,0.11456876533754519
0.14634794315798702,0.10840994081242204,0.09580353564822619
0.19646826572761958,0.12366390096554183,0.12558563616892324
0.18845016824349325,0.12122361859591484,0.12082118588181193
0.23808917844648197,0.1363310928669498,0.1503172847857928
0.13470394327407864,0.10486612662396975,0.08888453039793569
0.16202017396233045,0.11317973422043161,0.10511616432395085
0.15630051727934696,0.11143897497031838,0.10171747529835964
0.1620178260294786,0.11317901963456456,0.1051147691539155
0.13871178643134932,0.10608590089290093,0.09126603916845887
0.08211881270076715,0.08886201002441095,0.05763781121625953
0.13520634847353097,0.10501903204237596,0.08918306563045383
0.22812671832855005,0.13329904993756034,0.14439747075719253
0.168414155009276,0.11512572193777731,0.10891554502432448
0.18323311649191484,0.11963582555198984,0.11772115077187578
0.18967347229720485,0.12159592727897534,0.12154808791330628
0.09427431236366407,0.09256149753751486,0.06486075580798167
0.22294750039922903,0.13172277149664588,0.14131991696101864
0.07384212426191167,0.08634302632332469,0.05271970306318408
0.1552018289680728,0.11110459269060345,0.10106462144487906
0.23306910945370343,0.1348032508967516,0.147334299208315
0.19421175544607716,0.12297713926579551,0.12424479052816517
0.18591205468051908,0.12045115183654978,0.11931300817285122
0.07002676942773425,0.08518183526096283,0.05045257317718351
0.10665575767772884,0.0963297508881668,0.07221796003232982
0.09026673126130583,0.09134180302415974,0.062479402753650014
0.22848493133922224,0.13340807092367885,0.14461032525103268
0.3855788151468267,0.1812190929012573,0.23795740681150696
0.04974924352939328,0.07901043499458542,0.03840342258010952
0.12967948851052322,0.10333694985843826,0.08589893874253476
0.06383455383790293,0.08329725421630603,0.0467730839463238
0.34260886627504367,0.16814132615382396,0.21242414463246337
0.05629854145709294,0.08100369290870285,0.04229509444538446
0.15397683367005868,0.11073176928273926,0.10033671445561049
0.06647127345356203,0.0840997314129828,0.04833985456176316
0.0856265535435034,0.08992957975060796,0.059722153156273806
0.09758010719554469,0.09356760564006826,0.06682509899127007
0.13449346925561345,0.10480206952843776,0.08875946419617259
0.15679574892561302,0.11158969714071564,0.10201174791900441
0.1343610707381724,0.10476177446236815,0.0886807913993297
0.14499897579197116,0.10799938690147169,0.0950019629600615
0.10323095504768542,0.09528742314220309,0.07018290097919234
0.1648007985611909,0.11402600843929511,0.10676844501704753
0.10994819399403553,0.0973317933691555,0.07417436542445406
0.2254198613968816,0.13247522667268583,0.14278902370216634
0.3247817496964618,0.16271570014040587,0.20183105682462105
0.05656678724181344,0.0810853326568448,0.04245448932784357
0.23601008685926775,0.13569832798037135,0.14908186347428554
0.17452611296544243,0.1169858768278698,0.11254734420071512
0.23332569538615222,0.13488134200608146,0.14748676566584346
0.034901384421508266,0.0744915364803921,0.029580645514901843
0.26049354284721293,0.14314978964109595,0.16363022848757935
0.13623299529217184,0.10533148872381735,0.08979311155961846
0.14107618841003103,0.1068054990862017,0.09267099535768929
0.4916778843266267,0.2135100058598337,0.30100275411698696
0.09434834218872973,0.09258402827841598,0.06490474522342421
0.07657699258170221,0.08717537476474109,0.05434479482307274
0.11434497100615917,0.09866993841504794,0.07678698338516717
0.17817343257839036,0.11809592690714266,0.11471462553041929
0.07887989830720064,0.08787625676972695,0.055713209196527606
0.11550782188135811,0.0990238483662391,0.07747796340844303
0.07125793020602156,0.08555653511306349,0.05118414376923543
0.10685788357087964,0.09639126725841275,0.07233806567728616
0.1764316955027869,0.11756583478908908,0.1136796643408902
0.11072815420283048,0.0975691717684952,0.07463782719304494
0.15600388294305084,0.11134869525714176,0.10154121159596272
0.06942273841278845,0.0849980003500755,0.050093650658683424
0.21252539802431114,0.1285508379138589,0.13512697795637515
0.11475312472290694,0.09879415869561316,0.07702951324923954
0.24567424653185094,0.13863958412161348,0.15482442377838326
0.14440834802597005,0.10781963122660759,0.09465100481383425
0.2783868155563292,0.14859555006162342,0.17426262706655485
0.12396600032758798,0.10159806797162009,0.08250391511411367
0.10067170796604012,0.09450852446390394,0.06866216547839868
0.23706894256837113,0.13602058733479042,0.14971104831485815
0.13061613723144416,0.10362201590617846,0.08645550671594102
0.1258792636956097,0.10218036356913314,0.08364079929656931
0.37670985375292687,0.1785198528172745,0.23268736292102044
0.14877951648587245,0.1091499823913927,0.09724840586377444
0.11026563079206739,0.09742840424514472,0.0743629902006577
0.10650481709744461,0.09628381260447068,0.07212826931798054
0.1584978547746611,0.11210772762149902,0.10302315975544644
0.29598118420211017,0.1539503399847962,0.18471741324393526
0.10528346962849988,0.09591209940173721,0.07140252991276677
0.15136806996641464,0.1099378003786285,0.0987865555804607
0.1570924282692623,0.11167999055173655,0.10218803836531413
0.08717064857437683,0.09039952014336693,0.060639673057688824
0.11714127830953454,0.09952098561495988,0.0784485829305447
0.30106130190390207,0.15549645758786296,0.18773608048897392
0.22882500579940548,0.13351157149986773,0.14481240159927694
0.0648316243232126,0.0836007094351274,0.04736555526129688
0.2111425921284403,0.1281299853543846,0.13430529800540864
0.01142841694574672,0.06734761377212747,0.015632724970077786
0.10247865782282431,0.09505846388370284,0.06973587688949057
0.10536041689455233,0.09593551805648798,0.07144825290685132
0.11677597754580536,0.09940980749382773,0.07823151680830362
0.3177461209009029,0.16057442897938135,0.19765040128864503
0.004226829331493936,0.06515583357449602,0.011353454701249915
0.07449039095366199,0.08654032422121478,0.05310491095467568
0.07860386270733317,0.08779224621621601,0.05554918551190097
0.07034463308922306,0.08527857605148223,0.05064145160080477
0.13120152021413728,0.10380017534798806,0.08680334834863315
0.05531925318842157,0.08070564965074145,0.04171318953813267
0.2773766447921327,0.14828810781474866,0.17366237140777327
0.09486352641731718,0.09274082295353932,0.06521087390927133
0.0772994232084474,0.08739524421946088,0.05477407181974539
0.21759686269999337,0.13009432199605606,0.13814050346887535
0.17100676125406056,0.11591477337087078,0.11045610294243205
0.1099158774017726,0.09732195791747868,0.07415516251533602
0.23864938298748806,0.13650158933041986,0.150650165084582
0.09901611267310727,0.0940046493223783,0.06767839077568769
0.18945050020138718,0.12152806643350418,0.12141559520315398
0.11786995558753188,0.09974275621804428,0.07888157176277581
0.1680493866329067,0.11501470584703842,0.10869879525307721
0.23466320988998296,0.13528841027499178,0.14828153292508525
0.24432733168080478,0.13822965488704075,0.15402407071938273
0.2550496085451532,0.14149294561730813,0.1603953770281386
0.07364591135854731,0.08628330955264178,0.05260311098811624
0.11304648002321294,0.09827474683012677,0.07601540437296907
0.2144019039530659,0.12912194650208772,0.13624202042483105
0.11652723830190022,0.09933410449910385,0.0780837129478011
0.23066852435681562,0.1340726404869479,0.14590784257358988
0.039307350922552727,0.07583247831789797,0.03219872398082982
0.07354396631309486,0.08625228290354192,0.052542534011840274
0.08310186358205465,0.08916119842150909,0.05822195191333478
0.3079538737637934,0.15759418982726017,0.19183172986737201
0.09545629189974802,0.09292122923557355,0.06556310231239923
0.09369844698956643,0.09238623474949408,0.06451856965317507
0.06305095330801909,0.08305876789686542,0.0463074590550105
0.005589366070696415,0.06557051728085246,0.01216309047471693
0.17281659018633175,0.11646558902810192,0.1115315251349227
0.21484640428124926,0.12925722875779824,0.13650614788404783
0.12610764659325563,0.1022498711748654,0.0837765071704652
0.19645877947344037,0.12366101385436952,0.1255799993222102
0.14326118399254834,0.10747049551562736,0.09396934610125046
0.05559342474098434,0.08078909288740659,0.04187610558335572
0.22040735853692633,0.1309496874308559,0.13981053401211957
0.08615646263698,0.09009085589134794,0.0600370315345369
0.118044704200361,0.09979594040043265,0.07898540949737731
0.11932735794306995,0.10018631197185159,0.07974757783030315
0.17151748660656377,0.11607021100129408,0.11075958211030035
0.15077655035588164,0.10975777327372867,0.09843506748944987
0.11884809865275166,0.10004045093699164,0.07946279617631653
0.10804609129737801,0.09675289448633906,0.07304411304760958
0.10002347789515144,0.09431123771145648,0.0682769793474651
0.13703225086553372,0.10557473960575822,0.09026803886669067
0.023754361886583357,0.07109897576138532,0.02295695020287763
0.1023116954398685,0.09500764941551704,0.06963666582664339
0.11494398829005847,0.09885224741289877,0.07714292668417387
0.07348391971485776,0.08623400791308145,0.05250685359852816
0.25629909035736187,0.14187322141758846,0.1611378341996439
0.06729561894260289,0.08435061833065488,0.048829690599516036
0.11109930558723732,0.09768213050735125,0.07485836982469812
0.21476838691781247,0.12923348442232507,0.1364597890251838
0.134327431436834,0.10475153644840718,0.08866080252051683
0.2307910402597286,0.13410992781083836,0.14598064300161728
0.06557342128517281,0.08382647297213824,0.047806339968066505
0.0786770211332402,0.08781451174956532,0.05559265713144773
0.18292605298932949,0.11954237175535061,0.117538689933011
0.10796161374262199,0.0967271840122637,0.07299391546510219
0.20702857632256172,0.12687789777883077,0.13186070016579587
0.19661437561762768,0.12370836904407556,0.12567245642881356
0.14811897195683385,0.10894894777292405,0.09685590233319769
0.13889174916538147,0.10614067197643007,0.09137297519680307
0.1709163413956242,0.11588725437564251,0.11040237437136646
0.14502890117040645,0.10800849459485441,0.09501974498106594
0.08936044650003082,0.09106597815059339,0.06194087741149628
0.09035884609792585,0.09136983788058667,0.06253413850120734
0.07308208585289773,0.08611171106014323,0.05226807906843819
0.21099967031756867,0.12808648755755722,0.13422037214061458
0.12983591308815462,0.103384557179218,0.08599188811428826
0.2528584853821268,0.14082608427831844,0.15909338520229155
0.19264134407906836,0.12249918958015488,0.12331163314223406
0.23865553455033545,0.13650346153893217,0.15065382041746284
0.11373958001713472,0.09848568960039197,0.07642725275365733
0.12683529634096166,0.10247132905238618,0.08420888543179667
0.20837328705810404,0.1272871561978872,0.1326597435127645
0.1360247801733388,0.10526811911717639,0.08966938762327695
0.21171814184649324,0.12830515207349555,0.13464729659358388
0.21967482667648408,0.13072674369791096,0.1393752547404828
0.22458666967816723,0.13222164743325615,0.14229393112798572
0.12797681521892737,0.10281874667832705,0.08488718972488306
0.11980533613995052,0.10033178311001413,0.08003159824310918
0.16213320460051778,0.11321413473428713,0.10518332849321033
0.23716175123754205,0.13604883335693896,0.14976619634609048
0.14478468795857435,0.10793416908354168,0.09487463054344117
0.07804774809572729,0.0876229945097008,0.05521873549851841
0.09640422416764063,0.0932097293948093,0.06612637510558532
0.0853563708993404,0.08984735052547883,0.05956160736855993
0.11290921013188956,0.09823296917696911,0.07593383694697772
0.12630509754504993,0.1023099647416353,0.08389383490885065
0.05393512123512977,0.0802843935099248,0.040890721627844226
0.20385465432757133,0.12591192475314988,0.1299747174136234
0.15984546858943213,0.1125178695834498,0.10382392814712696
0.2092632978146193,0.12755802813006312,0.13318859864489602
0.05488060946563608,0.08057214983418526,0.04145254214452075
0.11270113214086173,0.09816964130473789,0.07581019449363308
0.1226554850654464,0.10119921683571631,0.0817251911301092
0.11351549643998413,0.0984174904791256,0.07629409958788369
0.09813003942187788,0.0937349757573643,0.06715187535671478
0.14157185467966876,0.10695635353283452,0.09296552623678658
0.0697396281147952,0.08509444471913623,0.05028195034382671
0.10179075356190297,0.09484910241818793,0.0693271158760528
0.18216430249943252,0.11931053542581853,0.1170860485991432
0.2466183686784658,0.13892692468260318,0.15538543255152548
0.07340838173625554,0.08621101817046661,0.05246196802005366
0.08010240861803977,0.0882483238796785,0.05643963957642826
0.17650866229377135,0.11758925938619048,0.11372539893692495
0.130826533936403,0.10368604947159184,0.08658052697708558
0.06668876804063882,0.0841659251961568,0.04846909247011936
0.1628526335766146,0.11343309064621553,0.10561082187284386
0.288498455195042,0.15167299530187195,0.18027108536669462
0.18040989333285398,0.11877658659733521,0.11604355750023038
0.16408672613173433,0.11380868277523473,0.10634413456207005
0.023950767689211935,0.07115875124034356,0.023073656901016173
0.16543480919690615,0.11421896755204672,0.1071451817880014
0.06881665201514406,0.08481353989002624,0.049733506806979424
0.19790810273809242,0.12410211076266016,0.12644120469643502
0.17561984488792937,0.11731875064648165,0.1131972529081649
0.11253519654146876,0.09811913933485106,0.07571159355797048
0.08050142612537341,0.08836976358407798,0.056676740594611426
0.19500872684477305,0.12321969496646955,0.1247183605510854
0.10244408918958128,0.09504794303054379,0.06971533579044471
0.12235839253622675,0.10110879767298621,0.08154865516394745
0.025209574589426194,0.07154186510138583,0.02382165515234907
0.07759993962688735,0.08748670543194341,0.05495264230220113
0.23786433817437194,0.13626266344798865,0.15018368198274284
0.12404900612969388,0.10162333052247549,0.08255323816343521
0.15300681002428362,0.11043654568317696,0.09976031469908873
0.19376328475300908,0.12284064864220874,0.12397830383021986
0.33767426467781797,0.16663949591258753,0.2094919448128395
0.1467180983520852,0.10852259636393825,0.09602348633157594
0.13883470569602213,0.10612331097865535,0.09133907927891162
0.16410046119576305,0.11381286299811948,0.10635229610287002
0.15428085797867447,0.11082429811039707,0.10051736936874164
0.11532193756151726,0.09896727506697507,0.07736750870234974
0.11921551968378495,0.1001522743547083,0.07968112218697691
0.11858731116586786,0.09996108109798399,0.07930783310443823
0.11422947780785325,0.09863478842888279,0.076718355932967
0.10693944985104113,0.09641609169536018,0.07238653334529643
0.12818194528650667,0.10288117735946861,0.08500908048653917
0.08630632106461111,0.09013646482533912,0.06012607922072018
0.14045384007798029,0.10661608935833598,0.09230118846831281
0.15421740161833847,0.11080498536972834,0.10047966283364144
0.08778926385421641,0.09058779372871097,0.06100726172239112
0.14268102722499024,0.10729392665570835,0.09362460994866152
0.031089667729371287,0.0733314526749445,0.027315677456806492
0.209325950245423,0.12757709619734572,0.13322582747536635
0.16507033810233376,0.11410804193807358,0.10692860866518575
0.35921049085032136,0.17319397758870891,0.22228903030275968
0.14337429007559388,0.10750491899088432,0.09403655510075526
0.09918234327595622,0.09405524107562495,0.06777716700596424
0.029432942853575225,0.0728272337484806,0.026331231542326472
0.12203436480190358,0.10101018086657995,0.08135611397386043
0.036152767206353166,0.07487239083562473,0.03032423226728822
0.10962203638592342,0.09723252834246164,0.07398055863765844
0.14262753426233482,0.10727764624331301,0.09359282378470078
0.10740159658572433,0.09655674457854863,0.07266114651221142
0.07920555690436246,0.08797536992403135,0.05590671946499477
0.12662063796243325,0.10240599846022863,0.0840813328327875
0.09903735601873036,0.09401111466679431,0.06769101382802085
0.0468764169891637,0.07813609940924274,0.0366963543807624
0.1502589761423404,0.10960025121431487,0.09812751864570096
0.13869142361605583,0.10607970353507921,0.09125393933787379
0.1774700957449134,0.11788186858744264,0.11429669429612986
0.12819721561369574,0.10288582483479443,0.08501815429923648
0.205400006305898,0.12638224769385298,0.1308929842083839
0.1267171328211235,0.1024353663623884,0.08413867124231687
0.07092822608751885,0.08545619071725523,0.0509882296031665
0.14999713933732783,0.10952056201868515,0.09797193205632754
0.04055239791067405,0.07621140439362653,0.03293854592634326
0.20734696050955695,0.1269747969896263,0.13204988789195465
0.15402652079644832,0.11074689140101798,0.10036623914573303
0.04938574482087715,0.07889980532320391,0.03818742726082312
0.12281675841231321,0.10124829986393219,0.08182102169905711
0.20055145162476867,0.12490660555680554,0.12801191450471505
0.12146863121191942,0.10083800165470612,0.08101994824744412
0.07667596671145292,0.08720549722513242,0.05440360644538615
0.1724886040643729,0.11636576749905692,0.11133663182313282
0.1134955363651093,0.09841141569406474,0.07628223907051589
0.0579750508766777,0.08151393319790193,0.043291296574542844
0.23386818296552156,0.13504644636884294,0.14780911833222082
0.14600325702318848,0.10830503668778789,0.095598718987272
0.14369429444413298,0.10760231129875988,0.0942267055583398
0.23830949290092526,0.13639814486775392,0.15044819829336814
0.17658327151411532,0.11761196646419471,0.11376973263603403
0.1859127678190224,0.1204513688779762,0.1193134319283559
0.18515867741930706,0.12022186387243448,0.1188653423125159
0.06839627889119482,0.08468560067189256,0.049483716023684635
0.10503386026153283,0.0958361315878374,0.07125420901464027
0.18462413695415802,0.12005917818851283,0.11854771191731367
0.11124034633220596,0.09772505580777671,0.07494217793743184
0.12642063651924443,0.10234512865954602,0.08396248956163627
0.20835934383288682,0.12728291262180913,0.1326514582800743
0.12020914996006163,0.10045468255689426,0.08027154928822652
0.22941654075559026,0.1336916032751677,0.14516389880885952
0.06257770545967258,0.08291473642517638,0.04602624947238888
0.21023672759313689,0.12785428837525095,0.13376702236659843
0.23536300121038686,0.13550138952910804,0.14869735737271975
0.22851478367785064,0.1334171563876298,0.1446280638709024
0.03186339909397386,0.07356693534544126,0.027775437971009134
0.08544751493565782,0.08987508992193324,0.05961576625486196
0.10132390748065416,0.09470701930387605,0.06904971030069709
0.2104379846605478,0.12791554032115693,0.1338866117448152
0.21959588377804073,0.1307027176788135,0.13932834591754847
0.115954347093791,0.09915974688900596,0.07774329407831693
0.20068355701053922,0.12494681140918712,0.12809041311918176
0.13023390564438464,0.10350568494302143,0.0862283800941566
0.09743907580326282,0.09352468318610316,0.0667412964360154
0.19879673471597387,0.12437256306796121,0.12696924054166342
0.14903344475484817,0.10922726464932979,0.09739929310559489
0.12205764996525002,0.10101726763170116,0.0813699502989252
0.05363537648743004,0.08019316715296823,0.04071260968145468
0.1926741035411971,0.12250915981786151,0.12333109920997076
0.13950047003100596,0.10632593422839787,0.09173468448117356
0.12380969123599483,0.10155049579864736,0.08241103436555772
0.19082730617126595,0.12194709293465907,0.12223370992568923
0.28069851326431466,0.14929910787840878,0.17563626574210472
0.13436459917068772,0.10476284832953883,0.08868288803651134
0.08701363262634841,0.09035173284089484,0.060546372286508755
0.12703361519155879,0.10253168676138584,0.08432672888612452
0.06292579366399849,0.08302067595880924,0.04623308768411225
0.2544954659016157,0.14132429407297867,0.16006609878197992
0.27083261117973484,0.14629645207818578,0.16977382766218002
0.1367737943025895,0.10549607917600952,0.09011446085794712
0.15319313791947803,0.11049325398318353,0.09987103298300994
0.1472602697059729,0.10868760448448399,0.09634565109295556
0.30839208816337865,0.15772755898067106,0.1920921221519574
0.21478192506233565,0.12923760471338716,0.1364678335540369
0.23378772559787248,0.13502195942587802,0.14776130959340758
0.17772147890841486,0.11795837625065411,0.11444606920556301
0.212308696867042,0.12848488560851354,0.1349982115135856
0.12492200354668487,0.10188902449908648,0.0830719837639052
0.21796959889147663,0.13020776306588572,0.1383619878120185
0.14676981398740463,0.10853833585243323,0.09605421638618457
0.1123980507862776,0.09807739946212891,0.07563009989516693
0.13107057985946508,0.10376032406910148,0.08672554200970432
0.0410269894882181,0.0763558448250064,0.03322055396906993
0.07829528187899618,0.08769833062632863,0.055365823059763446
0.11526432077046658,0.0989497395805741,0.0773332721097905
0.13580804236756477,0.10520215565797543,0.08954059940350398
0.03568848178711574,0.0747310870506207,0.030048348268201613
0.08684113921433556,0.09029923502167474,0.06044387461944794
0.3120726763217282,0.15884773423551912,0.19427917205282255
0.14266160969564312,0.10728801699264635,0.09361307181839346
0.0841417248094351,0.08947767686606016,0.05883985000364327
0.11508709601168929,0.098895801791072,0.07722796301938457
0.05979078287614975,0.08206654543478877,0.044370226440802026
0.11763663592330079,0.09967174612316361,0.07874293040259839
0.2212827482177732,0.13121610948533383,0.14033070112464233
0.08737877838132656,0.0904628637856086,0.060763346300679644
0.21015884850365546,0.1278305861230148,0.1337207456717871
0.12730043976826783,0.10261289396940691,0.0844852792696323
0.10850069706820345,0.09689125230125364,0.07331424528279613
0.1561128770898569,0.11138186727773243,0.10160597723333126
0.2309793632603629,0.13416724331481597,0.1460925468012679
0.04342623864458059,0.0770860486455768,0.03464621677181237
0.16339085440753626,0.11359689643770961,0.10593063918580262
0.22418494667434308,0.1320993843196379,0.1420552224711381
0.05232422223014423,0.0797941215409323,0.039933505998824066
0.09506816115121547,0.09280310288145673,0.06533247033767635
0.09917674977174902,0.09405353871047807,0.06777384327826207
0.1827444054664565,0.11948708791171686,0.11743075278280556
0.06165074114444564,0.08263261779538919,0.04547543608971697
0.18974595576724765,0.12161798739166232,0.12159115846593302
0.1941822382375435,0.12296815579761906,0.124227251046642
0.09375654322088173,0.09240391615200905,0.0645530911349255
0.13191323845495367,0.10401678452225227,0.08722625991631028
0.1444888204775467,0.1078441227603176,0.09469882251569885
0.11939914909068247,0.10020816137841727,0.07979023699658709
0.13265083196452018,0.1042412687519476,0.08766454688094033
0.09894290077169411,0.0939823675139295,0.06763488738035027
0.022101554895829323,0.07059594923072533,0.021974832342970377
0.2934668517375001,0.15318511092679168,0.1832233665506117
0.14813821098620625,0.1089548031100883,0.09686733439662669
0.06083619277234276,0.08238471259897749,0.04499142161708015
0.3048596456173369,0.15665247136993896,0.18999310216173995
0.09718413979049569,0.09344709422456081,0.06658981038067277
0.07180098120336581,0.08572181095028684,0.05150683122537254
0.10971712663972591,0.09726146875760829,0.07403706241401262
0.17039739510138388,0.11572931472784878,0.11009401022070786
0.27065386710536576,0.1462420518898339,0.16966761577611458
0.2108034150831643,0.12802675790355755,0.13410375491193205
0.271595125259655,0.1465285208039034,0.17022692273045464
0.08862159461919858,0.090841110939621,0.061501842707474136
0.06157542570482838,0.08260969578180404,0.04543068274659318
0.3726200354326336,0.17727512966920253,0.2302571435193566
0.27168712320383215,0.14655652008448844,0.1702815890191119
0.19432554987730588,0.1230117722376244,0.12431240855246743
0.18517208761960122,0.1202259452240786,0.11887331081536424
0.21947115934033412,0.13066475819440965,0.13925423315149402
0.10706573148598268,0.09645452510777085,0.0724615714167398
0.1753196519370962,0.11722738788033234,0.11301887463406465
0.1291837233689576,0.10318606532045,0.08560434911254483
0.09437159915099982,0.09259110646062937,0.06491856479106917
0.11810271708395259,0.099813596436334,0.07901988145290428
0.28607413971064993,0.15093516262439585,0.17883052784933767
0.14111632213823527,0.10681771365824427,0.09269484330332023
0.04813403901348866,0.07851885265709115,0.037443648564542915
0.09076906116001847,0.09149468552502629,0.06277789324156009
0.25654972049534686,0.14194949989988837,0.1612867616522279
0.16553016921748742,0.11424799006985131,0.10720184586303154
0.11008439768329728,0.09737324652711997,0.07425529930031353
0.19589471029923153,0.12348934120212293,0.1252448226117337
0.08845977463376417,0.09079186154370254,0.061405687319292725
0.30691581766512566,0.15727826076786947,0.19121490440632877
0.11446825843418672,0.09870746055014393,0.07686024226272828
0.16705450773377584,0.11471191763047361,0.10810762620505955
0.15741208813174629,0.11177727801029395,0.1023779841132429
0.1926852029646076,0.12251253789193908,0.12333769462130867
0.073407088162726,0.08621062447549291,0.052461199363051755
0.08243507957966707,0.08895826483924757,0.0578257408123964
0.25025355711471725,0.14003328267698,0.15754550538963852
0.2241150219741299,0.13207810296037914,0.14201367237042326
0.23523282290115413,0.13546177017631786,0.14862000385038748
0.18028343682255843,0.11873809996216907,0.11596841551574122
0.18564314420295355,0.12036930979126269,0.11915321832188211
0.12181677751747585,0.10094395887126312,0.08122682098361975
0.1437065339574317,0.10760603635555482,0.0942339784248476
0.0970702853808584,0.09341244299849476,0.06652215671647631
0.13975829491155353,0.10640440240762584,0.09188788713661392
0.17718100581529056,0.11779388499034957,0.11412491357122334
0.3092443125868288,0.15798693076302084,0.1925985241889779
0.12102439593542484,0.10070280006663097,0.08075597828513943
0.11521998358664452,0.09893624570023463,0.07730692642010457
0.18015640004890185,0.11869943672570148,0.11589292873176048
0.20597405552324474,0.126556957740365,0.13123409118093182
0.12549060304939297,0.10206207594234767,0.08340985245024805
0.34422326640525863,0.16863266367910196,0.21338344067234624
0.16353730364867602,0.11364146779667683,0.10601766109223089
0.22352317404158195,0.1318979759317223,0.14166198918650857
0.12427227149559315,0.10169128062375957,0.08268590513820896
0.24252772145314594,0.13768194925993274,0.15295472060449208
0.07486579550524868,0.0866545773979226,0.05332798086959384
0.07078925570394218,0.08541389552470956,0.05090565172415673
0.1277792014095161,0.10275860354636136,0.08476976521453626
0.20743429031125896,0.12700137553595336,0.13210178031401826
0.18325963829958958,0.11964389737947843,0.11773691035006001
0.06270386844089051,0.08295313372570498,0.046101217038357865
0.08832683389615326,0.09075140145465538,0.06132669232868143
0.12305108513638682,0.10131961645426055,0.08196026146634618
0.1401915771559799,0.10653627047536138,0.09214534867508298
0.15501128971691433,0.11104660267785482,0.10095140072242144
0.2695928083327311,0.145919122040063,0.16903712184860506
0.19397718460346006,0.12290574837876775,0.12410540570269164
0.10897944407430797,0.09703695742404904,0.0735987225313211
-0.008168580498403754,0.06138333016803546,0.003987952593070998
0.06175064804807131,0.0826630241425314,0.045534801977523603
0.21191731211089107,0.12836576890756726,0.13476564596826715
0.22622405412302599,0.13271998016131323,0.14326688472500343
0.1723271339856043,0.11631662459611486,0.11124068435371465
0.1974998326443354,0.12397785506312367,0.12619860567973945
0.15797375771502573,0.1119482203547026,0.10271173495783122
0.2068948743229349,0.12683720600211953,0.13178125282410785
0.07382511434270113,0.08633784940872127,0.05270959556391424
0.07542961087150805,0.08682617280453017,0.05366300676432399
0.17206247477157027,0.11623607640931052,0.1110834206548401
0.1660444877134508,0.11440452126201475,0.10750746012010573
0.07716183489901203,0.08735336965676727,0.05469231518586923
0.0772462616021141,0.08737906465430434,0.05474248255171017
0.023340021363097766,0.07097287254594227,0.022710744063579476
0.17831273876672785,0.11813832430079521,0.1147974029486704
0.06684283758484279,0.08421281577003208,0.04856064245258982
0.08188324400145967,0.08879031544288543,0.05749783345229846
0.1032255077875097,0.09528576528596013,0.07017966415145861
0.14894970498159105,0.10920177871669778,0.09734953392175763
0.1265792244199135,0.10239339438078518,0.08405672440604559
0.2847991919336503,0.1505471363390375,0.1780729384942314
0.05885267281052322,0.08178103463145284,0.043812790118736254
0.1726232853205,0.11640675730935744,0.11141666105085071
0.11436822326785724,0.09867701516665732,0.07680080015967541
0.19619373483437258,0.12358034836468675,0.1254225065991292
0.16075181677084735,0.11279371375873316,0.10436249117429348
0.05773099212483416,0.08143965469599353,0.0431462739189072
0.2049051845963423,0.12623165028638478,0.13059895517707956
0.19822612572742787,0.12419890004410097,0.12663017779458566
0.15936072400905876,0.11237033911807462,0.10353588706759309
0.2585606040808752,0.14256150589892388,0.16248165294600242
0.1811931805356103,0.11901497755666496,0.11650899620878336
0.19250143992336524,0.12245661019704382,0.12322850040455814
0.09834828474582974,0.09380139802490943,0.06728155936198173
0.09271468895486817,0.09208683113251327,0.0639340087570091
0.10212147527232329,0.0949497565148474,0.06952363470751947
0.26570364917630274,0.1447354688678614,0.1667261365436557
0.10797136182669784,0.096730150810529,0.07299970789429945
0.15350835528224752,0.11058918938113668,0.10005833894399654
0.2353745278515907,0.13550489762555692,0.14870420664202597
0.12090367350097674,0.10066605857914158,0.08068424355771742
0.07059046929682823,0.08535339551637687,0.05078753044210413
0.0706949768487802,0.08538520205614836,0.05084963009066647
0.2491988144129062,0.13971227510319867,0.15691876454763445
0.18996621676788245,0.1216850231239704,0.12172204021061014
0.1807997396950636,0.11889523509299732,0.1162752089133038
0.16458164482589155,0.11395930969965683,0.10663822122279516
0.13081444409670714,0.10368236996748,0.08657334304843874
0.13171689468313605,0.10395702792217335,0.08710959007762838
0.1140034680653461,0.0985660030853401,0.07658405821649376
0.24787468673756186,0.1393092810727976,0.15613195190343093
0.13629638535601699,0.10535078128736078,0.08983077870054365
0.03177598414521708,0.07354033088488,0.02772349495353798
0.1547292479654029,0.11096076417126713,0.10078380811000612
0.0916377107495167,0.09175905625422155,0.06329405531046446
0.22292189602306273,0.13171497888650766,0.14130470253170818
0.24546291289616376,0.13857526540432435,0.1546988467816927
0.2732254412025625,0.14702470225595926,0.1711956761383106
0.19998644519151582,0.1247346476527612,0.12767618086360336
0.237143332910757,0.13604322779798686,0.14975525195404343
0.1338259948573682,0.10459892582640129,0.08836284285368418
0.161888372608059,0.1131396208990662,0.10503784636866981
0.043007440743236654,0.07695858884141392,0.03439736200479946
0.18022919523123404,0.11872159170702856,0.11593618450759134
0.021491778528509458,0.07041036574018654,0.021612495866754906
0.21012568354729272,0.1278204924744325,0.13370103865448327
0.24888780022945545,0.13961761892945157,0.1567339561665225
0.25350578853720535,0.14102308892689858,0.1594780205486647
0.062119503401516556,0.08277528409169482,0.04575398027987064
0.13724215863626887,0.10563862436560138,0.09039276859721926
0.14426545455385464,0.10777614205459035,0.09456609578827105
0.1033402373486734,0.0953206828615991,0.0702478378412533
0.20111418947649873,0.12507787302530624,0.12834630012730816
0.19393945764582532,0.12289426629966377,0.12408298788917775
0.054887942169227315,0.08057438151911192,0.04145689932548538
0.2328664970669015,0.13474158646371642,0.14721390448295976
0.13354199144717044,0.10451249029525556,0.08819408460000394
0.09070912291893357,0.09147644351271912,0.06274227721537541
0.32799056277057853,0.16369229215462092,0.2037377722770742
0.2689137839586307,0.14571246313975075,0.16863363737107875
0.08200464169641229,0.08882726244375343,0.05756996942766127
0.10365131045499307,0.09541535696833336,0.07043268123504473
0.041259541182732354,0.07642662119075579,0.03335873899237369
0.1496976191599357,0.10942940400898457,0.09779395355232506
0.10577790671832873,0.09606257975141964,0.0716963303983879
0.09527691780815396,0.09286663730349101,0.06545651606249527
0.11615689303111125,0.09922139109835378,0.07786364931858804
0.15058959521255588,0.10970087407275568,0.09832397648711941
0.127533190563721,0.10268373093089128,0.0846235826011167
0.08937987451665481,0.09107189100542436,0.06195242177343074
0.1287887599252026,0.10306585945735705,0.08536965706786431
0.3108116084550589,0.15846393225655503,0.19352983030793683
0.19154455264301795,0.12216538460835834,0.12265990643490281
0.0209157004885489,0.07023503822798938,0.021270183343326206
0.1638441695871597,0.11373486146531242,0.10620000453612224
0.28848916677126824,0.1516701683997518,0.18026556607319624
0.23335353187033703,0.13488981395116834,0.14750330644067552
0.35729226361960026,0.1726101712554315,0.22114919653318435
0.22125035712875907,0.13120625136080838,0.140311453948656
0.0801523175350939,0.08826351349923779,0.05646929605724038
0.1335992887342628,0.1045299285416468,0.08822813133945534
0.13086495602922033,0.10369774311286921,0.08660335784831376
0.1867136494365502,0.12069511464126738,0.11978932545049466
0.12218393840045275,0.10105570311374942,0.08144499241116573
0.17791707592946665,0.11801790557952171,0.11456229531592825
0.08123652587719073,0.08859348884656423,0.05711354573829235
0.0712774747382506,0.08556248342904689,0.05119575736614837
0.12524742479612438,0.10198806541736936,0.08326535299749133
0.1445662212134979,0.10786767942718424,0.09474481496706974
0.20926733699687625,0.12755925744228705,0.13319099877573762
0.18235240700990704,0.11936778443301349,0.11719782256930387
0.14310886055108,0.10742413636254496,0.09387883367409755
0.25473641924671947,0.14139762745426057,0.16020927616745487
0.22901836700156097,0.13357042036439254,0.14492729915907218
0.07368857273010188,0.08629629340486795,0.052628460889929556
0.05096999079617788,0.07938196552770795,0.03912880533795668
0.20578885105047928,0.12650059135038794,0.13112404044817513
0.09568157614562922,0.0929897937765345,0.06569696893002197
0.18836588353994244,0.12119796681548799,0.12077110289381797
0.05228206357120958,0.079781290687687,0.03990845481491628
0.16805502674340939,0.11501642239666253,0.10870214667480264
0.14600294042337408,0.1083049403316452,0.09559853085984166
0.08659628155878293,0.09022471337597293,0.06029837724558718
0.10153685564760788,0.09477182939860135,0.0691762466713501
0.17985385711512702,0.11860735874974693,0.11571315406943691
0.1342769292301807,0.10473616626305253,0.08863079349986511
0.06550284836766049,0.08380499433001407,0.04776440468880988
0.052367367393340976,0.07980725263360014,0.039959143375469526
0.08819647604119979,0.09071172745769844,0.06124923211811537
0.18671939974393506,0.1206968647289608,0.11979274235253727
0.09731542372299867,0.09348705007026321,0.06666782087769475
0.2669305062659748,0.14510885890607295,0.16745514983199575
0.17666449274302592,0.11763668588589547,0.113817995270427
0.045274475748745026,0.07764855370729638,0.035744461563550094
0.2762469823532924,0.1479442986582012,0.17299111235389836
0.21178110348498172,0.12832431424714974,0.13468470915899206
0.18060265753015162,0.1188352537653376,0.11615810031253437
0.3003417200985769,0.155277455162847,0.18730849629636873
0.10619671151848117,0.09619004165521279,0.07194518926475604
0.10144265621526632,0.09474316010212196,0.06912027223185811
0.17286625951001727,0.11648070572818474,0.11156103924646373
0.1874930331824871,0.12093231759597703,0.12025244467789889
0.15479839194137573,0.11098180791959612,0.1008248942949555
0.4722220970855016,0.2075886991301858,0.28944189054673636
0.16858819001233308,0.11517868893531015,0.10901895872338772
0.15729482682707444,0.11174158990660159,0.10230830603090289
0.1380934706435031,0.10589771845698881,0.09089862846551328
-0.0075092492809637045,0.061583995518992886,0.004379735159253662
0.08939500043627471,0.09107649453076767,0.06196140977740773
0.15714548597428657,0.11169613849486147,0.10221956589393745
0.28281786015466437,0.14994412433797202,0.17689560724053435
0.19901793844104324,0.124439885715441,0.12710068246457648
0.28306513286460044,0.1500193809977647,0.17704253966885425
0.11779242771905629,0.09971916085879978,0.07883550376772454
0.1482624846338712,0.10899262539798239,0.09694117929779789
0.18277600929215,0.1194967064351639,0.117449532157426
0.15841965792169752,0.11208392865896147,0.10297669424173946
0.057169119845620446,0.08126865066172458,0.042812402629948725
0.17796167906763236,0.11803148040221635,0.11458879903889493
0.17531965979894726,0.11722739027306166,0.11301887930567144
0.034703746830134476,0.0744313861104619,0.029463206873025824
0.08667810348679282,0.09024961561852697,0.060346996822634245
0.21120938853522064,0.12815031462752474,0.1343449892364134
0.13608442220974656,0.10528627098053578,0.08970482764106787
0.15408625448631602,0.11076507115881541,0.10040173362511598
0.22292083108851307,0.13171465477707758,0.14130406973474718
0.1718933453333388,0.11618460240477037,0.11098292190159632
0.21912210361035583,0.13055852419743352,0.13904682002435226
0.04976074531751845,0.07901393552707915,0.03841025708141659
0.0725676419622841,0.08595514170451847,0.0519623903003498
0.1560744849779713,0.11137018276105616,0.10158316417713456
0.18279035902531338,0.11950107373063724,0.11745805894204377
0.07655176763760682,0.08716769763354232,0.054329805856877744
0.17003391312637323,0.11561869014925634,0.10987802484467238
0.2115970455723349,0.12826829680908394,0.1345753397260946
0.19218636150042556,0.12236071708498425,0.12304127700329506
0.28613629628845855,0.15095407978040262,0.17886746203797443
0.11505157381583485,0.09888499072417656,0.07720685530192782
0.1556552783826216,0.11124259857217723,0.10133406655921134
0.12432503639031099,0.10170733945100258,0.08271725867541488
0.10491220788675812,0.09579910707597854,0.07118192170545362
0.12398187973045686,0.10160290081718451,0.08251335084693041
0.10346339399481207,0.09535816519364482,0.0703210190066377
0.11173560180043772,0.09787578522831318,0.0752364647133761
0.13661641370598882,0.10544818089390891,0.09002094340818469
0.12453425956344989,0.10177101585575302,0.08284158160978987
0.23487891113495266,0.13535405826022112,0.14840970520791927
0.313899551574869,0.15940373788608259,0.19536472337488822
0.13779983778030655,0.10580835223256707,0.09072414827465332
0.16716184070520962,0.11474458407764362,0.10817140475197501
0.10121301429185857,0.09467326931591882,0.06898381622966088
0.11408466789145284,0.09859071599316609,0.07663230813308211
0.20657014784173794,0.12673837653433323,0.13158829643019593
0.12863976361813256,0.103020512907006,0.08528112166412252
0.08875368170660629,0.09088131122295434,0.06158033044883283
0.09382225701800227,0.09242391593635606,0.06459213906620552
0.12117567999934908,0.10074884288847621,0.08084587310161248
0.22070025764995763,0.13103883034075747,0.1399845781997762
0.05478641868379025,0.0805434831704568,0.04139657284525766
0.21153142969671593,0.12824832682683346,0.1345363499809522
0.11752132116899738,0.09963665044586097,0.07867440898397782
0.06272926291949407,0.08296086245419011,0.04611630674400347
0.10697833611240974,0.0964279266048541,0.07240964003107918
0.17042872403705392,0.1157388495893951,0.11011262625235928
0.12515489010049016,0.101959902778192,0.08321036776464102
0.061418145633386594,0.08256182809421443,0.04533722503009349
0.05486317995191756,0.08056684521733279,0.04144218531713064
0.08251493247672276,0.08898256781351734,0.05787319036748823
0.09037217403067145,0.09137389419436513,0.06254205811968577
0.1688727708943552,0.11526530021816202,0.10918806011779447
0.027249374979680725,0.07216267183761617,0.02503372916045851
0.2077831022123668,0.1271075353243914,0.13230904855510298
0.2219148155956318,0.13140847717376078,0.14070628318832681
0.30046131883496474,0.15531385465641934,0.18737956330884267
0.07469496619460406,0.0866025860426408,0.05322647203164835
0.08711482483089057,0.0903825303652673,0.06060650191563085
0.22945775093464021,0.13370414546158824,0.1451883863945736
0.16576334606743023,0.11431895669965927,0.10734040236123546
0.2009747434420479,0.12503543306993553,0.12826343961080905
0.11140030287024172,0.09777373806942895,0.07503722604268113
0.07912621304490676,0.08795122187372996,0.05585957238618789
0.08212524732176753,0.08886396838076839,0.05764163474571057
0.02195207760917052,0.07055045629577227,0.021886011135352504
0.057518303828431816,0.081374923692041,0.04301989196647211
0.1871840349538598,0.12083827497164389,0.12006883420147157
0.22390606193413187,0.13201450663935976,0.14188950579293597
0.08261852476667352,0.08901409579622094,0.05793474615632401
0.14096268730358424,0.10677095538683352,0.09260355163051223
0.1941221321717398,0.12294986270839446,0.12419153529698418
0.05884651994797794,0.08177916202738163,0.04380913401355928
0.19538805932017247,0.12333514359424899,0.12494376448573545
0.1091060435280569,0.09707548756359882,0.07367394945453523
0.1535757833250353,0.11060971089067927,0.10009840550073966
0.09266706452561178,0.09207233678952131,0.06390570974641557
0.11235007433186038,0.09806279798140323,0.07560159170697463
0.13376161509751838,0.10457933205203852,0.08832458762344923
0.3074323749230693,0.15743547332009378,0.19152184896278893
0.05311876525789863,0.08003593817466347,0.04040563305442571
0.13950328040946378,0.10632678955810881,0.09173635444196852
0.09324000227572615,0.09224670856452974,0.06424615627172073
0.1951160760350096,0.12325236634978035,0.12478214873540952
0.1122196120586431,0.0980230922050809,0.07552406944981602
0.05103256960553772,0.07940101118853898,0.039165990421676546
0.3401741493651547,0.16740032783570738,0.21097740646255242
0.16922195074454865,0.11537157199072942,0.10939554699866624
0.13311218986122797,0.1043816815548167,0.08793869131081039
0.014386421951184458,0.0682478731514038,0.017390407241381665
0.08810492669131476,0.09068386470535382,0.06119483238960015
0.042375923519775094,0.0767663885907208,0.03402210684949687
0.17278766635815307,0.11645678615334192,0.11151433824716737
0.12480011177960536,0.10185192712894409,0.08299955420492217
0.14431848950709028,0.1077922830732809,0.09459760979750717
0.2180140658596919,0.13022129644569067,0.1383884106211574
0.320385403016005,0.16137768606458228,0.19921869457217767
0.11880112078057063,0.10002615337158106,0.0794348813577394
0.027211889935807268,0.0721512633841931,0.02501145509502113
0.16469047367230466,0.11399243141160094,0.10670288863667539
0.07436829082424723,0.08650316343666074,0.05303235758427841
0.10826351063608149,0.09681906536791104,0.07317330624247396
0.18576511734643572,0.1204064319280535,0.1192256962357056
0.09296130718721586,0.09216188860414143,0.06408055228684816
0.06218139799310098,0.08279412151303045,0.04579075879313129
0.16950622662303488,0.11545809044672894,0.10956446715629155
0.09812753207466667,0.09373421265424597,0.06715038546074317
0.06368215632553373,0.08325087251998135,0.046682527505347585
0.2326241069594583,0.13466781580840334,0.14706987335596408
0.2750244742857832,0.14757223223100027,0.17226468330701172
0.08807098316890712,0.09067353410268164,0.061174662738956394
0.13577799251949604,0.10519301008265698,0.08952274342114125
0.1258103660942588,0.10215939480413372,0.08359985951039339
0.13661047368676663,0.10544637306802343,0.0900174137770792
0.1482227733763041,0.10898053940352925,0.09691758238931789
0.06438482772036688,0.08346472831555468,0.04710006332796455
0.16541791401877257,0.11421382555852372,0.1071351424692643
0.07832598891947899,0.08770767621606025,0.05538406955378965
0.07980681163383924,0.08815835988129994,0.05626399228116497
0.10262584373808742,0.09510325944708757,0.0698233365365729
0.1914919836001999,0.12214938538801565,0.12262866927525921
0.08892492137828813,0.09093342747030761,0.06168208312825901
0.18595467196722967,0.12046412227169435,0.11933833187891811
0.23406323555064706,0.13510581000037433,0.1479250209321881
0.22483685580349397,0.13229779078172133,0.14244259474288964
0.10076165542634,0.09453589968626795,0.06871561334479095
0.02188541892348454,0.07053016893760747,0.021846401739883975
0.19851348378798445,0.12428635655237304,0.12680092942199261
0.13243929539232835,0.10417688827158146,0.08753884929692994
0.13638001833233415,0.10537623471668495,0.08988047442435035
0.08779790697564706,0.09059042423512322,0.061012397569450164
0.035877336195722746,0.07478856428691788,0.03016056783688235
0.1909645697549885,0.12198886866811877,0.12231527360362797
0.20088752442688157,0.12500888824113685,0.12821161301944212
0.03157915201591983,0.0734804256547615,0.02760653492694837
0.12572012804774071,0.10213193114278217,0.08354623897416362
0.09576499253119575,0.09301518128715514,0.06574653595299092
0.10714317695816236,0.09647809538996584,0.07250759045091748
0.06867331621388759,0.084769916096547,0.04964833494410268
0.025741629077494728,0.07170379418612012,0.024137808349969175
0.22079605276378061,0.13106798527780106,0.14004150081246083
0.19271882365958445,0.12252277024311324,0.1233576724439968
0.2860952967840471,0.15094160171213541,0.178843099637673
0.08982656128233706,0.09120783869640707,0.06221784844019509
0.23820844078594514,0.13636738997919232,0.15038815190715443
0.1545616920340428,0.11090976905851954,0.1006842443535343
0.1429093445126724,0.10736341429325752,0.09376027883632497
0.12024168372533721,0.10046458410448394,0.08029088124416923
0.0719657887779572,0.08577196960942665,0.05160476187508514
0.05056570717708208,0.07925892309900684,0.038888575132613186
0.054487238213639065,0.08045242854957042,0.041218796199397376
0.20351099576724038,0.12580733336752417,0.12977051134981835
0.14728125602905914,0.10869399160491147,0.09635812141939551
0.037613586103442356,0.07531698640294508,0.031192268485036135
0.23131271574863713,0.13426869808031575,0.14629062887268335
0.15615711495783383,0.11139533093161144,0.10163226390834373
0.2090233071943614,0.1274849877510144,0.13304599332214276
0.13578129634328914,0.1051940155908803,0.08952470659310949
0.11411441950568435,0.09859977080196841,0.07664998690129976
0.17311113400185757,0.1165552324979568,0.11170654662464978
0.0650089278127646,0.0836546711860892,0.04747091113447929
0.07062267800499714,0.08536319813387411,0.050806669245191345
0.11180294763175858,0.09789628171705815,0.07527648241907339
0.09126372895166525,0.09164523608807028,0.06307183081298523
0.12456669752100875,0.10178088824457043,0.08286085663563125
0.07646012697812286,0.08713980709141275,0.054275351871097034
0.11993289515463387,0.10037060528887067,0.08010739534901047
0.07348586272319066,0.08623459926146393,0.05250800815752766
0.12459008996997989,0.10178800766172877,0.0828747567111087
0.19704911758750662,0.12384068137459185,0.12593078535376234
0.2550296598473926,0.14148687429483572,0.16038352327118918
0.2518665459899686,0.14052419069131544,0.15850396284479085
0.12353649235918462,0.10146734859274195,0.08224869629600531
0.262586001958385,0.14378662289091232,0.16487359294314133
0.24893913892340264,0.1396332436970433,0.15676446223801913
0.24790330898003596,0.13931799216091129,0.15614895958532113
0.23372388984505335,0.13500253121831823,0.14772337761871557
0.06950016461780266,0.08502156476837021,0.05013965824407875
0.10696002984595296,0.09642235515110505,0.07239876222663151
0.161820782467416,0.1131190500555589,0.10499768349142492
0.1712954862957385,0.11600264591548282,0.11062766684651802
0.18138619161626615,0.11907371986282932,0.11662368572215802
0.2649404813298599,0.14450320117039003,0.16627265299942384
0.06474511033344549,0.083574379178558,0.04731414760453025
0.2110279878872694,0.12809510591948522,0.13423719878226614
0.10139935627353815,0.09472998190310221,0.06909454288394151
0.23770989181957905,0.1362156581930139,0.15009190809487327
0.060581487837140305,0.0823071939651542,0.04484007287081486
0.17965135863114964,0.11854572898267245,0.11559282702651476
0.09672033597596877,0.09330593701441268,0.06631421255691715
0.11044612973874188,0.09748333852327952,0.07447024485302507
0.17315834116395157,0.11656959984702,0.11173459769006004
0.15631339004475608,0.11144289275537128,0.10172512445091386
0.17474692180832818,0.11705307929421775,0.11267855147986906
0.10696201852454745,0.096422960399086,0.07239994392345174
0.10394424023699306,0.0955045092122377,0.07060674364657277
0.12192933449603545,0.10097821522832305,0.08129370369861251
0.09916116281068622,0.09404879486864375,0.0677645813178958
0.23545329719852934,0.13552887082480766,0.1487510123385619
0.2414560679264211,0.1373557949305807,0.1523179311462451
0.15892508791346366,0.1122377546632511,0.10327702684235351
0.0673003230227498,0.08435205000242897,0.0488324858207081
0.04794379965052373,0.07846095391435684,0.03733060603926909
0.18341528435071086,0.11969126775820041,0.11782939711196601
0.10738056336618144,0.09655034318533416,0.07264864831933111
0.17910141277718516,0.11837835471785026,0.11526604256336694
0.13723786515885164,0.10563731765945733,0.09039021736112443
0.14706606090765767,0.10862849765677413,0.09623024988129367
0.1128809448479225,0.09822436672803732,0.07591704137414035
0.2312656874558155,0.13425438516954444,0.1462626840935535
0.1750176896108556,0.11713548661042684,0.11283944497574451
0.17652790202317206,0.11759511493640622,0.11373683141631909
0.055146586530460624,0.08065309910467011,0.0416105889262389
0.02883394829303914,0.07264493166641274,0.025975301745816252
0.046490203048498664,0.07801855642948047,0.0364668613964067
0.08044122801465622,0.08835144248127783,0.05664097015075502
0.16450324185945459,0.11393544800714163,0.10659163323397457
0.13817549055028489,0.1059226809537498,0.09094736568393555
0.11883825132988408,0.10003745393571677,0.07945694477823136
0.06647581518006161,0.08410111367294254,0.048342553310458704
0.043159562793710214,0.07700488670179,0.03448775476299304
0.07773055444954283,0.08752645763619997,0.05503025520607693
0.14916290672331262,0.10926666598609397,0.09747622096959774
0.21513527546785888,0.1293451457811535,0.1366777986292159
0.16030553579614673,0.11265788956894035,0.10409730563342727
0.06300427833473164,0.08304456251776622,0.0462797242226116
0.16188698054694745,0.11313919722971118,0.10503701918915788
0.20647345792663152,0.12670894926737605,0.1315308421157902
0.15755984048573649,0.1118222459674968,0.10246578034505287
0.12597880672809508,0.10221065917325536,0.08369994896775305
0.17745457106094328,0.11787714369944258,0.1142874693415636
0.1276270617927886,0.10271230033975191,0.08467936201826243
0.21408069454119716,0.1290241874431223,0.13605115391595793
0.10851435123888979,0.09689540790450799,0.07332235875579586
0.08575682173882945,0.08996922645994365,0.059799560090007337
0.12393433593214169,0.10158843101396206,0.0824850997482149
0.10768006613602833,0.09664149589710384,0.07282661647956004
0.17100533289342157,0.1159143386538707,0.11045525419330302
0.2019829986764821,0.12534229233144278,0.12886255703868887
0.211650960994207,0.12828470579559315,0.13460737692042002
0.10475021922990695,0.09574980634545306,0.07108566609068075
0.18293872528667895,0.1195462285285897,0.11754621996502469
0.32924353269309997,0.16407362955013852,0.20448230212582197
0.05353643296773778,0.08016305400865036,0.04065381624800735
0.07701721118176473,0.08730935389016832,0.05460637802776822
0.13083747803168516,0.10368938027204927,0.08658703009057518
0.10576482953231695,0.09605859975160895,0.07168855977664489
0.2143017445027086,0.12909146329315418,0.13618250447070906
0.07815055884156288,0.0876542846319483,0.055279826884409605
0.1159638664505152,0.0991626440748324,0.07774895059496165
0.10551275838094357,0.09598188270148492,0.07153877605651525
0.12074553271662124,0.10061792893632451,0.08059027439521742
0.10627101149138195,0.09621265461474501,0.07198933920530252
0.058931336709991886,0.08180497573810319,0.043859533157113086
0.1489749066629853,0.10920944876796798,0.09736450906497504
0.2164289116556682,0.12973885982467462,0.13744649286355629
0.2628653278101126,0.14387163482207185,0.16503957173512956
0.2982092508288681,0.154628444949022,0.18604135732176344
0.17014637571487504,0.11565291777900343,0.10994485147195383
0.15753341800851486,0.11181420437091438,0.10245007979022241
0.16199811900501604,0.11317302186458876,0.10510305900215637
0.10064040711697758,0.09449899815042717,0.06864356613614868
0.08512796197364819,0.08977783499819382,0.05942588402848497
0.26506186544744226,0.14454014403902887,0.16634478090694932
0.14495698432922102,0.10798660693385115,0.0949770111261444
0.16629950644036348,0.11448213539734309,0.10765899532519184
0.09518194654199164,0.09283773310185274,0.06540008299003278
0.07735301679909448,0.0874115552576641,0.054805917778072956
0.12565583380059253,0.10211236339393731,0.08350803455660818
0.21059122116539192,0.12796217736216262,0.13397766672524508
0.08071077503690045,0.08843347825690541,0.0568011382442542
0.15603784298412457,0.11135903088721699,0.10156139106219693
0.28484406986899397,0.15056079479537612,0.1780996055049977
0.2686472584069091,0.14563134693903015,0.16847526467182714
0.16354794244591786,0.11364470568065047,0.10602398279394043
0.3012813018140836,0.1555634138581254,0.18786680709055295
0.15529522367838916,0.11113301707250377,0.10112011770883225
0.12461543018311087,0.10179571987469059,0.08288981417155591
0.009204703234685876,0.06667083360389632,0.014311367447287194
0.21081869650823878,0.12803140875648922,0.134112835319127
0.1430492318817714,0.10740598856741931,0.09384340159919811
0.18650653453816166,0.12063207988320616,0.11966625527841912
0.12247689355295864,0.10114486307908606,0.0816190698981547
0.09127880925826175,0.09164982573123552,0.0630807917131534
0.38408943633719783,0.18076580521573993,0.2370723999490682
0.13300054721006818,0.10434770347038168,0.08787235190019284
0.1368398906382355,0.10551619538473528,0.09015373609823543
0.12614542774951376,0.10226136974914737,0.0837989571894552
0.19236954423898614,0.12241646816661116,0.12315012639718886
0.18730108996586758,0.12087390029082289,0.12013838970222142
0.053472143611585345,0.08014348774836418,0.04061561473674044
0.15045123039580358,0.10965876318253945,0.09824175844322444
0.11797991953692501,0.09977622339495633,0.07894691366854531
0.14556505501228936,0.10817167130483411,0.09533833406419358
0.039789446367688795,0.07597920252742169,0.03248519091223599
0.18409912112111693,0.11989939129596362,0.11823574117345309
0.08742170021251731,0.09047592690789334,0.060788850970751956
0.06341783871308959,0.08317042829853036,0.046525466790260206
0.12851386136015935,0.10298219495676458,0.08520630902305207
0.2048979089135563,0.12622943595555824,0.1305946318785656
0.07695441652940165,0.08729024253820845,0.05456906468753101
0.0491342326929851,0.0788232584100917,0.038037975719192374
0.0812888995511955,0.08860942860703236,0.05714466680742917
0.0168854286516775,0.0690084378620309,0.01887534718071615
0.04233988829391237,0.07675542138478059,0.03400069428341774
0.09695684760530524,0.09337791857368197,0.06645475062128059
0.17072133484180813,0.11582790475359303,0.1102864991237584
0.11419394935483622,0.0986239754576401,0.07669724449742857
0.08816612514469438,0.09070249025924927,0.0612311972491383
0.08783736011474554,0.09060243167204433,0.061035841100821074
0.11360930929925832,0.09844604212332614,0.07634984432099406
0.14048188974019182,0.10662462618347471,0.09231785591610087
0.09261713412018507,0.09205714063004436,0.06387604049695307
0.1162650483936294,0.0992543078376248,0.07792791654021033
0.16728200071998814,0.11478115439450233,0.10824280528284222
0.027247365892745293,0.07216206037842184,0.025032535336755875
0.14074355366431396,0.10670426276335765,0.09247333977756285
0.11308657598311023,0.09828694990750576,0.07603922987621627
0.11413603386526913,0.09860634906329913,0.07666283041460614
0.035495054905464056,0.07467221819675081,0.029933411680857145
0.1554128397391687,0.111168813145085,0.10119000659153272
0.21115782151845663,0.12813462037061263,0.13431434749274399
0.09042776931388566,0.09139081444131036,0.06257509350789303
0.1884342265959656,0.12121876680638718,0.12081171316246793
0.1478993329489765,0.10888210134213189,0.09672539018413517
0.15079235544434907,0.10976258350194218,0.09844445906375224
0.11487502235459703,0.09883125785063118,0.077101946293045
0.2672802154779466,0.14521529178820725,0.16766295126602443
0.15520599680042346,0.11110586115707255,0.10106709802115899
0.0536360228262475,0.08019336386412382,0.04071299374377995
0.18497238929136278,0.12016516767546322,0.11875464765877443
0.2126968873061781,0.1286030301292751,0.13522887895718527
0.14890260219678805,0.10918744313452974,0.09732154487859342
0.13431875867294935,0.10474889692040859,0.08865564905955417
0.10479520786071822,0.09576349849160354,0.07111239887802978
0.12350995989586881,0.10145927352224302,0.08223293038611049
0.026721650547916507,0.07200206059169334,0.024720148934549265
0.2077625455186193,0.12710127896028126,0.13229683351960092
0.1915814979282669,0.1221766287879673,0.12268185976925171
0.15885948718645376,0.11221778929143135,0.10323804609869743
0.12433566019640523,0.10171057277246844,0.08272357146920364
0.09098399742229929,0.09156010069021683,0.06290561096244841
0.07596150402030966,0.08698805278617365,0.0539790640922046
0.15770566408354264,0.11186662691391268,0.10255243048666181
0.16901419920390676,0.11530834347263076,0.10927209852608057
0.17489355563247125,0.11709770683043268,0.11276568306774541
0.1472621702593773,0.10868818291184473,0.09634678042472437
0.17852342926245474,0.11820244728049069,0.11492259778383479
0.09627839461514813,0.09317143357224898,0.06605160566698895
0.10150869551314419,0.09476325895158516,0.06915951357961651
0.057725756740082144,0.08143806132335933,0.04314316299010728
0.1720691077437169,0.11623809513320622,0.11108736204693617
0.1368281177038989,0.10551261232975773,0.09014674047857736
0.1778145174963979,0.11798669224785913,0.11450135385732807
0.09635686409367074,0.09319531550750486,0.06609823317809321
0.12566662880033488,0.10211564881764333,0.08351444907572858
0.12434907054060518,0.10171465416790995,0.08273154005756272
0.32293590612820816,0.1621539235436988,0.2007342343008068
0.14532686012425533,0.1080991774511541,0.09519679578719835
0.05567800949001394,0.08081483598571718,0.04192636686199403
0.1402745973726464,0.10656153741324204,0.09219468028971052
0.09612325717845394,0.09312421798870375,0.06595942112991333
0.26258275884322646,0.14378563585916826,0.16487166584497628
0.16388463776766554,0.11374717782684524,0.10622405121734715
0.05989850668980478,0.08209933083354107,0.044434237230882086
0.14364899708333032,0.10758852519162213,0.09419978931990433
0.11936530216314874,0.10019786017408691,0.07977012474378319
0.11592697862033892,0.09915141738149125,0.07772703140111
0.13016126402819253,0.10348357669905896,0.08618521556917946
0.14698553529544137,0.10860398994379308,0.0961824005907351
0.10905291059402239,0.09705931672476484,0.0736423772239262
0.15094376085526484,0.10980866325535694,0.09853442598607216
0.13392604701276564,0.10462937638045638,0.08842229505184591
0.25419459172300063,0.14123272397732886,0.15988731571411074
0.17169382513557227,0.11612387906959552,0.1108643645922826
0.12067997530297013,0.10059797674678732,0.08055131938888187
0.14116314559978912,0.10683196422927334,0.09272266636923907
0.3220940984536277,0.1618977220656096,0.20023402202167354
0.14435224267749408,0.10780255574292834,0.09461766633869284
0.11078487340610009,0.09758643407692104,0.0746715304281126
0.1502899492211682,0.10960967777196726,0.09814592322292214
0.0834270635299725,0.0892601719873804,0.05841518964688623
0.11574775276284258,0.0990968705639831,0.0776205332336961
0.16657715722468464,0.11456663752708565,0.10782397877191272
0.13940354217378495,0.10629643454451773,0.09167708877869145
0.10948117913962706,0.09718965888927128,0.07389685956205008
0.1303946203858839,0.10355459796147712,0.08632387873305376
0.11731293969899853,0.09957323021077376,0.07855058619976626
0.08640062530962721,0.09016516602122109,0.06018211594116816
0.13579379362374253,0.1051978190982856,0.08953213262797159
0.30014677237947734,0.15521812344695557,0.1871926560090595
0.11893530099881769,0.1000669906926027,0.07951461286270273
0.10863376520155216,0.09693175116278697,0.07339331597349219
0.20049215698814224,0.1248885594234602,0.1279766809160664
0.0749058413724968,0.0866667652297637,0.05335177660718444
0.17735117842970138,0.11784567648222942,0.11422603219234191
0.05881112646365204,0.08176839013342921,0.04378810277804596
0.15033441242250659,0.10962321000533547,0.09817234379373743
0.17195863343359669,0.11620447262963629,0.11102171687866348
0.13483727642515717,0.10490670614280291,0.08896375856536518
0.12520979633418347,0.10197661331511548,0.08324299371130744
0.11040167835366912,0.09746980988615425,0.07444383130357736
0.12228108951080517,0.10108527074400724,0.08150272077335258
0.3141929551683954,0.15949303433301218,0.19553906733094287
0.1659932830990346,0.11438893730109985,0.10747703372028462
0.10155519979787234,0.09477741238216618,0.06918714698681355
0.16154359193470852,0.11303468800192563,0.1048329735317671
0.28651883917529586,0.15107050548665305,0.1790947736378435
0.02797439043218692,0.0723833279758036,0.025464542091791907
0.12241940742283682,0.10112736735892153,0.08158491094589602
0.23714802843842422,0.13604465686684067,0.1497580420932486
0.018466504793748898,0.0694896333379118,0.01981484170469145
0.13398297798383718,0.1046467031397364,0.08845612412189716
0.15050782515386732,0.10967598761646406,0.09827538773144906
0.1889226257367042,0.12136740952554179,0.12110192582587401
0.13010038212912797,0.10346504748745841,0.08614903881003518
0.22759403479894202,0.13313692940604194,0.14408094377549832
0.08717927842017205,0.0904021466093819,0.060644801016204876
0.35257661655325095,0.17117497912660337,0.21834710213814085
0.024842079558085244,0.07143001916191172,0.02360328516981254
0.16162229720348506,0.11305864169919243,0.1048797411522859
0.010981901128027239,0.06721171810861153,0.015367399882655786
0.24206042326490745,0.13753972854830207,0.15267704638170698
0.18883793790766168,0.12134163505515841,0.1210516032958477
0.09867436764916987,0.09390064031544453,0.06747532175830061
0.16407924047540406,0.11380640453963035,0.10633968649474206
0.2532330959836529,0.1409400958188602,0.15931598334250235
0.104178773851882,0.09557588876912526,0.07074610635088097
0.12468994217262269,0.10181839736080146,0.0829340900949313
0.18363972700711384,0.11975957616409073,0.11796276364696465
0.10955491781675795,0.097212101020228,0.0739406759738763
0.13262596063034,0.10423369924079744,0.08764976803402416
0.06816710931319088,0.08461585364250505,0.04934754069482636
0.40519835017475475,0.18719023574701568,0.24961557129277692
0.20451683364321827,0.12611345691370332,0.1303681923541314
0.2533811781847234,0.14098516416396867,0.15940397557342775
0.24029637411364602,0.13700284582125857,0.15162882708756079
0.2453981555473976,0.1385555567119806,0.15466036718356715
0.0720211166658804,0.08578880847546873,0.05163763837378356
0.1252390343108373,0.1019855117999609,0.08326036726987784
0.2636689493589458,0.14411621447470815,0.1655170933575154
0.1347995682380069,0.10489522977643607,0.08894135190549986
0.10279548276311659,0.09515488854274251,0.06992413809244133
0.2789484689816176,0.14876648748839896,0.17459636830986944
0.1795982579171026,0.11852956794988868,0.11556127394141086
0.1802100139132874,0.1187157539341523,0.11592478673698826
0.06617175550054104,0.08400857408026252,0.048161877379509
0.28557526875541867,0.15078333284193457,0.1785340927073868
0.15939396442048018,0.1123804557311628,0.10355563892120359
0.2101748621424602,0.1278354598228577,0.13373026116921682
0.07927067436739162,0.08799518821600126,0.05594541304736127
0.16704580282571943,0.1147092683194989,0.10810245364364178
0.23643472625521056,0.1358275656247651,0.14933418932788384
0.06120363081441799,0.0824965411939505,0.04520975773590714
0.25639094865883455,0.14190117819836245,0.16119241751092098
0.13744363942239143,0.10569994439958265,0.0905124909117944
0.10838370828811676,0.09685564713954867,0.07324472913785333
0.1424101106022326,0.10721147404653719,0.09346362802200912
0.11344878452949503,0.09839718692216187,0.07625445856559497
0.22453964984611113,0.13220733709749202,0.14226599137634466
0.13085330838475928,0.10369419818946529,0.08659643667741174
0.09237470021942078,0.09198335664637407,0.06373198334743754
0.2026020031579961,0.1255306843690739,0.12923037697172335
0.13768114697312384,0.10577222906434929,0.09065362076467019
0.24413492498424283,0.138171096523246,0.15390974033833035
0.20647261377518297,0.12670869235257773,0.13153034051081225
0.21422666696479065,0.12906861368419156,0.13613789249164576
0.10607197972629495,0.09615207993249661,0.07187107212858139
0.11215865242000742,0.09800453933369038,0.07548784649688033
0.14161160179180735,0.10696845043951199,0.09298914445048567
0.11927694163175344,0.1001709679284684,0.07971761984969702
0.2962233185249385,0.15402403279287818,0.18486129238062615
0.0393403302318824,0.07584251546539812,0.032218320684426385
0.13955911105722058,0.10634378143750112,0.09176952968662741
0.07742875687999476,0.0874346065094679,0.054850923448171815
0.155900327181216,0.11131717839165338,0.10147967751257413
0.06415587023656058,0.08339504583635911,0.04696401402803817
0.11435339426940991,0.09867250200832516,0.07679198858984222
0.15005314863671199,0.10953760827012982,0.09800521345793929
0.1733750436430365,0.11663555255465578,0.11186336491828804
0.17618963049348021,0.11749216307635613,0.1135358263911305
0.009555737722773338,0.06677766982958536,0.01451995637637757
0.18002827200481814,0.11866044136456369,0.11581679350172247
0.10028616534169138,0.0943911857971192,0.06843307139829946
0.10756360762474985,0.09660605212101751,0.07275741542674233
0.028562870673645668,0.0725624300584296,0.025814224153019993
0.06720710811701007,0.08432368034347756,0.04877709639880418
0.12243339442947122,0.10113162425973395,0.08159322219403287
0.12655236281835633,0.10238521913811331,0.08404076291823546
0.03891117583768646,0.07571190369570123,0.031963311964379
0.2532351994542018,0.14094073600340595,0.1593172332500872
0.12500533332379912,0.10191438565070139,0.08312149932308666
0.21163870576037574,0.12828097595430446,0.13460009471258189
0.19228255360464871,0.12238999284478855,0.12309843551246644
0.1354158942581182,0.10508280663289091,0.0893075802644449
0.1538369913763656,0.11068920872713342,0.10025361847708739
0.15048587297873658,0.10966930654205052,0.09826234348406841
0.11780533289088417,0.09972308850664277,0.07884317217656373
0.09045779995713601,0.09139995417170382,0.06259293807852082
0.08497425823800368,0.08973105575698583,0.059334551413875114
0.14244634628583197,0.10722250226114974,0.09348515970249446
0.14099484679144952,0.10678074302428887,0.09262266118630107
0.1814836710079784,0.11910338740447089,0.11668160915309059
0.102611595025899,0.09509892289702529,0.06981486977983771
0.2094390418756257,0.1276115152739264,0.13329302788681757
0.1937830857720616,0.12284667501913792,0.12399006983469861
0.2732859905495515,0.14704313025639723,0.17123165529099837
0.13435242874042785,0.10475914429794608,0.0886756562199787
0.14573902971665667,0.1082246199506529,0.09544171193304743
0.22741963429247028,0.13308385116871174,0.1439773128898952
0.1453940564576494,0.10811962844068262,0.09523672465942354
0.0965631660373132,0.09325810284538485,0.0662208202826482
0.1814758279842505,0.11910100040524015,0.11667694873374208
0.12026909949210851,0.10047292800556966,0.08030717202363691
0.36491116486768965,0.17492895952514897,0.22567643959936026
0.05883764830222411,0.08177646197032125,0.043803862374589664
0.03604168288515197,0.07483858267713009,0.030258224623069787
0.053519988346993196,0.08015804914083002,0.04064404465590798
0.07668425580380965,0.0872080199839262,0.054408531924096754
0.1254511756444993,0.10205007633754964,0.08338642421045205
0.17362600996155408,0.11671193335242724,0.11201249213340149
0.31121185631420345,0.1585857464145999,0.19376766241601398
0.06514409020383638,0.08369580742827423,0.0475512262583879
0.10651792206913407,0.09628780106076369,0.07213605645030872
0.2067885781900205,0.12680485511344256,0.13171809037915314
0.09411031387584226,0.09251158512135017,0.06476330592739143
0.15852367199692832,0.11211558501066854,0.10303850066047861
0.021416869801667928,0.07038756750833612,0.021567984197270514
0.15753806018951974,0.11181561720388185,0.10245283823019728
0.06193891145883754,0.08272032151052282,0.04564667036815527
0.14027863395396445,0.10656276593387845,0.09219707887504289
0.16280722020966118,0.11341926923297597,0.10558383670215378
0.2174114149702838,0.1300378815716045,0.13803030818990683
0.024197878654794187,0.07123395867375851,0.023220493218889072
0.10271879769392049,0.09513154968676778,0.06987857089889293
0.17302108829125676,0.11652782737342757,0.1116530403767431
0.23104885365342284,0.1341883924940793,0.14613383883143116
0.12761456429542742,0.10270849676633118,0.0846719358545113
0.16736928054407982,0.11480771773030303,0.10829466800760633
0.0726900926879562,0.085992409191924,0.052035151999274
0.07607476830442916,0.08702252440942237,0.05404636709669682
0.07959826223632102,0.08809488853800848,0.05614006971239481
0.1370862900652505,0.10559118626365904,0.0903001496113051
0.23890786990592677,0.13658025899876627,0.15080376113092703
0.18067979204737306,0.11885872940938376,0.11620393457352339
0.19725980513224495,0.1239048034561635,0.12605597843541394
0.0853952673926916,0.08985918854904419,0.05958472013431058
-0.009102809883439913,0.0610990004374471,0.00343282221824377
0.15683255294787174,0.1116008983273845,0.10203361731318
0.029461539592499468,0.07283593707467041,0.026348224069699257
0.0721824850815392,0.08583792043756772,0.05173352543375494
0.22606152508884042,0.1326705149686711,0.14317030801149705
0.17867905828801872,0.11824981247753856,0.11501507442894897
0.1996921883039677,0.12464509150852042,0.12750132986994345
0.16662898679611418,0.11458241169167217,0.1078547765287332
0.0738433315771386,0.08634339376585946,0.052720420464461785
0.2120228459994073,0.12839788780959535,0.13482835547840163
0.0660134470173296,0.08396039339883428,0.04806780856832493
0.18554763804651286,0.12034024279747585,0.11909646741116109
0.23087169099758087,0.1341344736054074,0.1460285666433386
0.10879389332741732,0.09698048564664728,0.07348846603830055
0.06159154878500442,0.08261460278977872,0.045440263275406324
0.11758998047855232,0.09965754668751285,0.07871520717429308
0.146915388259178,0.10858264091726723,0.0961407183752562
0.16466210685723082,0.113983798062001,0.10668603273282914
0.1633831299136752,0.11359454551266526,0.10592604919833151
0.20064416295747112,0.12493482195491049,0.12806700469744295
0.12474013186866767,0.10183367243455024,0.08296391341800802
0.08390776715779327,0.08940647260174796,0.05870082954364712
0.10738823231498275,0.09655267720541703,0.07265320530125735
0.23735646961608886,0.1361080952737653,0.14988190035647578
0.14796380324487488,0.10890172267085213,0.0967636992119827
0.101546865145419,0.09477487575730231,0.06918219443574354
0.28983265051757146,0.15207905338855052,0.18106388032835133
-0.010132256243887387,0.06078569172439534,0.0028211127675530343
0.2321009066479905,0.13450858146404868,0.1467589814169319
0.1545794360401154,0.11091516939011577,0.1006947880560765
0.12550864057847663,0.1020675656067353,0.08342057056770563
0.32120808918484833,0.16162806797345033,0.19970754462184442
0.13368391324554688,0.10455568374147231,0.08827841624530518
0.06499534019440849,0.08365053583782438,0.047462837207677466
0.0579556970987258,0.08150804293737378,0.043279796326123374
0.17261198274845402,0.11640331740764144,0.11140994492614234
0.09967183361181087,0.09420421589652911,0.06806802807067656
0.024548727396829347,0.07134073836822956,0.02342897177543336
0.29630659514015306,0.15404937776483868,0.1849107763503651
0.3213527680162174,0.16167210051385608,0.19979351452942162
0.17037038039177657,0.11572109288723072,0.11007795775424709
0.25198071791570864,0.14055893855239382,0.15857180518088726
0.09096684684248234,0.0915548809660067,0.06289541988094881
0.10651015646316199,0.0962854376233796,0.07213144203352509
0.1585146811191582,0.11211284866572474,0.10303315817240626
0.14752644217649474,0.10876861322606875,0.09650381398709723
0.22857873423769764,0.13343661953634195,0.14466606406531587
0.14656521866362832,0.10847606791886075,0.09593264337574947
0.1055677405571389,0.09599861635126658,0.07157144712913316
0.09570298121915038,0.09299630834231988,0.06570968808302384
0.09821087061785046,0.09375957647378615,0.06719990622882886
0.20554458922104155,0.12642625104246177,0.13097889712138236
0.05513256871054604,0.08064883282593432,0.04160225936847914
0.042748605107578476,0.07687981304209504,0.03424355874647464
0.18042335035233148,0.1187806821982485,0.11605155382360273
0.2124783436205621,0.12853651705631017,0.1350990176618167
0.325328298401511,0.16288204049380206,0.20215582266088672
0.033325438802888095,0.07401190246294291,0.02864419960987599
0.2883257241010205,0.1516204251448913,0.1801684464661158
0.15479634134603287,0.11098118382745054,0.1008236758064564
0.18908516062698866,0.12141687650046874,0.12119850601914475
0.18727620111217344,0.12086632544766451,0.12012360044499878
0.2112242790439185,0.12815484650630543,0.13435383735637976
0.20325433342217847,0.12572921900225958,0.12961799948699307
0.10562234424933427,0.09601523481065097,0.07160389330199046
0.19943993035559296,0.12456831760732553,0.12735143515278138
0.09871119437053581,0.09391184841051427,0.0674972046405593
0.08481992934910391,0.08968408625238052,0.05924284732565672
0.10179419109188079,0.09485014861946169,0.0693291584978499
0.17750782353189148,0.11789335091895443,0.11431911260244941
0.16418638834979762,0.11383901465310715,0.10640335505476241
0.03765238892484878,0.07532879591775321,0.03121532558978671
0.17176258275500877,0.11614480523154605,0.11090522119951571
0.045987710174509124,0.07786562432760857,0.036168274066620314
0.18043994107748207,0.11878573153247823,0.11606141223270329
0.1232713526286729,0.10138665416228178,0.08209114706844071
0.1947530789933115,0.12314188935909323,0.12456645151260018
0.11079855051860388,0.0975905966624441,0.07467965753341714
0.1518687062229941,0.110090167424919,0.09908403968577642
0.22005155354745992,0.13084139931830324,0.1395991103935397
0.20591759162252377,0.1265397731324549,0.13120053964971953
0.1717554579680065,0.11614263682536956,0.11090098756509736
0.11698230387046991,0.09947260225199396,0.07835411840035619
0.23696942773301968,0.13599030031237577,0.14965191539875172
0.10662791830056333,0.09632127806261026,0.07220141753845363
0.08778323694265171,0.09058595945741846,0.06100368045880692
0.21722315887308738,0.12998058642947463,0.1379184441450867
0.17104734747689174,0.11592712565820858,0.11048021976583114
0.15651223166830663,0.11150340956865014,0.10184327854323938
0.18208869999414834,0.11928752604471422,0.11704112467813557
0.19501695309868766,0.12322219860058434,0.12472324869043581
0.1872000179694641,0.1208431393514137,0.12007833150222606
0.19490773736257833,0.12318895913999625,0.12465835138202896
0.14606475062079377,0.10832375206788633,0.09563525922507106
0.07738013876205557,0.08741980974049812,0.054822033975771046
0.24489368597136082,0.13840202300715201,0.15436060527356962
0.09581004145129482,0.09302889178215798,0.06577330456496217
0.18706765929679472,0.1208028564119729,0.11999968238162731
0.21791874534085262,0.13019228595011517,0.13833177001853939
0.048063086444691726,0.07849725846931066,0.037401487691911366
0.09202367427273246,0.09187652302023257,0.0635233994937498
0.1015939962765234,0.09478921996657659,0.06921020032262216
0.172442620260181,0.11635177247506508,0.11130930769175156
0.27279267146001757,0.1468929901665352,0.1709385191346445
0.28683847902536175,0.15116778685449506,0.17928470749415223
0.25892532175862026,0.14267250655969838,0.16269837259151526
0.07839371266437883,0.08772828772159642,0.05542431182029618
0.15016593552653837,0.10957193459994975,0.09807223278898144
0.09615938922119953,0.09313521466055341,0.0659808912257528
0.10865287962709641,0.0969375685771741,0.07340467399582286
0.1704380063064149,0.1157416746184391,0.11011814188883155
0.20642653720475793,0.126694669095479,0.13150296125661562
0.14659423739949823,0.10848489967847359,0.09594988665880035
0.04691671514047455,0.07814836402293295,0.036720300028587616
0.11358838542007012,0.09843967400749952,0.07633741109947188
0.15739743710817813,0.11177281901804788,0.10236927829823107
0.13832432407374945,0.10596797796143025,0.0910358043596944
0.02519728432157397,0.07153812459760461,0.023814352126872787
0.21641409586915236,0.12973435068735154,0.1374376891444121
0.10289193648318702,0.09518424392449476,0.06998145205690642
0.09092983682196253,0.09154361708442486,0.06287342808012054
0.21546189784993447,0.1294445522603191,0.13687188159030958
0.15407523276229665,0.11076171673229954,0.10039518438369405
0.24231759960021473,0.13761799934485694,0.15282986366373932
0.18597176959885894,0.12046932588129246,0.11934849149796568
0.1092128843673892,0.0971080042319351,0.07373743557061689
0.07106353174756354,0.08549737056289469,0.05106862985922761
0.08494327699900896,0.0897216267158126,0.05931614198778426
0.12046155314797055,0.10053150066127749,0.08042153030847218
0.08938505852566159,0.09107346874201437,0.06195550217414294
0.1493196704078259,0.10931437651297059,0.09756937184275263
0.17638252334215634,0.11755086939899484,0.1136504456496361
0.1813598405128489,0.11906569998863638,0.11660802757850364
0.2048987674062408,0.12622969723506558,0.1305951420052788
0.0861980909960196,0.09010352534951312,0.060061767607847386
0.14559651495342552,0.10818124603747545,0.09535702794087372
0.10720828418361736,0.0964979105661627,0.07254627794999396
0.2266934134466754,0.13286282817292552,0.14354578369932308
0.15254113544708292,0.11029481911238166,0.0994836052455759
0.13033064779932174,0.10353512810900459,0.0862858654501002
0.07925069791585018,0.0879891084467542,0.05593354279878045
0.07183554764358865,0.08573233113600717,0.051527371021299236
0.22221619968819606,0.13150020246009284,0.1408853692532185
0.20681964954976997,0.12681431158257978,0.13173655335608422
0.032527922762443776,0.07376918100229155,0.02817030595425594
0.17514669295712912,0.1171747483669916,0.11291610032090704
0.3959068873371452,0.18436240869757506,0.24409447194570946
0.25377004758834143,0.14110351532540244,0.15963504646591628
0.007333869853309734,0.06610145143735126,0.013199695674939818
0.11106623367190725,0.09767206517551036,0.07483871809349842
0.15538638580440411,0.11116076197449971,0.10117428734425087
0.15340733357497374,0.11055844374706347,0.09999831062640897
0.1000290944168462,0.09431294708190215,0.06828031675243595
0.09262626274549576,0.09205991889801225,0.06388146483627652
0.17696831684281408,0.11772915378063607,0.11399853121705703
0.20546381710985778,0.12640166830830724,0.1309309013581629
0.1347627728745136,0.10488403122503485,0.08891948765646725
0.14070296231095344,0.10669190891455994,0.09244921990554159
0.19083400026667835,0.12194913026122552,0.12223768763796737
0.07051735863500376,0.08533114451987359,0.0507440872045519
0.2590686128886504,0.14271611675763252,0.16278351791021006
0.07935126848226676,0.08801971677754793,0.055993303043026244
0.11786645577768737,0.09974169106209205,0.07887949213353063
0.44429770226475374,0.19908999872170602,0.2728488781538945
0.2405231790329113,0.13707187317430858,0.15176359730765981
0.14135515527899348,0.10689040176210304,0.09283676083778652
0.12884946966431338,0.10308433627262517,0.08540573152748634
0.1936339923148793,0.12280129890146044,0.12390147670318741
0.05815057282995272,0.08156735274398602,0.04339559383737001
0.1428524021899546,0.10734608407914017,0.09372644302098876
0.12400790871468184,0.10161082265542976,0.08252881758347329
0.03189147875001654,0.073575481299107,0.027792123241493633
0.18307226340602006,0.11958687042885906,0.1176255699270692
0.13969338925892777,0.10638464857947585,0.09184931941454512
0.2220920406594586,0.13146241505610368,0.14081159245999705
0.17469888489080185,0.11703845941173767,0.11265000736376755
0.14343111180045875,0.10752221250143018,0.09407031925539196
0.18889477514318612,0.12135893328632383,0.12108537666710559
0.10275091101243976,0.09514132327272984,0.06989765302029924
0.06519248971529189,0.0837105376650589,0.047579985832177915
0.19867176445138524,0.12433452876693084,0.12689498170230926
0.2017462896274183,0.12527025068810985,0.12872190166514114
0.2789953219790122,0.1487807470485667,0.17462420892634137
0.20818789737668703,0.1272307334402481,0.13254958272679224
0.20681310172610975,0.12681231877335425,0.13173266256024654
0.08859949994935043,0.09083438649739507,0.06148871378801278
0.030463473491518234,0.07314087245792655,0.026943585283790015
0.13585390732584188,0.1052161145115925,0.0895678529152084
0.27130447948916814,0.1464400636916109,0.1700542175061312
0.09338092716719039,0.0922895986053111,0.06432989554290428
0.08261236529190792,0.08901222117974171,0.05793108612208608
0.057953107727045136,0.08150725487036979,0.043278257690222234
0.11274615595857686,0.09818334415991034,0.07583694818946494
0.08119176201465175,0.08857986510791971,0.05708694651096342
0.20632319418172482,0.12666321697636584,0.13144155358519036
0.18501715479552586,0.12017879191373086,0.11878124786157626
0.1134367835826271,0.09839353447229834,0.07624732745813885
0.16941406410180163,0.11543004107764204,0.10950970307396163
0.06621216254645813,0.08402087183567851,0.04818588773382342
0.19298929592251515,0.12260508761278975,0.12351839032667747
0.1787116196948827,0.11825972243775769,0.11503442280985725
0.18446466830337288,0.12001064441378752,0.11845295372055649
0.05227803937860954,0.07978006593751741,0.03990606359110971
0.10356229207850716,0.09538826450966202,0.07037978544146715
0.189234226248973,0.12146224414659257,0.12128708261064507
0.16298998492792321,0.11347489309145972,0.10569243770334152
0.09875354075114359,0.09392473639625144,0.06752236737095071
0.08426053397634795,0.0895138360566838,0.05891044784440659
0.13100140919093828,0.10373927219697915,0.0866844399637174
0.21835332284865014,0.13032454822712208,0.1385900012181346
0.07513965514285476,0.08673792570426653,0.05349071157118539
0.2680535528448022,0.14545065454674788,0.16812247766201094
0.14931909449474318,0.10931420123566253,0.09756902962824873
0.24958655344935585,0.1398302822409939,0.15714916376231006
0.23025699985105866,0.1339473943175096,0.14566330974600997
0.08074657977815383,0.08844437531559088,0.056822413853596855
0.11745934587847587,0.09961778846406145,0.07863758251843508
0.21052131340173452,0.12794090115749043,0.1339361266884361
0.14732542172327376,0.10870743329293618,0.09638436520788761
0.1701421360991882,0.11565162746550516,0.10994233224114908
0.1742824633599275,0.11691172284834009,0.11240256466476557
0.11995145977780397,0.10037625537266062,0.08011842667213544
0.15684024564328763,0.11160323957467355,0.10203818840563122
0.1834137682816197,0.11969080634741307,0.11782849624541608
0.13452116615858642,0.10481049899242877,0.08877592203016413
0.1365266237745581,0.10542085361495343,0.0899675891473478
0.08610826024141817,0.09007618564615627,0.06000838908938982
0.1473882088354486,0.10872654235006388,0.09642167406765376
0.20341856766889904,0.12577920317089245,0.12971558945836598
0.142689978904561,0.10729665107080519,0.09362992914469079
0.06587510855792483,0.08391829053039256,0.04798560618628437
0.08579472676315796,0.08998076273307709,0.05982208371289928
0.161212739888333,0.11293399423793424,0.10463637725310303
0.09992280868526257,0.09428059935883697,0.06821716048807759
0.24967847812569788,0.1398582592227471,0.15720378651433548
0.13410837180805887,0.10468486634978909,0.0885306346454968
0.08297067378746127,0.08912127122637893,0.05814399735419487
0.19631409242675713,0.12361697881365913,0.12549402453299438
0.22593548947733333,0.13263215643270718,0.14309541613014726
0.14881798637526664,0.1091616905794056,0.0972712651363054
0.10990711072594728,0.09731928980768076,0.07414995325076491
0.1257056234409957,0.10212751671202869,0.08353762016179467
0.03493757883932733,0.07450255213589582,0.029602152674762378
0.2136479018113995,0.12889246835760132,0.13579398325298894
0.15310784864853472,0.11046729646587802,0.09982035306894822
0.08262076543348464,0.08901477773601112,0.05793607758758357
0.10650197847977892,0.09628294868024706,0.07212658257710727
0.14188778220213585,0.10705250506562433,0.0931532541832357
0.11643579674748253,0.09930627455396558,0.07802937727265351
0.10864891145120506,0.09693636087551073,0.07340231605782019
0.15102496430050713,0.10983337726465524,0.09858267805319473
0.2013336365593273,0.12514466104432864,0.1284766982322025
0.13766979761737894,0.10576877492416378,0.09064687684052294
0.07860840060706686,0.08779362731151166,0.055551881986686105
0.06643774875003132,0.0840895282764987,0.048319933778350824
0.1552830724107688,0.1111293188729991,0.10111289727897112
0.035597296594757646,0.07470333512845663,0.029994164926483453
0.025812191670627652,0.07172526968605235,0.024179737494354873
0.0701985300502964,0.08523411005805324,0.050554635411909354
0.04492536085940359,0.077542301705357,0.03553701328320041
0.36632509037103067,0.1753592832378003,0.22651661119663544
0.10866493545913371,0.09694123773116366,0.07341183771670855
0.16397326371852206,0.11377415085202898,0.10627671382688006
0.27001667623705494,0.14604812488344576,0.1692889892725732
0.08324542959416663,0.08920489227892694,0.058307260570279906
0.19803468069886745,0.124140634360892,0.12651641884826492
0.18553302252452486,0.12033579461002238,0.11908778269161625
0.2257608564552045,0.13257900742997938,0.14299164708093506
0.2078292401277367,0.12712157725162784,0.13233646426120618
0.027139978870069317,0.07212937748092867,0.024968724671940046
0.21299315921419562,0.12869319953856234,0.13540492730032574
0.10351985904492787,0.09537535015136954,0.07035457122083442
0.10900654987255169,0.09704520698720279,0.07361482912374893
0.16760900516773472,0.114880677154135,0.10843711527196807
0.09148386819694394,0.09171223476452442,0.06320264020916055
0.12113862863427072,0.10073756642380982,0.0808238567333488
0.15598725859994783,0.11134363569139523,0.10153133321066911
0.14525223764465117,0.10807646633773654,0.09515245420927686
0.08475311021197879,0.08966375006133225,0.05920314258800645
0.09761388847297392,0.09357788686399911,0.06684517223398938
0.14632112457365962,0.10840177866190671,0.09578759972177349
0.09605732879338509,0.09310415289519995,0.06592024568788474
0.09288071460951586,0.09213736051042913,0.06403266320459118
0.11471283552865018,0.09878189680797378,0.0770055729238039
0.20987624419410233,0.12774457640368317,0.13355281878059458
0.11180448327287901,0.09789674908453036,0.07527739491555917
0.09265484542357401,0.09206861794482839,0.06389844900852515
0.10784260774809416,0.09669096491778366,0.07292320066699448
0.12021862563965406,0.10045756644972484,0.08027717985139247
0.09981882529850554,0.0942489523470689,0.06815537230479977
0.15854990263154162,0.1121235682205656,0.10305408722011605
0.24143753418670372,0.13735015424607128,0.1523069181744407
0.12019592060221578,0.10045065624407143,0.08026368824414327
0.14619169940583002,0.10836238852529806,0.09571069372515213
0.034722614720401904,0.07443712849262461,0.02947441840111957
0.10758210232291167,0.09661168092335458,0.0727684051995833
0.1313426417627782,0.10384312524075309,0.08688720447588402
0.034913985896353986,0.07449537169902799,0.029588133463329093
0.11368614335467588,0.09846942632278156,0.07639550004395307
0.07461203459534925,0.08657734607518612,0.05317719307455622
0.11626437507204522,0.09925410291435022,0.07792751644439937
0.1392044591031631,0.10623584424759377,0.09155879121560254
0.1553737060138557,0.11115690292072967,0.10116675285968774
0.16791349043321882,0.1149733462725442,0.10861804409123337
0.18622365080628792,0.12054598512258323,0.11949816235111115
0.3473630166331705,0.16958823663657396,0.21524911814813716
0.1687173729609129,0.11521800535326339,0.1090957207904077
0.10136038792588792,0.09471812201091069,0.06907138742149962
0.04551258644240501,0.07772102193668737,0.03588594981123208
0.21983902779361933,0.13077671778366048,0.13947282502585634
0.07827031772641888,0.0876907328661958,0.05535098905903578
0.19960215784718544,0.12461769102644234,0.12744783268604
0.17984224836403984,0.11860382566341723,0.115706256009447
0.08068825029083339,0.08842662292235551,0.05678775376831337
0.05844546049258628,0.08165710086261019,0.043570819645198065
0.10107198221853977,0.09463034665468227,0.06890001326972599
0.1120666248297751,0.09797653103042298,0.07543316259217953
0.07609854555733371,0.0870297609404294,0.054060495827315605
0.1824591417058,0.11940026879693284,0.11726124561367304
0.17283967869071087,0.11647261594069423,0.11154524460285573
0.17074138309331757,0.1158340063749312,0.11029841203674674
0.05009081298255216,0.07911439056711349,0.038606387271221614
0.04706678280713677,0.07819403663815504,0.03680947204712817
0.22830063717277996,0.1333519815825248,0.14450081543327892
0.1924465448815409,0.12243990306632982,0.12319588110823514
0.19087095941969806,0.12196037866144616,0.12225964921271293
0.08296513926043918,0.08911958681075,0.058140708671447744
0.10021755766238916,0.09437030526896978,0.06839230388730376
0.19278290681794663,0.12254227374776014,0.12339575143004845
0.21618385095513107,0.12966427638288044,0.13730087483791537
0.15629898982360538,0.11143851009404016,0.10171656766572482
0.07538191567356946,0.0868116569233158,0.05363466570212525
0.11147552454885794,0.09779663154715265,0.07508192367188651
0.08376138875159435,0.08936192280116899,0.058613849728195735
0.20943793166727104,0.12761117738555824,0.13329236818761525
0.09918118322450274,0.09405488801766886,0.06777647768939107
0.07149793989864411,0.08562958129672567,0.05132676042501795
0.19362726246393547,0.12279925069281229,0.12389747774454125
0.17140443059618513,0.11603580276549329,0.11069240286457857
0.04091288940685248,0.0763211188295342,0.033152754323767734
0.15047433394904686,0.10966579467520544,0.09825548685337436
0.07869758002017377,0.08782076878116447,0.05560487347016732
0.20678104547673357,0.12680256255620354,0.13171361435001366
0.11615303721792225,0.09922021759392034,0.07786135814785919
0.2043772282474542,0.12607096845722582,0.13028523714321646
0.05664322736442962,0.08110859696410984,0.04249991097117833
0.008596438053382735,0.06648571003799676,0.01394992893603999
0.1319895716500368,0.10404001628646414,0.08727161802201434
0.09715719510037088,0.09343889369414847,0.06657379952063337
0.20304007823189416,0.12566401111915687,0.12949068646730388
0.15751348572270915,0.11180813804336785,0.10243823578545475
0.04260834188212495,0.0768371243772516,0.03416021264521968
0.11965507739116933,0.10028605233955895,0.0799423126812675
0.1071237616934067,0.09647218641612523,0.07249605366629723
0.17658163103490965,0.11761146718958607,0.11376875784349298
0.11445184708115165,0.09870246580724489,0.07685049043870337
0.18127824009875665,0.11904086516313604,0.11655953962769999
0.13771437270004155,0.10578234120825578,0.09067336389257126
0.10222167874300808,0.09498025312122714,0.06958317681905153
0.13860331969187029,0.10605288938704586,0.09120158692288853
0.14412778790577432,0.10773424364978021,0.09448429260462678
0.08137940015851608,0.08863697217792584,0.05719844336045634
0.1300460647136232,0.10344851615547086,0.08611676274624207
0.16145918013909644,0.11300899754143554,0.1047828150241368
0.1335970237895372,0.10452923921295112,0.08822678548196622
0.1450092491187551,0.1080025135556783,0.09500806749481475
0.1394408016334509,0.10630777434210739,0.09169922879927055
0.13945616091028074,0.10631244888897248,0.09170835546691786
0.23897225218985418,0.13659985354132387,0.15084201786099932
0.1280725142576189,0.10284787237521106,0.08494405524856527
0.14336710428636287,0.10750273201887418,0.09403228521807643
0.26386122452442695,0.1441747328074383,0.16563134558121248
0.2249487343342352,0.13233184065535372,0.1425090743160013
0.08066003820153651,0.08841803666305166,0.05677098980439109
0.13093227750674705,0.1037182321896146,0.08664336108269287
0.12703560616699397,0.10253229270840278,0.0843279119477553
0.13642908797330355,0.10539116890524766,0.08990963219718465
0.13233694758411904,0.1041457390429225,0.08747803299416322
0.11501616533007167,0.09887421426458459,0.07718581515237923
0.12530077506735818,0.10200430240208613,0.08329705437248727
0.11300427890200619,0.09826190305362476,0.07599032795746676
0.06393954150131831,0.08332920687646857,0.04683546888291157
0.21676954394541478,0.12984253017451033,0.13764890068085883
0.07787340855782328,0.0875699348279597,0.055115140841174096
0.3981900727517117,0.18505728888889056,0.24545116827242502
0.15194131096961427,0.1101122644477452,0.09912718230240881
0.19984709828858627,0.12469223786775237,0.1275933792522507
0.1115337501720566,0.0978143523296743,0.07511652203985549
0.11093277177030962,0.09763144647186778,0.07475941342095689
0.2355486173682392,0.135557881214127,0.14880765273372312
0.1161251972682077,0.09921174459411025,0.07784481531376757
0.11825269262313755,0.09985924101285268,0.07910899872818632
0.08471323868289037,0.08965161528875353,0.05917945044425452
0.03208486559835481,0.07363433796896561,0.02790703604056015
0.17197195371125476,0.11620852661361356,0.11102963194839656
0.16616189590764086,0.11444025407106305,0.10757722548597007
0.10304975608187772,0.0952322758154798,0.07007523036700809
0.14042359402359217,0.10660688406825046,0.09228321589778721
0.12923320347473796,0.10320112443266707,0.08563375078852327
0.26953733817647296,0.1459022398751072,0.16900416081234482
0.0459079567532333,0.07784135162847505,0.036120883621237394
0.14254285834565103,0.10725187539841805,0.09354250833314204
0.13538671012834472,0.10507392453617145,0.08929023870234067
0.12429348192356789,0.10169773594979449,0.08269850863047817
0.20073520237095727,0.12496252950974042,0.12812110141559582
0.0968783899045123,0.09335404022294039,0.06640813010864542
0.07610135286811026,0.0870306153365013,0.054062163965257544
0.06572265205152246,0.08387189087942243,0.04789501469034158
0.1031807127757225,0.09527213206714136,0.07015304641487038
0.1193850461166093,0.10020386918328528,0.07978185683919854
0.13095742118633236,0.10372588458821934,0.0866583017605353
0.10673032043015773,0.09635244382380935,0.07226226611964288
0.16269538646107146,0.11338523298864854,0.10551738373913705
0.1733584810268943,0.11663051177531286,0.11185352321189945
0.11842271043464468,0.09991098539096284,0.07921002536355111
0.2740278187118503,0.1472689032891315,0.1716724585373855
0.3002738871964019,0.15525681043564246,0.18726818916729204
0.03683704971719315,0.07508065003306566,0.03073084119312019
0.06427781344135292,0.08343215886140513,0.04703647415193069
0.09903976362322006,0.09401184741353383,0.0676924444556634
0.05159151445394862,0.07957112426858957,0.03949812219592393
0.13813760382863258,0.10591115025097737,0.0909248529367145
0.08406484583237543,0.08945427899484638,0.058794167587702395
0.06064049068680732,0.08232515129406975,0.04487513307613088
0.11785930474262234,0.09973951466740148,0.07887524290219648
0.26362636172508996,0.14410325306431487,0.16549178727153263
0.14201039652764696,0.10708982234411835,0.09322611309515856
0.10649407003041735,0.09628054176893337,0.07212188328105801
0.12120157853401194,0.10075672502481359,0.08086126232345142
0.12476112416875709,0.10184006137405949,0.08297638729605553
0.20527856117012416,0.12634528625452252,0.13082082004311263
0.36438598231419195,0.1747691218917611,0.2253643697881922
0.128277731018654,0.10291032944122912,0.08506599752451914
0.07921321673418948,0.08797770116878324,0.055911271028316306
0.1710480672542927,0.11592734472016242,0.11048064746624907
0.10443449148174812,0.09565371561333615,0.07089805685253639
0.14326795901011938,0.10747255747059418,0.09397337189845179
0.07357267188306578,0.08626101935211336,0.052559591207934624
0.1468953748256709,0.108576549892677,0.09612882615154493
0.21505938448785789,0.12932204860369015,0.1366327032930503
0.045783721164192104,0.07780354092360164,0.036047061334959773
0.06376126049170314,0.08327494762039626,0.04672953215551097
0.07894087746717167,0.0878948155823738,0.0557494437492763
0.02208709707944683,0.07059154904046949,0.021966241333999787
0.2252034871091877,0.13240937384905235,0.14266045148922304
0.1841987451450032,0.11992971154956011,0.11829493897070449
0.12563377390076857,0.10210564953385735,0.08349492629791475
0.12809166429058721,0.10285370062660387,0.0849554344292569
0.15911558742602633,0.1122957325816849,0.10339022395165773
0.050674370068676214,0.07929199430313175,0.03895314393413738
0.17208032082784325,0.11624150779955962,0.11109402499684287
0.21465131730005887,0.12919785465793412,0.13639022484552368
0.06285046621179571,0.08299775028923216,0.04618832720296515
0.1657855932843544,0.11432572756910075,0.10735362192601004
0.15392057907447393,0.110714648376179,0.10030328729603576
0.2033347674326015,0.12575369883652737,0.12966579434666026
0.08823565895840321,0.09072365265344852,0.061272515080375206
0.06810378366264631,0.08459658068294384,0.04930991182906165
0.13066056144522314,0.10363553627380752,0.08648190411987793
0.16965444374668673,0.11550319985509423,0.10965253955984333
0.10639249274372574,0.09624962704603832,0.0720615248314755
0.06967217557238066,0.08507391575321031,0.050241869229109726
0.08657645929489488,0.09021868053324598,0.06028659861717082
0.09435620754165298,0.09258642207346604,0.06490941891104991
0.1974710899422309,0.12396910731350615,0.1261815264192833
0.08940121454794833,0.0910783857758155,0.061965102277555854
0.10368206426270626,0.09542471679152223,0.07045095551872355
0.09758896025971277,0.09357030004188224,0.06683035958883701
0.030804232076771732,0.0732445812453964,0.0271460681474073
0.21921463116694534,0.1305866846638656,0.13910180101509595
0.02538433162411253,0.07159505184693961,0.02392549789131968
0.1662722418606111,0.1144738375095441,0.10764279438287525
0.1582941812970565,0.11204574024886572,0.1029021345171313
0.11411977079360906,0.09860139944936304,0.07665316670116366
0.24623619484401033,0.13881061129626662,0.15515834024703537
0.15342176416168105,0.11056283565005481,0.10000688545517837
0.053845779341550076,0.08025720258985879,0.040837633596504844
0.20855684152352086,0.1273430204133957,0.13276881379124242
0.031631612041885526,0.07349639169617304,0.02763770730746231
0.12756988926931953,0.10269490006477087,0.08464538941486176
0.20735326640244792,0.1269767161679945,0.13205363492960984
0.11133328333099198,0.09775334088663376,0.07499740222366992
0.4751792016205401,0.20848868445417126,0.29119903774766215
0.16649469762793306,0.11454154121208607,0.1077749802844042
0.12067626349139726,0.10059684706878616,0.08054911378565148
0.14168727806812254,0.106991482272594,0.09303411220713013
0.18255336099336913,0.11942894413628713,0.11731723185138078
0.20939568447825907,0.12759831958846654,0.1332672643980671
0.0516364115955733,0.07958478857029831,0.03952480061929401
0.2623881305901273,0.1437264013717339,0.16475601538821938
0.2705225306118655,0.14620208004735993,0.16958957404671374
0.21650452140325113,0.12976187140994958,0.1374914210880251
0.1963097637546349,0.1236156613961188,0.12549145238378104
0.1583607370923125,0.11206599629265683,0.10294168277386478
0.24874260842408752,0.1395734302670468,0.15664768144360472
0.14532816039674434,0.10809957318493475,0.09519756842480294
0.02746102120356867,0.07222708569012602,0.025159491900829986
0.06090877590550226,0.0824068030438157,0.04503455139073349
0.0917034912479682,0.09177907633890534,0.06333314287648031
0.1444449985943595,0.1078307857100813,0.09467278302386849
0.1886184214584176,0.12127482592468906,0.12092116397259232
0.2086710063388737,0.12737776611045043,0.13283665190226088
0.08023732752226802,0.08828938601741994,0.056519810017515944
0.07436388353124115,0.08650182209110567,0.05302973871758712
0.17944454683509656,0.11848278647283907,0.11546993696150448
0.1862301995315864,0.12054797820621965,0.1195020536827133
0.11245622731168173,0.09809510530189339,0.07566466908863397
0.11466599956443184,0.09876764243179874,0.07697774242865096
0.1135248041832546,0.09842032326107282,0.0762996303612605
0.11525601019068504,0.09894721028215096,0.07732833386299258
0.1374218770918413,0.10569332110376117,0.0904995594723546
0.08983746116825612,0.09121115604188604,0.06222432528394759
0.19203096930588828,0.12231342396670312,0.12294894108603495
0.09820414552411938,0.09375752971298042,0.06719591009697586
0.4010339619847064,0.18592281749716552,0.24714104157459885
0.086177201036326,0.0900971675569766,0.06004935454169832
0.16054222388254158,0.11272992483235197,0.10423794855070437
0.07318999543139901,0.08614455299583322,0.05233220024223187
0.09880578873869497,0.09394063790444866,0.06755341375568008
0.11078902157357137,0.09758769655844682,0.07467399531928415
0.2371561450405432,0.13604712712878148,0.14976286507617856
0.2093469193761186,0.12758347808532397,0.13323828758588022
0.08794738379241288,0.09063591702706587,0.061101218497851904
0.11288312001049984,0.09822502873182297,0.07591833388199351
0.18550759895033844,0.12032805702638948,0.1190726756970241
0.1835943473184458,0.11974576500072998,0.11793579848831791
0.056161351635001196,0.08096193962436014,0.042213574597496965
0.1490848072695374,0.10924289666668822,0.0974298133316636
0.07939680405252816,0.08803357538297385,0.05602036082839671
0.11066647336464637,0.0975503994023247,0.07460117569463444
0.2025811154614271,0.12552432726531212,0.12921796525035015
0.19857729984221398,0.12430577876473001,0.12683884969154507
0.08083181395631153,0.08847031606558284,0.05687306103086041
0.15377185743670532,0.11066938542055316,0.10021491510410774
0.1959307025760958,0.12350029533667277,0.12526620965699956
0.061334768683172,0.08253645258561727,0.045287681440086644
0.05072143251709625,0.07930631760905031,0.038981109008936136
0.11281067651993319,0.09820298078676201,0.07587528708565418
0.40172791618758114,0.18613402024319803,0.2475533975365556
0.27435598777099773,0.14736878049452595,0.17186746055266044
0.08665974488751672,0.09024402823745137,0.06033608792139353
0.16262062267448302,0.11336247886890138,0.10547295819490003
0.26019703179127873,0.1430595474479039,0.1634540380398609
0.21083444727371084,0.1280362024516727,0.1341221946140497
0.14187726217100774,0.10704930332773811,0.09314700305378414
0.1336282622020133,0.10453874652405211,0.08824534772364326
0.10302960976496178,0.09522614434824848,0.07006325918237194
0.11576539440633686,0.09910223974185549,0.07763101611115912
0.15850484837397846,0.11210985610112276,0.10302731543655934
0.21539361910496563,0.1294237718422839,0.13683130953606432
0.2988483670336906,0.15482295792543038,0.18642112788349507
0.0829732206903788,0.08912204636815023,0.05814551075464425
0.30015076023575993,0.1552193371382831,0.1871950256413877
0.08532816091001805,0.08983876490529569,0.05954484465246768
0.06693505030698463,0.08424088041760493,0.048615436364905326
0.11589633700133417,0.09914209170257769,0.07770882378131579
0.14292721373271575,0.10736885273332611,0.09377089694251967
0.24654259239478155,0.13890386241259753,0.1553404053692958
0.17371946696231128,0.11674037669222433,0.11206802541108628
0.04594590986765572,0.07785290253767511,0.03614343581984382
0.1602374550752288,0.11263716941889279,0.10405685124746271
0.09799159431800814,0.09369284043202021,0.06706960960524604
0.0984810977552997,0.09384181924030476,0.06736047845499046
0.06813576641640422,0.08460631453193744,0.049328916367311224
0.0716454150169139,0.0856744648781219,0.051414391920016886
0.1541731708634876,0.11079152388070652,0.10045338038533441
0.29248578717881146,0.1528865270606345,0.18264040615039528
0.14793450018645338,0.10889280437857844,0.09674628698104061
0.15944930525294548,0.112397298536835,0.10358852311170505
0.2193001237625742,0.13061270406239006,0.1391526017471397
0.0911074804661829,0.09159768236037402,0.06297898607731214
0.20923570801736743,0.1275496312633566,0.13317220445441663
0.09610025554542531,0.09311721751512979,0.06594575328198514
0.11843631410389659,0.0999151256242668,0.079218108827989
0.1273796397997938,0.10263699824613713,0.08453234088414756
0.16823017407848734,0.11506972792889437,0.10880622133497594
0.1864488190829604,0.12061451436868578,0.11963196005843076
0.2521626070331909,0.14061429592457542,0.15867988588952497
0.30166714578779646,0.1556808442396269,0.18809608023608124
0.19480306039478354,0.12315710103905392,0.12459615106452819
0.2006940279304437,0.12494999820022902,0.12809663506615152
0.1780466907521212,0.11805735343697073,0.11463931400773562
0.18989631532484344,0.1216637488429582,0.12168050392958879
0.025728436622836744,0.07169977910466492,0.024129969234205396
0.19122652442384075,0.12206859373523174,0.12247093022911712
0.17941241299179164,0.1184730066402243,0.11545084264402297
0.13772330763873034,0.10578506052831886,0.09067867314096657
0.20525136683441642,0.12633700974527437,0.13080466084065498
0.2264602197172874,0.13279185640591215,0.1434072171711493
0.10407057747678948,0.09554295954780828,0.07068181475909213
0.1200425302842242,0.10040397239052574,0.08017254186608518
0.07018615643259021,0.0852303441870102,0.050547282858944186
0.13766378013484865,0.10576694352256794,0.09064330117978465
0.14140335467248194,0.10690507109362321,0.09286540149906533
0.10076517207473487,0.09453696996697904,0.06871770297970584
0.026613580303845957,0.0719691697579502,0.024655932291335777
0.12707189607223698,0.10254333742519957,0.08434947584739556
0.08354779103469802,0.08929691501799272,0.05848692738712823
0.15843305991645612,0.11208800751327731,0.10298465786875963
0.0844484060672819,0.08957101432773362,0.059022083708071535
0.2071509158151476,0.12691513141280175,0.13193339576867796
0.2970255235577207,0.15426818133337675,0.18533797229207974
0.11767125956796808,0.0996822837188741,0.07876350419009628
0.18626328638494916,0.12055804808440289,0.11952171429027202
0.16724028044187159,0.11476845696105913,0.10821801459010671
0.16169995654233033,0.11308227707102429,0.10492588726861712
0.08823866207113212,0.09072456664121943,0.06127429956620016
0.2140215415353948,0.1290061844146663,0.1360160044860543
0.039813409275385056,0.07598649556187176,0.03249942996117248
0.12221169007492368,0.10106414924727093,0.08146148279104265
0.15972278824894542,0.11248053221350865,0.10375103000830897
0.037365911144942365,0.07524160732008653,0.031045097035765065
0.11443133762744313,0.09869622382049002,0.07683830347380252
0.10776507963511656,0.09666736948412571,0.07287713252665746
0.10511361534750292,0.09586040479361564,0.07130160044920436
0.19935211025143013,0.12454158983901008,0.12729925138707873
0.0960905524621348,0.09311426441270955,0.06593998759279765
0.02762380099139715,0.07227662719883879,0.025256217615176768
0.09168247842668556,0.09177268115383631,0.06332065680449246
0.17172072376542796,0.11613206558171194,0.11088034808275445
0.10630320990207838,0.09622245409823935,0.07200847188950729
0.16199478703570494,0.11317200779036696,0.10510107910578159
0.21539404213293134,0.12942390058949474,0.13683156090438656
0.12593336513800021,0.10219682917039298,0.08367294702653152
0.11364674540659879,0.09845743568307158,0.0763720893077529
0.1526779512937508,0.11033645857849818,0.09956490287275345
0.185198415181156,0.12023395793338093,0.11888895497016007
0.0831477648517779,0.08917516832639871,0.05824922700173881
0.12832506712374628,0.10292473603368232,0.08509412520941483
0.2012459348878285,0.1251179693206161,0.1284245848406182
0.23976886761936142,0.1368423009039118,0.1513153763627319
0.14882827971978158,0.10916482332594499,0.09727738156583587
0.07346993039867171,0.08622975030936436,0.05249854097802774
0.07407981699679905,0.08641536734829754,0.05286094295471946
0.15343555952147495,0.11056703422376324,0.10001508282444964
0.05293658998001731,0.0799804937104778,0.040297382305825594
0.06152900114081233,0.08259556661396714,0.04540309671040527
0.2060336409934092,0.1265750923879689,0.13126949758637832
0.08056600654350317,0.08838941842814753,0.05671511505841782
0.09501227907676119,0.09278609535051335,0.06529926453465344
0.13721912965177996,0.10563161556769764,0.09037908449672317
0.1131238976974458,0.09829830865210562,0.07606140688927127
0.12569252667180641,0.1021235307521406,0.08352983790349137
0.034674262677458025,0.07442241270272992,0.02944568703369199
0.14400655401028023,0.10769734650075435,0.09441225396087878
0.1931034183001981,0.12263982039407498,0.12358620322072045
0.16255382631991916,0.11334214961165291,0.10543326699492289
0.14411278654181778,0.10772967803255538,0.09447537861312798
0.1646046947120804,0.11396632485892624,0.10665191774333342
0.13527652459339892,0.10504038992040403,0.08922476512776183
0.26371367046309374,0.14412982519997283,0.16554366717729252
0.2514436702857638,0.14039548982087116,0.15825268499810713
0.13884925175389276,0.10612773802492652,0.09134772272203952
0.1370301462488319,0.10557409907238441,0.09026678827804804
0.10670737470734355,0.09634546036633042,0.0722486314942387
0.12165512209620036,0.10089475955992103,0.08113076338144756
0.128189911847966,0.10288360195701379,0.08501381431349844
0.10711349630794663,0.09646906217883516,0.07248995385037464
0.1276828937861674,0.10272929262868012,0.08471253806250616
0.1587778626897854,0.1121929471364759,0.10318954383773632
0.22584977032053227,0.13260606808101352,0.1430444807727212
0.09792599406754321,0.09367287520523551,0.06703062914475877
0.1944732835628942,0.12305673451315864,0.12440019369128762
0.14909827037766676,0.10924699412066353,0.09743781327298648
0.2146913488311063,0.12921003812659823,0.1364140120643707
0.14081609967143072,0.10672634190900329,0.0925164474904737
0.09606933398601367,0.09310780663724717,0.06592737931822272
0.06446390288207665,0.08348879458855507,0.047147050743328096
0.22297719796896767,0.13173180985717917,0.14133756361534644
0.25720826319675966,0.1421499252685105,0.16167807567267156
0.11795636633481626,0.09976905505309366,0.07893291807161333
0.2427218074616851,0.1377410187169665,0.15307004885298725
0.2276285669311842,0.13314743915023786,0.14410146318520886
0.15427130621464386,0.11082139106151086,0.1005116935952844
0.19420477653712107,0.12297501525713654,0.12424064357624234
0.22922991043524626,0.13363480293303223,0.14505300082026476
0.14486839106942162,0.10795964385808621,0.09492436794203202
0.10338885953776102,0.09533548086961033,0.0702767297327794
0.14341939768946002,0.10751864734914775,0.09406335858927128
0.05820387364083959,0.08158357467560408,0.043427265822430686
0.13305604466080403,0.10436459394232447,0.08790532915516078
0.12208480706172908,0.10102553280730907,0.08138608737338374
0.07186240178532258,0.0857405041083057,0.051543328076392066
0.08444568077929653,0.08957018489503651,0.05902046430906223
-0.00021598625886195806,0.06380367683430765,0.008713480061759862
0.24519254300150875,0.1384929791901059,0.15453818972747696
0.05853672851341325,0.08168487799335407,0.04362505220459192
0.048773425283130056,0.07871344782686501,0.03782357960204885
0.25384285473219426,0.14112567394718023,0.1596783093494272
0.08121738235338649,0.08858766257621464,0.0571021704254247
0.12727844773212885,0.10260620076342272,0.08447221133635961
0.08513188133762058,0.08977902784410534,0.05942821296185604
0.09952014992204494,0.0941580514498346,0.06797789579170561
0.19795207516702415,0.12411549363101308,0.1264673336443637
0.06225174671968096,0.08281553192336015,0.045832560855430395
0.13343324822037553,0.10447939464136881,0.08812946806233396
0.2230837137192287,0.13176422758569475,0.14140085655957887
0.09036859862896497,0.09137280603227109,0.06253993357284401
0.18621372447380433,0.12054296407498419,0.11949226400455906
0.16956950676848676,0.11547734955696021,0.10960206898238102
0.11844290833631733,0.09991713255785037,0.07922202720047246
0.042154100869955,0.07669887757546928,0.033890297154027894
0.1585177585396127,0.11211378526881473,0.10303498681277852
0.15265218527213495,0.11032861677208353,0.0995495923917661
0.3226716996485979,0.16207351314517068,0.20057723962219023
0.10128601807277315,0.0946954877835584,0.06902719595728656
0.1666042820640972,0.11457489288535842,0.10784009667883297
0.20751509229234683,0.1270259673609181,0.13214979382629527
0.24654970776729532,0.13890602795350462,0.1553446334095113
0.031239366944036156,0.07337701315297765,0.027404630536723998
0.12963746658032135,0.10332416061814623,0.0858739688044901
0.12096654568739716,0.10068519352834439,0.08072160296962733
0.061151273244818734,0.08248060633480685,0.04517864623620233
0.1459684940441132,0.10829445668609522,0.0955780624055874
0.18222050996970734,0.11932764198994109,0.11711944775628955
0.32308588438908714,0.16219956894855636,0.20082335319335184
0.07401372734197881,0.08639525317286005,0.05282167168425823
0.0868996090058102,0.09031703011603133,0.060478618075153014
0.19083273456682756,0.12194874504951683,0.12223693554384149
0.09438117775060863,0.09259402167683856,0.06492425651055081
0.14932918277075952,0.10931727157025908,0.09757502420360281
0.03357969816724566,0.07408928548870201,0.028795283592568013
0.13050660536889597,0.10358868023351844,0.08639042156138924
0.2000994892797542,0.12476905226009664,0.12774335302504575
0.1465631048876437,0.10847542459788849,0.09593138734455046
0.2038484630254739,0.12591004045012388,0.1299710384672007
0.08500115640498043,0.08973924212822633,0.05935053462929849
0.2539076002083001,0.14114537902611793,0.15971678189267483
0.09023962205458505,0.09133355242364671,0.062463294135863934
0.11736829536767981,0.09959007753180088,0.07858347920612646
0.18847223923982936,0.1212303358331829,0.12083430073418655
0.06761348827476846,0.08444736084702677,0.04901857239272174
0.13483860945563297,0.10490711184637233,0.08896455066816086
0.09501740417015782,0.0927876551563254,0.06530230992699915
0.13404847607800213,0.10466663727557753,0.08849504387987817
0.17556686759751247,0.11730262717728561,0.11316577316287148
0.1372948738836871,0.1056546680828473,0.09042409263340039
0.11895831813140423,0.10007399588341767,0.07952828992065528
0.21181105881831172,0.12833343105720937,0.13470250897955635
0.2802591013540706,0.14916537426645207,0.1753751618822342
0.11879626178723134,0.10002467455247184,0.07943199408525911
0.1953103795444565,0.12331150200252092,0.12489760622556884
0.10230855106644042,0.09500669243550317,0.06963479740200622
0.15239821116700927,0.11025132056406078,0.09939867791355238
0.2183803621161064,0.13033277754184344,0.13860606827716576
0.06055869335255673,0.08230025653654786,0.04482652811299253
0.11867728614133259,0.09998846469450043,0.07936129732067328
0.07542037279019133,0.08682336122397624,0.05365751738492089
0.20469453996946743,0.12616754126672808,0.1304737875977407
0.25314861008559864,0.1409143828055286,0.15926578080230644
0.09575033830104919,0.0930107213189971,0.06573782823259128
0.12731363725652758,0.10261691058282256,0.08449312137642294
0.03955639446823974,0.07590827392589747,0.032346708661123415
0.20872446586535764,0.12739403634665358,0.13286841819804474
0.09284077657448216,0.0921252054969784,0.06400893154220365
0.05941888867022717,0.08195336062057623,0.04414924241564023
0.11243358382003237,0.09808821382750446,0.07565121405263509
0.1584832920377959,0.11210329549902914,0.10301450640145864
0.08636363055930923,0.09015390678707647,0.06016013321407818
0.13719815011076425,0.10562523051137163,0.09036661820027143
0.096373246011218,0.09320030129180736,0.06610796751119584
0.2507522760318474,0.14018506618713106,0.15784185018871502
0.11278287878881194,0.09819452063604607,0.0758587693383601
0.2504640719847148,0.14009735220554537,0.15767059586587498
0.06742661260197695,0.08439048583265724,0.04890752861274174
0.015803978729006195,0.0686793020308497,0.018232736585775275
0.09478731889405607,0.09271762943714527,0.06516559047928061
0.07384435538706689,0.08634370535914243,0.05272102882467637
0.18989402766147964,0.12166305259991747,0.12167914457241054
0.15301033936909939,0.11043761982800322,0.09976241187837014
0.14216607826261068,0.10713720358310404,0.09331862106083427
0.19407269437210736,0.12293481647191802,0.12416215875982947
0.17066869801722395,0.11581188490408628,0.11025522168737177
0.17421443026724956,0.11689101719379522,0.11236213858007589
0.12618184258407825,0.10227245248778413,0.0838205953236058
0.24221356320621693,0.13758633620050445,0.152768043982919
0.046659269111690375,0.07807001114602957,0.03656732249143669
0.1821167700041257,0.11929606906263061,0.11705780421681178
0.11149964794858228,0.09780397342683922,0.07509625808712309
0.1957480245111385,0.12344469785084579,0.12515766014625124
0.2077828524848362,0.12710745932061457,0.13230890016399072
0.17722559400731494,0.11780745526423406,0.11415140841301279
0.27459250738659,0.1474407644843869,0.17200800336255342
0.3172808328957972,0.16043282006056922,0.1973739215409362
0.1948463121003358,0.12317026455754744,0.12462185174992715
0.09552129260312126,0.09294101199211514,0.06560172651476906
0.08039799557193007,0.08833828482536404,0.056615280911560206
0.11840715819233184,0.0999062521156692,0.0792007840334851
0.06704440566005418,0.08427416237016888,0.04868041663539499
0.11622809698822122,0.09924306179536467,0.0779059595691888
0.14792309712038013,0.1088893338918261,0.09673951114156827
0.13764738416387468,0.10576195346115001,0.09063355849596613
0.3402433204970908,0.16742137984886687,0.21101850878390271
0.21291828133035945,0.1286704106936821,0.1353604339581272
0.12573871837013517,0.10213758904804902,0.08355728556807754
0.1858559415233007,0.12043407397630469,0.1192796650576609
0.11744580698954014,0.09961366794644001,0.07862953754724256
0.21586629261764742,0.1295676285167469,0.1371121778415027
0.1543439612000363,0.11084350337434676,0.10055486606440177
0.2438793379039965,0.13809330941139508,0.1537578674108345
0.23725631296681313,0.13607761291733186,0.1498223860667904
0.0823866907496778,0.08894353785333302,0.05779698758566267
0.17592117307377442,0.11741045891778214,0.11337630575260904
0.11849675257451614,0.09993351987983566,0.0792540220966
0.18907771418237462,0.12141461019882506,0.12119408125189172
0.1449370860730621,0.10798055096311902,0.09496518734220338
0.05062241716884673,0.07927618260394044,0.03892227289409338
0.1735815418930538,0.11669839963775419,0.11198606867045999
0.1563059761087726,0.11144063634762541,0.10172071900068141
0.1399589073597014,0.10646545816571723,0.0920070934742854
0.1664271401095571,0.11452098029706162,0.10773483679170409
0.16310464766488628,0.11350979032936662,0.10576057168538973
0.1837112244155354,0.11978133617207155,0.11800524826987627
0.2559930410815474,0.1417800762976287,0.16095597602656597
0.4006959891436124,0.18581995654203656,0.24694021403377953
0.06777114862298389,0.0844953442706383,0.04911225607426934
0.10152492782597357,0.09476819920416922,0.0691691590157906
0.2439538521841065,0.13811598759464203,0.15380214469531106
0.19844792099469197,0.12426640272555911,0.12676197121900953
0.07127220718398647,0.08556088026572446,0.05119262732183599
0.09005152460636469,0.09127630556582648,0.06235152436217972
0.13789028954985463,0.10583588093984038,0.09077789580768691
0.16684793039168477,0.11464904647595502,0.10798487545542283
0.1696151638924981,0.11549124515688201,0.10962919899645669
0.10794412561735676,0.09672186155717412,0.07298352381002352
0.21677559907528993,0.12984437303395535,0.1376524987121035
0.1802906219324957,0.11874028672743822,0.11597268499477553
0.07568488702267685,0.08690386528610912,0.05381469493400965
0.26187669981606115,0.14357074904851033,0.1644521170503458
0.0688989303712688,0.08483858104501968,0.04978239759912035
0.10468580216789866,0.0957302012182974,0.07104738869505313
0.1035791599056359,0.09539339817899416,0.07038980850790724
0.1957629238084615,0.12344923240441655,0.12516651348852476
0.1584378263740905,0.11208945816944023,0.10298749015540738
0.1108597863926951,0.09760923360521381,0.074716044628794
0.149612981301993,0.10940364474714617,0.09774366071572974
0.17449488738965563,0.11697637342357406,0.11252878958675351
0.18651108837644134,0.12063346582934727,0.11966896122408022
0.2184295680854385,0.13034775322150807,0.13863530705795837
0.03526919827640784,0.0746034794527981,0.02979920494624433
0.07530753979096554,0.08678902086090762,0.05359047065511734
0.12011487651770746,0.10042599073570377,0.08021553087109196
0.2375818852174598,0.13617669979235003,0.15001584502711562
0.17381257822497778,0.11676871480773728,0.11212335324702552
0.13675045398283983,0.10548897562421315,0.0901005917582818
0.14433488039558287,0.10779727158786186,0.094607349461254
0.20898550259136406,0.1274734820407924,0.13302352937081732
0.21839798167579413,0.13033813999857988,0.13861653803216448
0.18791407706911414,0.12106046095859008,0.12050263403647132
0.03908215611454507,0.07576394099706822,0.032064910508270844
0.2208775375312622,0.13109278490662477,0.14008992004465312
0.2040731855498883,0.12597843403294953,0.13010457130314917
0.16399984458690176,0.11378224065445461,0.10629250849964796
0.10617855864604629,0.09618451688644476,0.07193440260888737
0.22026592061777803,0.1309066412517372,0.1397264898936951
0.1141694353284339,0.09861651469197125,0.076682677967106
0.12260983621247332,0.10118532375305872,0.0816980660307842
0.1447589936541648,0.10792634910402955,0.09485936267768305
0.16059827363491147,0.11274698339553375,0.10427125398996868
0.12578891415034363,0.10215286597349352,0.0835871125064379
0.09616512636771876,0.09313696074277938,0.06598430030745027
0.2195001781963202,0.13067358999057946,0.1392714765059195
0.14643359948140264,0.10843601004097553,0.09585443366929657
0.12182025178947574,0.10094501625485389,0.08122888543796958
0.12942030194109103,0.10325806725354574,0.08574492695512619
0.03682084830349646,0.075075719184534,0.03072121411758378
0.07093573794348267,0.08545847692663451,0.050992693238632834
0.08123865918476149,0.08859413811191237,0.057114813375395604
0.10109961818301846,0.09463875757223714,0.0689164348933289
0.18425340898930315,0.11994634831604548,0.11832742088666826
0.13332189606896033,0.1044455049696035,0.0880633012701703
0.21562096731731392,0.12949296454484924,0.1369664025874696
0.21384539208671718,0.1289525738923599,0.13591133435788602
0.1908712975938419,0.12196048158366718,0.1222598501598701
0.14141469934823617,0.10690852380946841,0.0928721426423055
0.12481001037894603,0.10185493973604985,0.08300543607210624
0.11389876560271296,0.09853413722512507,0.07652184274965237
0.21595343014135449,0.12959414854388004,0.137163956009661
0.13494592196120023,0.10493977206482125,0.08902831705401128
0.06747914727868178,0.0844064745937831,0.04893874535162584
0.1363186650620337,0.10535756204475377,0.0898440175707293
0.23416728846013865,0.13513747817116478,0.14798685042671414
0.12830358160384028,0.10291819698429647,0.0850813582542005
0.1026030494032806,0.09509632206406522,0.0698097918677495
0.13349161946379695,0.10449715974294017,0.08816415295959663
0.0930730337535331,0.09219589222788675,0.06414694156086499
0.1513517722337581,0.1099328402157287,0.09877687127103602
0.10863815706429625,0.09693308781219102,0.07339592567133563
0.13549566708763072,0.10510708523885949,0.08935498224243618
0.13619389515262942,0.10531958872118402,0.08976987778484356
0.2225680202084103,0.1316072779121502,0.14109442525208424
0.09694339637215976,0.09337382473382051,0.06644675773621672
0.29249126852664353,0.15288819529134665,0.18264366323342585
0.057334783338952984,0.08131906981700061,0.04291084187690654
0.2573115949902698,0.14218137396995426,0.16173947667137856
0.1280573359606971,0.10284325290900306,0.08493503612136333
0.12263546530300315,0.10119312388493447,0.0817132951456679
0.13848828654487588,0.10601787941602854,0.09113323283872955
0.03280883605733281,0.07385467606670922,0.028337228024128126
0.05350427348571859,0.08015326637297461,0.04063470669569254
0.21232043668512285,0.12848845858466443,0.13500518745516504
0.2634428580409245,0.14404740430391802,0.16538274716788728
0.04176335562000706,0.0765799555061938,0.03365811161101252
0.1800067899776346,0.11865390337817681,0.11580402862192578
0.11522276605557388,0.09893709253576972,0.07730857979672087
0.047830293090694614,0.07842640855526921,0.03726315907162653
0.19204878065891462,0.12231884479512965,0.12295952480694977
0.09770407036568489,0.09360533343511866,0.06689875940294936
0.1759836440364513,0.1174294717558196,0.11341342675252856
0.07148361986800562,0.08562522304112072,0.051318251289999076
0.13222789986529315,0.10411255071785824,0.08741323552365396
0.16170574923682696,0.11308404005909979,0.10492932935759289
0.17451163444643142,0.1169814703368349,0.11253874088999252
0.11546733298866034,0.09901152570101684,0.0774539044197837
0.05952179230691269,0.0819846790138572,0.04421038899839526
0.23837706714109533,0.136418710872003,0.15048835172236025
0.04520001436454433,0.0776258916227504,0.035700215710461294
0.13444328452304324,0.10478679596530681,0.08872964382245244
0.04789773640942963,0.07844693471399757,0.037303234705521805
0.326158109347338,0.16313459080579748,0.20264890633901872
0.04612163036177226,0.07790638250903052,0.03624785105803496
0.15669097120671505,0.11155780837649654,0.10194948773398257
0.15069345021654182,0.10973248201163718,0.09838568838380529
0.15108453346247697,0.10985150694891209,0.09861807476811518
0.08920804377915119,0.09101959486907542,0.061850317875560334
0.1859359923651593,0.12045843719444316,0.11932723223394326
0.3478542960525939,0.16973775595935003,0.2155410423078968
0.0802488787302254,0.08829290159068168,0.056526673884683985
0.1204560943112956,0.10052983928176419,0.08041828660184323
0.11144630940292394,0.0977877400107639,0.07506456367960548
0.09948404561193253,0.09414706321832356,0.06795644217493148
0.23258442283976444,0.1346557380732756,0.14704629257313578
0.044910475468748046,0.0775377713842362,0.03552816820443666
0.12033055075752287,0.10049163050200072,0.08034368710713732
0.08413442002755488,0.08947545367901719,0.05883550941409621
0.13428762398228836,0.10473942117671094,0.08863714845063125
0.05798313833607157,0.08151639459034739,0.04329610224051381
0.1617306308854693,0.11309161270942344,0.10494411433348684
0.19200001596697142,0.12230400341682951,0.12293054823850709
0.21954224259946525,0.1306863921573762,0.13929647168189946
0.06086890574823774,0.08239466868874713,0.045010860062135616
0.12583624431677337,0.10216727075853385,0.08361523666250888
0.1611452436298177,0.11291345196715284,0.10459627016175131
0.16736413374574885,0.11480615131866342,0.10829160971792667
0.18828655259906693,0.1211738226969152,0.12072396349138755
0.10918867207571559,0.0971006352982676,0.07372304833471154
0.057788735406739435,0.08145722867948237,0.043180585673858685
0.13567114210356143,0.10516049049971257,0.08945925161452672
0.11730564026641631,0.09957100865177247,0.07854624878883672
0.1205612781455717,0.10056185164590191,0.08048078810552388
0.18657178832105506,0.12065193966369164,0.11970502986369383
0.10139646391180854,0.0947291016220445,0.06909282420769683
0.17243535101881396,0.11634956010466384,0.11130498822080631
0.11738217923304037,0.09959430304189582,0.07859172916647357
0.22348817894473788,0.13188732528572786,0.14164119467764452
0.14579790839790702,0.10824253948930748,0.09547669835599178
0.2067408898495215,0.12679034131926795,0.13168975339172795
0.07403894392460686,0.08640292775927286,0.05283665568196855
0.22664202580569195,0.13284718850845917,0.14351524854290687
0.13588113634704482,0.10522440157726058,0.08958403272820578
0.050542115222145224,0.07925174296284464,0.038874556508282934
0.06425796180571211,0.08342611707947896,0.04702467807046448
0.16712146424331542,0.11473229563037729,0.10814741257105585
0.18776941644798192,0.12101643396041162,0.1204166749496368
0.055300292113045726,0.0806998789079887,0.041701922638322966
0.18448940122557717,0.12001817179969473,0.11846765032140616
0.14086428264199027,0.10674100624225762,0.09254507839304997
0.0785600972606524,0.08777892634225039,0.05552317955532383
0.10059755221724452,0.09448595539851794,0.06861810123755616
0.18187170378953016,0.11922148394265018,0.11691218291465096
0.1598250036064282,0.11251164113121184,0.1038117676072556
0.09617728665174625,0.09314066168639848,0.06599152609496901
0.10607824529022283,0.0961539868368738,0.07187479520227993
0.12978467285598438,0.10336896237815361,0.08596144054996781
0.2593651343371616,0.1428063621137722,0.16295971453332322
0.22481403639166062,0.13229084576658615,0.14242903517299488
0.07503447360880207,0.08670591404019448,0.053428211434325204
0.12133802547836764,0.10079825221668928,0.08094234074442357
0.18723530878162215,0.12085387999741962,0.12009930172869838
0.12984443691655848,0.1033871513791784,0.0859969530759909
0.13855003116410167,0.10603667119375586,0.0911699222366048
0.1352929518016518,0.10504538948878801,0.08923452637314835
0.14825280758429,0.10898968021883862,0.09693542907815465
0.16764457997359744,0.11489150423271853,0.10845825425092694
0.06477671989413779,0.08358399944743375,0.047332930386956434
0.16896597259492716,0.11529366585816257,0.10924344169302844
0.0329741604767261,0.07390499202591444,0.028435465789259373
0.10306603117414939,0.09523722908785082,0.07008490122324341
0.223285780384463,0.1318257259301131,0.14152092701059243
0.13827226724803185,0.10595213463272667,0.0910048715656338
0.0705386336378273,0.08533761949905738,0.05075672906797535
0.13884946699577572,0.10612780353310634,0.0913478506213638
0.0732878530503079,0.08617433564971473,0.05239034842032881
0.1339291436238603,0.10463031882415642,0.08842413509552832
0.2575233249456172,0.14224581330586653,0.16186528916599385
0.2720573048502997,0.14666918368669887,0.17050155542077827
0.06556673319896159,0.0838244374744532,0.047802365826528206
0.09730788065141227,0.09348475436050892,0.0666633386935286
0.2416410522517329,0.13741209431938342,0.15242785106472806
0.026391558436190534,0.07190159811138641,0.024524004218224826
0.24165687814862394,0.13741691088057434,0.1524372550036469
0.06408894020602471,0.08337467589525545,0.04692424339618495
0.21765958571022698,0.13011341154396244,0.13817777423849445
0.1740306715181291,0.11683509080519357,0.11225294691375612
0.2730627320501341,0.14697518224490497,0.17109899239637094
0.21082424384126744,0.12803309706958554,0.13411613161135755
0.2004246695240242,0.12486801982922557,0.12793657905045178
0.247741328623414,0.13926869395653368,0.1560527089026446
0.1926379423701545,0.12249815428090786,0.1233096118057457
0.09088576620608248,0.09153020433318743,0.06284724078832253
0.09502950136567845,0.09279133689915878,0.06530949822656577
0.08350449123644604,0.08928373686263939,0.05846119812446685
0.22913029732431678,0.13360448600075925,0.14499380950762386
0.17419000768459578,0.11688358425873933,0.11234762638673225
0.11168998456958958,0.09786190176974807,0.07520935840429932
0.0923753632768555,0.09198355844578744,0.06373237734416694
0.09913062647191866,0.09403950123143422,0.06774643625688895
0.07221420425944307,0.08584757406809193,0.05175237335205117
0.07997688957247592,0.08821012255891032,0.056365054644795985
0.12774820459755837,0.10274916976560663,0.08475134653480278
0.006027629415041883,0.06570390133044508,0.012423511842869533
0.1505570192822622,0.10969095969237717,0.0983046194762137
0.1916936375694502,0.12221075812972927,0.12274849449733893
0.17435908205390674,0.11693504150322949,0.11244809241735881
0.05624375698033095,0.08098701942811273,0.04226254084815582
0.1926375144933538,0.12249802405796964,0.12330935755618731
0.09446768843143727,0.09262035092634285,0.06497566220110632
0.16856946761658037,0.11517299083393844,0.10900783364989038
0.18184799445966665,0.11921426808380386,0.11689809454472308
0.12927184232229977,0.10321288404255911,0.0856567104580362
0.05672313007299003,0.08113291509835205,0.042547390124867086
0.18538075650116634,0.12028945293195836,0.11899730438299691
0.2140006167313132,0.1289998160173513,0.13600357071494917
0.13775538703194964,0.10579482378922422,0.09069773510355017
0.14044642075740063,0.10661383131180541,0.09229677981848829
0.11213908382505644,0.0979985836942942,0.07547621860160744
0.03622746245271308,0.07489512409537236,0.030368617084094246
0.157624440720571,0.11184190684271705,0.10250416658418408
0.07544790326131348,0.08683174003496474,0.053673876323098085
0.06624220976572265,0.08403001661092878,0.04820374215411876
0.16849433143145695,0.11515012337588608,0.10896318682194979
0.20100680575248656,0.12504519113175105,0.12828249142259826
0.06931292464671074,0.0849645788809762,0.050028397993652225
0.12987514261910807,0.10339649656171425,0.08601519877500095
0.17599989879249042,0.11743441883892305,0.11342308552472852
0.0923712414716615,0.09198230398753639,0.0637299281177788
0.14073564673537184,0.10670185631477876,0.09246864138496497
0.2423307012173142,0.13762198678019127,0.1528376488027293
0.1328590990133233,0.10430465416330922,0.08778830167469646
0.18254011594536088,0.11942491304821393,0.11730936148401369
0.11243569662343274,0.09808885685247389,0.07565246950591274
0.1750079061147182,0.11713250903461361,0.11283363150427292
0.08968132133985375,0.09116363538362493,0.062131545113622365
0.09240316254645993,0.0919920190647357,0.06374889600564629
0.10118856812501617,0.0946658292030904,0.06896929002230794
0.19155218533950175,0.12216770759516396,0.12266444187526436
0.07516365411547812,0.086745229714962,0.053504972050336656
0.11449397443593597,0.098715287133172,0.0768755230213073
0.05904824926805537,0.08184055770187891,0.04392900401000981
0.17596123080195045,0.11742265035945883,0.11340010853810624
0.22337561391939015,0.13185306647965356,0.14157430718115338
0.05856014710802905,0.08169200536785609,0.04363896781612712
0.08579823031331427,0.08998182902738142,0.05982416556468292
0.14214116124741835,0.10712962016908355,0.09330381506970967
0.03874305868713258,0.07566073777768373,0.0318634147246896
0.231413211864529,0.13429928375232983,0.14635034487752885
0.07010138699620481,0.08520454487969265,0.05049691183685034
0.32018292467855414,0.16131606242903876,0.19909837950056458
0.22472985123190897,0.1322652242819967,0.14237901133512768
0.12503894770272514,0.10192461607960557,0.0831414733927012
0.15184686372503217,0.11008351973040165,0.09907106060989318
0.09339623590430798,0.09229425777057593,0.06433899217924452
0.05630965484861968,0.08100707523393212,0.0423016981567456
0.09429885556843742,0.09256896718352761,0.06487533967644422
0.2358866987778162,0.135660775211727,0.14900854478724515
0.1332401367482626,0.10442062178138507,0.08801471889514378
0.1925720064206024,0.12247808688517776,0.12327043186880977
0.21784816703891993,0.13017080566926006,0.13828983153979507
0.08700569641298614,0.09034931747969628,0.06054165649275528
0.0410676100377184,0.07636820755955627,0.033244691189789836
0.1132527046876133,0.09833751064831624,0.07613794555726577
0.06265847901728921,0.08293931959954828,0.04607424609509646
0.1826882821695236,0.11947000696548203,0.11739740364247467
0.07361687456306099,0.0862744722966423,0.052585856973823585
0.0872899150193909,0.0904358185051207,0.06071054261861834
0.09828122837272268,0.09378098963184767,0.06724171365584829
0.23562930546903038,0.13558243837998696,0.14885559857695344
0.05952527523717421,0.08198573903256232,0.04421245859758851
0.12725506875210732,0.10259908544549602,0.08445831926429431
0.09144719437978041,0.09170107320536064,0.0631808481844241
0.1000377503629231,0.0943155814914545,0.06828546022005456
0.18384273909635784,0.11982136224528814,0.11808339588033423
0.05160775506327525,0.07957606704618607,0.03950777256197665
0.06983291404468472,0.08512283599406073,0.05033738196913754
0.17256104344913212,0.11638781419452843,0.11137967617975199
0.08326389974874852,0.0892105136115038,0.058318235759029634
0.12360887533699322,0.10148937812093839,0.08229170713493368
0.1272685209931311,0.10260317959210215,0.08446631274825175
0.23596849154388794,0.13568566857893835,0.14905714703591638
0.13945587566389614,0.10631236207514613,0.09170818597007388
0.16036962375494027,0.11267739453458324,0.1041353874719531
0.16733730916509157,0.11479798734318426,0.10827567022838222
0.11612350194914703,0.09921122862916693,0.07784380793472268
0.1475350192117768,0.10877122361937286,0.09650891056496921
0.3150983810812639,0.15976859781880806,0.19607708233500928
0.11575205147143584,0.09909817886221882,0.07762308757821894
0.11563129848412834,0.09906142807606413,0.07755133469591927
0.031712093522729995,0.07352088597791191,0.02768553037462698
0.10711305205620957,0.09646892697223734,0.07248968987063116
0.1468594141479596,0.10856560537522852,0.09610745788287721
0.10404827455492327,0.09553617172474566,0.07066856209376847
0.10100163096296062,0.09460893547465986,0.06885820970466497
0.10328646522755953,0.09530431748821847,0.07021588579796778
0.16738523979681194,0.11481257487791843,0.10830415118817531
0.13938511376806317,0.10629082591807335,0.09166613839761859
0.08523521314203913,0.08981047654886885,0.059489613967045246
0.1513914006869316,0.10994490100892901,0.09880041897614622
0.2597146485538311,0.14291273564970897,0.16316740009879013
0.03549287998892134,0.07467155626784505,0.02993211931920067
0.08989551144488418,0.09122882345823863,0.062258819458868235
0.12919253497474753,0.10318874710453887,0.08560958507504314
0.16423521229956795,0.11385387406633779,0.10643236683492141
0.026396523014885605,0.07190310906506163,0.02452695423079771
0.2208485152267944,0.1310839520609204,0.14007267464109852
0.052116934549226716,0.07973103419705993,0.039810333157284376
0.27921634552581426,0.14884801485936602,0.17475554378515323
0.24451133109585818,0.13828565452155075,0.1541334053923044
0.09543567397599705,0.09291495423630754,0.06555085089329009
0.04731005705220247,0.07826807637793051,0.03695402853936888
0.15647086598078008,0.11149082005372116,0.10181869855251202
0.06636309499739655,0.08406680764523393,0.048275573617616904
0.10522149711593083,0.09589323826539874,0.07136570509791684
0.09039629287074524,0.09138123468633663,0.06255638982552278
0.1405509838863647,0.10664565476626313,0.09235891249158187
0.10286054454929312,0.09517468988964024,0.06996279859095016
0.15699118486569,0.11164917744510264,0.10212787831311056
0.11709768561105782,0.09950771831635832,0.07842267962303517
0.21070433318757087,0.12799660264497584,0.13404487925385455
0.22345318211568344,0.1318766741125406,0.14162039913948044
0.13790859086627127,0.1058414508870605,0.0907887706707612
0.07390468842527567,0.08636206752669377,0.052756879444076525
0.14969832573027073,0.10942961905141031,0.09779437340494497
0.1312694641660359,0.10382085387282132,0.08684372146479571
0.09948533057810695,0.09414745429367623,0.06795720571733953
0.16002176944618463,0.11257152618632031,0.10392868824380024
0.13858694207072927,0.10604790491034102,0.09119185514276226
0.17778646830575018,0.11797815556623915,0.11448468668974877
0.20304074392274837,0.125664213720043,0.12949108202884324
0.07260508499314951,0.08596653737141653,0.05198463940115083
0.1284197739782519,0.10295355976247714,0.0851504011652803
0.12804613804190448,0.10283984485817065,0.0849283821828807
0.22081202318000098,0.1310728458229883,0.1400509906265093
0.1753593307552408,0.11723946400195069,0.11304245226664837
0.185434135853957,0.12030569876755413,0.11902902303860503
0.12666567066865145,0.10241970402058874,0.08410809181027502
0.2509858986211056,0.14025616847627642,0.1579806715505991
0.31757176857786834,0.16052136540652698,0.19754679903422173
0.19960315747922577,0.12461799526126202,0.12744842667946185
0.2516363703409316,0.14045413746742105,0.15836718969638344
0.0438280289355258,0.07720833223781587,0.03488496541147955
0.29000179182985086,0.15213053100691934,0.18116438613729766
0.2014256351405676,0.1251726605188018,0.1285313648994104
0.1409997637698968,0.10678223949098067,0.09262558291423231
0.22908720323217815,0.13359137045140496,0.1449682024780174
0.15306435218102604,0.11045405845486443,0.09979450694304115
0.2148412619621116,0.1292556637093867,0.13650309225595886
0.15071529769499306,0.10973913122195071,0.09839867041915538
0.19426041108722683,0.12299194745483498,0.12427370229731043
0.20672105410265126,0.12678430437303828,0.13167796675156085
0.15733288384734959,0.11175317243921629,0.1023309199716207
0.27431767466239443,0.14735712002224619,0.17184469444116732
0.20120234120065478,0.1251047017211079,0.12839868094561271
0.10616143072352249,0.09617930405790936,0.07192422499062455
0.055465558792964005,0.08075017729436901,0.04180012609396149
0.17390541356569375,0.1167969689472854,0.1121785171268116
0.11270412998071813,0.09817055368772688,0.07581197584625353
0.09652953345784016,0.09324786687720217,0.0662008353980489
0.13203572692848786,0.10405406349809898,0.08729904404546969
0.20434491607593852,0.1260611343509892,0.13026603686095992
0.10455408071971746,0.09569011221609525,0.07096911822093534
0.11817977387185515,0.09983704842371012,0.07906566952619391
0.151682497960545,0.11003349553475661,0.09897339248907616
0.07434202978177243,0.08649517097222813,0.053016752955922855
0.043863744234821936,0.077219202075127,0.03490618787333195
0.22267590419666158,0.13164011205952944,0.14115853121984226
0.15708140299560633,0.11167663504490008,0.10218148701465514
0.2773887743085527,0.14829179939434456,0.1736695789128084
0.2792573791141345,0.14886050330096195,0.17477992643852486
0.04800357117389678,0.07847914518666085,0.037366122999777436
0.16817055567398304,0.11505158325782938,0.10877079535954728
0.012832575267712963,0.06777496487431131,0.01646709279031027
0.19267171337064312,0.12250843237708478,0.12332967894178291
0.05690040052434473,0.08118686679424407,0.04265272636635404
0.13279250536446519,0.10428438659889526,0.08774873092489589
0.14527943712133928,0.10808474441162583,0.09516861646656684
0.06813370033660715,0.08460568572714788,0.04932768867776244
0.07865153123146927,0.08780675397934393,0.05557751072420428
0.12640262907849625,0.10233964815244719,0.08395178932303059
0.20453068200300492,0.12611767161779047,0.13037642121663784
0.13862328186117318,0.10605896480953941,0.09121344868479084
0.13862463960630178,0.10605937803493444,0.09121425547333163
0.1425972248446333,0.10726842166880553,0.09357481356292982
0.2242350213857148,0.13211462439816835,0.14208497746893436
0.08898664794995144,0.09095221375531691,0.06171876180205494
0.21015120589874423,0.12782826012061074,0.1337162043437183
0.14981398532566542,0.10946481967999813,0.09786309973230334
0.23279384698408204,0.1347194756429627,0.1471707349270105
0.198041349190068,0.12414266389489814,0.12652038134621127
0.10852168312473338,0.09689763934055576,0.07332671545084507
0.17166053614507254,0.11611374767161983,0.11084458387239778
0.13515852778690357,0.10500447796907975,0.08915465000136212
0.14806582554378314,0.10893277283179457,0.09682432209319454
0.2775297628596569,0.14833470880973385,0.1737533560113182
0.20187856266321091,0.12531050756424045,0.12880049989927425
0.23915465278628048,0.1366553665804896,0.15095040249659797
0.0952858650826724,0.09286936037792436,0.06546183264098945
0.20190587531773185,0.12531882008344167,0.12881672940819835
0.02490007661465075,0.07144767038090834,0.023637747720729674
0.060804683072622864,0.08237512272246997,0.04497269817324879
0.17710868128904855,0.11777187325170109,0.1140819374649213
0.042113677294601366,0.0766865747893722,0.03386627697772288
0.12180058330621513,0.10093903021476969,0.08121719818785768
0.06506344114265462,0.08367126214399469,0.04750330361296442
0.14215998738461508,0.10713534984383266,0.0933150017876248
0.095113079236341,0.09281677355725299,0.06535916120592757
0.1787634304922828,0.11827549088852829,0.11506520941092284
0.1671682511825535,0.11474653508595618,0.10817521393497416
0.09373569959284185,0.09239757246036334,0.06454070559960422
0.31487644739706505,0.15970105301059784,0.19594520666157245
0.1397439037542908,0.10640002250486015,0.0918793357372965
0.08266975961698597,0.08902968895933416,0.057965190522679476
0.06831435587443441,0.08466066766330002,0.04943503637848228
0.07680767229577395,0.08724558139921942,0.054481867493006673
0.13930881474183102,0.10626760455304214,0.09162080059545794
0.33777366890028904,0.16666974927032502,0.2095510120014377
0.13957704023094994,0.10634923812428257,0.09178018341802585
0.15329471991586544,0.1105241701394595,0.09993139423115023
0.19495851763590036,0.12320441395405389,0.12468852563325084
0.07608867083182194,0.08702675559924741,0.05405462814624867
0.05888378090932747,0.08179050228200406,0.04383127492645697
0.22498550269883025,0.13234303098972675,0.14253092252196278
0.04407964869231903,0.0772849119074404,0.035034480907502004
0.12072230673459533,0.10061086018284938,0.08057647323640763
0.2070573038918704,0.12688664092283056,0.13187777043416224
0.14706015273434517,0.10862669952308973,0.09622673917341182
0.11746869678978517,0.0996206343840635,0.07864313894278137
0.14051115573555972,0.10663353319572653,0.09233524612372936
0.22600380891249763,0.1326529492346737,0.14313601236299806
0.13801325673594808,0.10587330561032615,0.0908509643936262
0.18944542599143402,0.12152652211390552,0.12141258004636446
0.1251185504473849,0.10194884292079233,0.08318877430422038
0.1988164735882591,0.12437857053072017,0.12698096961778335
0.18195665009071366,0.11924733707820415,0.1169626590319424
0.07245889525190868,0.08592204499041506,0.05189777169269413
0.1400309905899297,0.10648739646669439,0.09204992619958434
0.1327934166124907,0.10428466393432231,0.08774927239946943
0.1575113802639785,0.11180749725372531,0.10243698469646838
0.14681559373374098,0.108552268772068,0.09608141926392563
0.1440952331434947,0.10772433571181919,0.09446494817201068
0.17253101014762826,0.11637867365510417,0.11136183002955766
0.01691364615469953,0.06901702576898446,0.018892114361539328
0.13048511423491568,0.10358213947550704,0.08637765127022401
0.22985231191761893,0.13382422883702907,0.145422839292204
0.11652523753715316,0.09933349557274099,0.07808252406924322
0.3037206621682232,0.15630582539367432,0.1893163044510749
0.12084865445613978,0.10064931370850672,0.08065155057730794
0.1839448828290237,0.11985244936420698,0.11814409091895038
0.12038696859754666,0.10050880109148488,0.08037721126852751
0.04091498008599068,0.07632175512105498,0.0331539966305419
0.1512141712973392,0.10989096181005317,0.09869510713405402
0.15890190146756752,0.11223069794247083,0.10326324917638907
0.1526646865462279,0.11033242149494045,0.09955702079969711
0.14923673060951492,0.10928913405015948,0.09752008801368259
0.08982614651063937,0.09120771246196509,0.06221760197784693
0.12358284396479649,0.10148145555592161,0.08227623897942908
0.05455666441860434,0.08047355819339204,0.041260050088219966
0.0755279288757556,0.08685609557521937,0.0537214285089452
0.056970099446352396,0.08120807943862669,0.04269414230693442
0.22441908420730963,0.13217064333025677,0.1421943498187881
0.23203828885001115,0.1344895239371556,0.14672177316570345
0.1520364003050262,0.11014120458338274,0.09918368553304463
0.0945737455720258,0.09265262907846869,0.06503868263393679
0.15851620741174818,0.11211331318800144,0.10303406511388254
0.29669480322908887,0.15416752765726027,0.1851414542816886
0.10633445782015537,0.09623196430233986,0.0720270397795273
0.16929473269329204,0.11539372294445581,0.10943879491093898
0.12260469737094506,0.1011837597630466,0.08169501246913298
0.11034404056068234,0.09745226800788097,0.07440958223141439
0.15331112516200723,0.11052916302374526,0.09994114242638558
0.16124931702763845,0.11294512637350068,0.1046581118306896
0.11219898157759774,0.09801681338404247,0.07551181056901095
0.10372653099225893,0.09543825009869102,0.07047737818604627
0.06291906692210265,0.08301862869639008,0.04622909057290002
0.247812110324206,0.13929023614118244,0.15609476824344562
0.06877478675329694,0.08480079833124783,0.04970862996316166
0.19713127145163117,0.12386568464084276,0.12597960217125462
0.14101241906815615,0.10678609109060082,0.09263310284518171
0.13558844806092385,0.10513532283185593,0.08941011381644348
0.1122795974255813,0.09804134855999107,0.07555971347875136
0.2545418077839307,0.14133839807690374,0.1600936356877033
0.19522212177765744,0.12328464103297931,0.1248451623954461
0.09991151523849054,0.09427716223436892,0.06821044978571668
0.16192522511662974,0.11315083684238916,0.10505974457399687
0.042108331633919735,0.0766849478546109,0.03386310052163472
0.11682643521509949,0.09942516412437932,0.07826149936431921
0.16525085176313514,0.11416298069440604,0.10703587206086473
0.14585486441923406,0.1082598738725528,0.09551054231120701
0.1420685386314802,0.10710751770778773,0.0932606618349126
0.10889025228070096,0.0970098121864304,0.07354572369119715
0.07849167580481342,0.08775810249061732,0.05548252270055741
0.07384988739367604,0.0863453890076918,0.05272431600976367
0.16808839698442898,0.11502657852297454,0.1087219756747268
0.11384432040221261,0.0985175670021819,0.0764894907544728
0.14261090015774971,0.10727258370669074,0.09358293959901688
0.09118705071947814,0.09162189931291757,0.06302626768207022
0.24412377798282295,0.1381677039689532,0.1539031166555651
0.20827287921605733,0.1272565973917358,0.13260007996130288
0.11146125527138283,0.09779228873811119,0.07507344469500978
0.17823412223005944,0.11811439760886192,0.114750688053841
0.22630005600751713,0.13274311109220396,0.14331204596195526
0.14447561802091965,0.10784010463479499,0.09469097745664457
0.10080044414088421,0.09454770490769723,0.06873866206707355
0.12223902944802263,0.1010724698981862,0.08147772817646813
0.11720264074915888,0.09953966107754542,0.07848504523268882
0.18325910920886104,0.11964373635240443,0.1177365959579643
0.29475807846775354,0.1535780916595985,0.18399062905619504
0.09578608047710964,0.09302159933616581,0.0657590666649413
0.06231817490255576,0.08283574912873039,0.04587203328334707
0.17161646565800664,0.11610033495958681,0.11081839665714244
0.14991896206960853,0.10949676901685423,0.09792547818040902
0.12130186274355102,0.10078724620380594,0.080920852410985
0.2816249854473217,0.14958107672932597,0.17618678669387222
0.11787253089757506,0.0997435400054336,0.07888310204308209
0.1058312212288483,0.09607880585247709,0.07172801052393567
0.040539114083885795,0.0762073615033552,0.03293065251615694
0.0816344881737679,0.08871460740093899,0.05735001973750982
0.08930568832233636,0.09104931267404055,0.06190833944149102
0.09260289757379636,0.09205280778260455,0.06386758096928301
0.13457902184886159,0.10482810718704597,0.08881030057952564
0.14312609309414387,0.10742938103200751,0.09388907345914747
0.12692357140196414,0.10249819528536347,0.08426133953834399
0.1960493924022952,0.12353641820633124,0.1253367365840708
0.12886367556645797,0.1030886597935871,0.08541417284597681
0.03609486391681057,0.07485476815432252,0.030289825433867712
0.14183301923289532,0.10703583813077965,0.09312071336603588
0.1316362906739391,0.10393249634932164,0.0870616942026377
0.05432515057201744,0.08040309769334601,0.04112248176667936
0.21698433779372078,0.1299079019964622,0.1377765337776447
0.1764745564894566,0.11757887939353803,0.11370513285641384
0.11893501715665757,0.10006690430614748,0.07951444420026577
0.1449962052481463,0.10799854369530415,0.09500031666948595
0.20981347547924073,0.12772547294571898,0.13351552085273355
0.04880919867267206,0.07872433534375722,0.03784483658182648
0.0967584880923634,0.09331754848922758,0.066336883004897
0.1140551986369399,0.09858174711964268,0.07661479714641697
0.09309862487526029,0.09220368080407866,0.06416214811422785
0.1517469087576357,0.11005309875520451,0.09901166616201401
0.15612030432183835,0.11138412773207296,0.10161039058420633
0.29419268361321754,0.15340601554077682,0.18365466461046948
0.1870406289581723,0.12079462981471384,0.11998362062821688
0.05898314287729881,0.08182074277971968,0.0438903170069214
0.22119407358462326,0.13118912164384927,0.14027800958750322
0.13547262868733423,0.10510007357528453,0.08934129254695358
0.0693419169325092,0.0849734025905941,0.05004562555975145
0.05878014701769396,0.08175896163796113,0.043769694417399196
0.25513624978482374,0.14151931460197936,0.16044686029833372
0.083654370524572,0.08932935214545558,0.05855025820620785
0.15806970847851406,0.11197742266322466,0.10276875005942536
0.1354243646180711,0.10508538455989891,0.0893126134545488
0.20761594755882862,0.1270566623392676,0.13220972324275568
0.004986251375044085,0.06538696124881661,0.011804712444198862
0.25648210139094546,0.14192892024135373,0.1612465815643683
0.22437447208849814,0.13215706577433137,0.14216784075941327
0.06183685594492592,0.08268926124069995,0.045586027750187594
0.08214602715484318,0.08887029265662054,0.05765398237329423
0.04850754092380055,0.07863252677100167,0.03766558790705477
0.12330965141218912,0.10139831027476719,0.08211390466779413
0.1479192896637632,0.1088881751045608,0.09673724870489814
0.14721092053971777,0.10867258522329308,0.09631632722282336
0.23308373287787107,0.13480770148920826,0.14734298862342995
0.07797232843271645,0.08760004077605864,0.05517392022459632
0.16403263612781885,0.1137922206552381,0.10631199362898788
0.10304704692782586,0.09523145129309366,0.0700736205549767
0.12953421839828966,0.10329273736358911,0.08581261748873222
0.12139577264151594,0.10081582738142209,0.08097665480565629
0.039544710138840894,0.07590471783754998,0.032339765691588786
0.17258420783325942,0.11639486420087981,0.1113934407363473
0.06457884955046145,0.08352377824008368,0.04721535344085346
0.05646687046503328,0.08105492330483956,0.0423951175732897
0.11774172762285322,0.09970373044639225,0.0788053771587143
0.06552244830396099,0.0838109595080496,0.04777605120749077
0.15823327834207637,0.11202720462896454,0.10286594524630811
0.13580698187051313,0.10520183289908377,0.08953996924335778
0.17804741505275248,0.11805757387555534,0.1146397443959113
0.20184095268959557,0.12529906108884936,0.12877815159907643
0.1377221855745044,0.10578471903165414,0.09067800639686252
0.1484166604960653,0.10903954832939838,0.09703279245570108
0.11241096130481397,0.09808132873722546,0.07563777148108483
0.16057990518629828,0.11274139301684394,0.10426033923613295
0.0648692784659985,0.08361216935326461,0.0473879298073488
0.1301131580372929,0.10346893579431848,0.08615663040884596
0.1258508825250696,0.10217172585049275,0.08362393486253179
0.10329252056569516,0.09530616041104698,0.07021948395296368
0.1532732195973683,0.11051762658616975,0.09991861848243454
0.07054810540281717,0.08534050220049122,0.050762357305037246
0.16489805284860062,0.11405560747116125,0.10682623468828678
0.09816930735391041,0.0937469268271065,0.06717520883581213
0.28720517301422105,0.15127938899924726,0.17950260148757913
0.10746590027283309,0.09657631520041556,0.07269935653910545
0.15317174391748586,0.1104867427869826,0.09985832040884415
0.16693143202608407,0.11467445993178563,0.10803449313427671
0.13739181417941246,0.10568417155234648,0.09048169572699155
0.2294135617614175,0.13369069662780228,0.1451621286545715
0.21278198746163485,0.1286289300898862,0.13527944649654267
0.05995161381693819,0.08211549381812705,0.04446579412671931
0.07039356716671057,0.08529346898173196,0.05067052882018208
0.13062377905035827,0.10362434166936689,0.08646004757696084
0.1357276971909817,0.10517770286000333,0.08949285732997621
0.10243482735841083,0.09504512422179764,0.06970983229859189
0.2126735571300218,0.1285959296646491,0.13521501588496573
0.10912126334149201,0.09708011966522492,0.07368299325135032
0.13179707226228435,0.1039814297124012,0.08715723256273758
0.11128582601068862,0.09773889740271824,0.07496920251123297
0.11934441394142778,0.10019150291049658,0.07975771271035852
0.1481400618340935,0.10895536640973373,0.0968684341927773
0.08700855079627029,0.09035018620213552,0.060543352601749166
0.16468807600226892,0.11399170168838076,0.10670146391220527
0.2821871137302839,0.1497521586775184,0.17652081010334775
0.22869692108574788,0.13347258932620676,0.14473629211670097
0.12028825762188411,0.10047875872119989,0.08031855601554931
0.19692741901444227,0.12380364280243132,0.1258584705929947
0.23492366072416918,0.13536767765482577,0.14843629595386756
0.12981243199001183,0.10337741078196715,0.08597793536240293
0.14707559102413928,0.10863139811729819,0.09623591279151597
0.0358110910857869,0.0747684027992121,0.0301212041931157
0.11655649986215066,0.09934301016154175,0.07810110052002904
0.0692357432552996,0.08494108897091995,0.049982535879454226
0.07589572926092296,0.08696803444815566,0.05393997993641028
0.13130832041648988,0.1038326796485893,0.086866810317731
0.19690282945277432,0.12379615904784548,0.125843859178706
0.1298557626860404,0.10339059834095998,0.08600368298489601
0.14398822741734302,0.10769176886070578,0.09440136407819111
0.10558721044125981,0.09600454194833641,0.07158301636923939
0.2653979724108176,0.14464243712023153,0.16654449972071084
0.18639401346089493,0.12059783445259013,0.11959939389640756
0.14476971938126137,0.10792961344482727,0.09486573603416172
0.058297557490611364,0.08161208705617426,0.04348293389653768
0.3364728394147617,0.16627384596960987,0.20877804342278491
0.2147157039298481,0.12921745052314093,0.13642848415795927
0.10771139766258334,0.0966510315471777,0.07284523405074646
0.11656813828448968,0.09934655227822213,0.07810801621103484
0.10360595434825169,0.09540155298205655,0.07040573008906367
0.03585590870130123,0.074782042897403,0.03014783536111121
0.24054426476308582,0.13707829054896623,0.15177612670299112
0.10243182153502742,0.09504420940904762,0.06970804620206336
0.12708410557703698,0.10254705334900374,0.08435673088249168
0.05031501535145566,0.0791826258422702,0.03873961102448831
0.1470776793902066,0.1086320337048431,0.09623715372383555
0.24807923624173506,0.13937153506131977,0.156253497687305
0.16550032763550102,0.11423890787964998,0.1071841136348882
0.15120175804298983,0.10988718387572424,0.09868773102851701
0.08819805888856877,0.09071220919224142,0.061250172665123635
0.13615175656856096,0.10530676397766006,0.08974483852966358
0.14773808855004872,0.108833027124129,0.09662957681640207
0.03768641506830507,0.07533915166587743,0.03123554433485435
0.08481373739166215,0.08968220174990245,0.05923916798982051
0.104277415093499,0.09560590991607595,0.07080472016704793
0.09881963821620694,0.09394485294871187,0.0675616432823526
0.10229310591639863,0.09500199175340046,0.06962561970746028
0.16908774627948733,0.11533072729026743,0.10931580108595353
0.16782785922608776,0.11494728468805164,0.10856716099456264
0.19417463310727662,0.12296584120050344,0.12422273198645911
0.08666360320569656,0.0902452025042709,0.06033838058061801
0.13008419899911808,0.1034601222035085,0.08613942259888611
0.011283877774355933,0.06730362373678984,0.015546838050145112
0.04815430117195006,0.07852501938032724,0.03745568858362346
0.12029230472210431,0.10047999044323068,0.0803209608513404
0.04781214357748031,0.07842088480886926,0.03725237441184698
0.1874322531203738,0.12091381937812742,0.1202163284315
0.24127724239262038,0.13730136995031111,0.152211670856002
0.036105614528764124,0.07485804006874658,0.03029621357722829
0.0823061332885499,0.08891902044723761,0.057749119370096594
0.0897166595158953,0.09117439044467794,0.0621525434842859
0.08649505589106513,0.09019390566718997,0.06023822773224247
0.12298091891262433,0.1012982615880806,0.08191856784942365
0.15701929682185525,0.11165773322920741,0.10214458277671773
0.24743817017450434,0.13917642865051283,0.15587256849379977
0.07118864751381189,0.08553544914689071,0.05114297515742384
0.19273558972530766,0.12252787294168646,0.12336763504258164
0.09735299029365008,0.09349848333610086,0.06669014338732755
0.07607591632790413,0.08702287380670178,0.05404704926609993
0.09918849508400293,0.09405711335876298,0.06778082248454526
0.414778103888162,0.19010580320406842,0.2553079765573249
0.051326206751641436,0.07949037871644987,0.03934047315749146
0.3286057982763191,0.16387953711650877,0.20410335263921994
0.14348066402984433,0.10753729356423661,0.0940997637880871
0.1357657669155493,0.10518928925912904,0.0895154788197381
0.21952326441149767,0.1306806162064606,0.13928519461358121
0.13579275455122056,0.1051975028598813,0.08953151519853951
0.28990190125907467,0.15210012963062755,0.18110502995466754
0.07285935293506161,0.08604392300772713,0.05213572848072916
0.2162532715354464,0.12968540431485764,0.13734212538450316
0.08136435976128531,0.08863239468104865,0.05718950617491501
0.18769839736943103,0.12099481953059983,0.12037447455610653
0.23415233913833683,0.1351329283928037,0.1479779673592917
0.16432355322086398,0.11388076034368501,0.1064848600764497
0.08284329297884412,0.0890825032839697,0.05806830614048871
0.08479087646920437,0.0896752441011412,0.05922558375381147
0.11941991499482756,0.1002144814150439,0.07980257634743194
0.06334019929668794,0.08314679899003066,0.04647933251208529
0.22288313193628462,0.13170318116046023,0.1412816684435413
0.09864021866325158,0.09389024718060895,0.06745503001875942
0.050522785725455904,0.0792458600922414,0.03886307068808276
0.3514354431422858,0.17082766664244137,0.21766900312571535
0.14305836615033535,0.1074087685528935,0.09384882929181079
0.2759158170602805,0.1478435095585962,0.1727943299403026
0.040635713053007054,0.07623676109119241,0.03298805278936091
0.0620097774899751,0.08274188936084295,0.04568877981906524
0.21169762178226084,0.12829890685746176,0.1346351033237819
0.18311919506648613,0.11960115392988159,0.1176534572860874
0.06669097129286675,0.08416659574893808,0.04847040166918189
0.1990020175262075,0.12443504023584208,0.12709122206484802
0.14887825940944838,0.10918003448492304,0.0973070801005885
0.1689501380472335,0.11528884666412759,0.10923403261369811
0.18327670568641727,0.11964909178416788,0.11774705199728157
0.2148377736992034,0.12925460206770784,0.1365010194880426
0.14590155689740306,0.10827408457920673,0.0955382875452177
0.3679319267366931,0.17584831875548562,0.22747141275634195
0.12014775491105217,0.10043599716974616,0.08023506760919234
0.17699282553634738,0.11773661292326307,0.11401309457852409
0.12380448634557703,0.10154891170686654,0.0824079415568591
0.07187619502464965,0.08574470203665667,0.05155152418565646
0.1946325654711516,0.12310521145339182,0.12449484092338088
0.2394908500813965,0.1367576871538688,0.1511501749865701
0.1501754546510674,0.1095748317151082,0.09807788916765285
0.03955727524530812,0.07590854198758606,0.03234723202948672
0.08183339688444903,0.08877514463197188,0.05746821369381796
0.16616577461083537,0.11444143454199676,0.10757953025821636
0.2428813444250553,0.13778957328240873,0.15316484764190683
0.14789684389185626,0.10888134380554432,0.09672391115635653
0.12554390063358603,0.10207829689193187,0.08344152251796816
0.21081711270439293,0.12803092673084562,0.13411189420376846
0.05273628413422397,0.07991953126583423,0.04017835815497305
0.0747883434559156,0.08663100511399195,0.05328195792719237
0.08481050816476957,0.08968121894500782,0.05923724914423093
0.1315032816858073,0.10389201548844615,0.0869826586567434
0.12574503935052125,0.10213951281824828,0.0835610415709044
0.11175624689782883,0.09788206849778983,0.0752487322793899
0.08606773967705696,0.09006385334176438,0.05998431128104586
0.11695368854567496,0.0994638932692537,0.07833711482903435
0.12161128747440089,0.10088141863272874,0.08110471632018006
0.16562533299426083,0.11427695286147936,0.10725839332762252
0.11620734318072326,0.09923674544031422,0.07789362740631758
0.11362410239746285,0.09845054435553417,0.07635863455846945
0.047739474359942545,0.07839876816452519,0.037209193485816944
0.1487640285609814,0.10914526869090119,0.09723920275189661
0.20085170136762973,0.12499798560742696,0.12819032652532333
0.04748513474883541,0.07832136071592376,0.03705806181953813
0.20963150381268658,0.12767009044999061,0.1334073910924412
0.24012012335981825,0.13694920446705305,0.1515240967626501
0.12080549874452859,0.10063617940546246,0.08062590693266733
0.12534272613306574,0.10201707007499547,0.0833219822019942
0.33435620154722595,0.16562965399249088,0.20752031165840357
0.0662915004530245,0.08404501807423677,0.048233031275351335
0.17995616879935028,0.11863849698418596,0.11577394890689485
0.12806240310388092,0.1028447950778531,0.0849380470789932
0.2092041573372553,0.12754002891459754,0.1331534566595417
0.20205085179548027,0.1253629432115729,0.12890287618084617
0.06178627537497057,0.08267386720572444,0.04555597216511611
0.19846545121744116,0.12427173799288342,0.1267723878889207
0.1082580698227264,0.09681740947373754,0.07317007324551891
0.17258715546101885,0.11639576130197733,0.1113951922523335
0.11310346043237107,0.09829208863573072,0.07604926281972789
0.1414365985750132,0.10691518876921968,0.09288515542713537
0.13973085194549073,0.1063960502285227,0.09187158019499891
0.0954934219312163,0.09293252964210463,0.06558516542518104
0.06111524820987077,0.08246964223043896,0.04515723972568793
0.11309086057079112,0.09828825390808692,0.07604177582992261
0.23434317913561725,0.13519100993667418,0.14809136678872417
0.2530147582562806,0.14087364542862904,0.15918624443000765
0.13832329846134117,0.10596766581956821,0.0910351949284245
0.31277729654812486,0.15906218315175677,0.19469786589467317
0.06691543739004047,0.08423491128895179,0.048603782132969356
0.05652987251783809,0.08107409777846168,0.04243255415337238
0.07643032570973242,0.08713073717052564,0.0542576435977791
0.26868845865155033,0.14564388610194534,0.16849974635439577
0.008953709735893935,0.066594444533895,0.014162224081326858
0.11519730989132543,0.09892934503345537,0.07729345343672069
0.16157605709620868,0.11304456867017532,0.10485226472251855
0.2329898378923429,0.13477912485014473,0.14728719508990878
0.08921019117340155,0.09102024842165934,0.06185159388313846
0.10807989733147537,0.09676318324488277,0.07306420100103986
0.09963535002357311,0.09419311223293131,0.06804634908226338
0.19772994450822706,0.12404788887421271,0.1263353409262436
0.10387089726084407,0.09548218751161126,0.07056316236504509
0.12868668810688205,0.10303479422533943,0.0853090047616203
0.12356459244522004,0.10147590076421077,0.08226539370623824
0.14450705830942082,0.10784967338621985,0.0947096596554919
0.12706980154238234,0.10254269996172555,0.08434823125247921
0.14448093574317508,0.10784172306658545,0.09469413731138261
0.22670499766312716,0.13286635379221737,0.14355266718053686
0.17445639704274785,0.1169646590093822,0.11250591815812125
0.07515773639876701,0.08674342867677469,0.05350145567165203
0.2671434972102821,0.14517368201994899,0.16758171162146823
0.0679396262694047,0.08454661990442197,0.04921236752495344
0.21545987494322266,0.12944393659512007,0.13687067955472915
0.21105295062915758,0.1281027032502793,0.1342520319447453
0.154796071379363,0.11098110166395646,0.10082351538900325
0.21676206620596758,0.12984025434838395,0.13764445731783828
0.03742149937491471,0.07525852542039997,0.03107812823285077
0.08844269454337424,0.09078666327272444,0.06139553812346111
0.08257808390633567,0.08900178774949416,0.05791071570907273
0.1267066636082968,0.10243218009089003,0.08413245030971321
0.08072147218442464,0.08843673389960119,0.05680749461840567
0.05049651541228464,0.07923786480630185,0.038847460550967564
0.1634210860820691,0.11360609735133184,0.10594860321164441
0.016893699522343812,0.06901095507511132,0.018880261831878645
0.08828078195564493,0.09073738569359314,0.06129932770987856
0.06916179126331161,0.0849185819182675,0.0499385927133656
0.13409947493771193,0.1046821586157042,0.08852534801776968
0.13618846548285918,0.1053179362185249,0.08976665140954118
0.25893957343508894,0.14267684401192993,0.16270684110966163
0.18413310028178384,0.11990973274502592,0.1182559320007804
0.09694186906130402,0.0933733599016377,0.06644585018967472
0.1371166432406685,0.1056004241556878,0.09031818583443917
0.09029502528444631,0.09135041421976717,0.0624962154036512
0.13035125408908352,0.10354139956750305,0.08629810995615243
0.16112506830621032,0.11290731167182753,0.10458428174098895
0.15089324191640305,0.10979328797760789,0.0985044070229402
0.0639463826302877,0.0833312889522285,0.046839533964303556
0.1062823309623143,0.09621609965958322,0.07199606537153343
0.25185727690141096,0.14052136967380666,0.15849845504051094
0.13559531536052047,0.1051374128725628,0.08941419444873813
0.04696411804086645,0.07816279094432228,0.03674846740405657
0.178441831105186,0.11817761314184716,0.11487411117406271
0.17685671763138075,0.11769518891694315,0.11393221761884886
0.15086287831771159,0.10978404691328915,0.09848636460617106
0.22463401438200745,0.13223605664271085,0.14232206392236152
0.046646811982363576,0.07806621985849128,0.036559920314858704
0.13390869879802703,0.1046240965066889,0.08841198653329106
0.2941897183167249,0.15340511306225652,0.18365290259550848
0.04290674966792343,0.07692794383412227,0.03433753015271291
0.2275503446214291,0.13312363244000705,0.14405498254476912
0.05401372357964792,0.08030831588252253,0.04093742808952636
0.17490750646831205,0.11710195272277944,0.11277397282275992
0.1261278294665068,0.10225601376790068,0.083788500077317
0.09698985055331417,0.09338796291553882,0.06647436137126565
0.033890782925027306,0.07418396314152148,0.02898013390979885
0.21069991914453728,0.1279952592450716,0.13404225637621556
0.07672613806471287,0.08722076671631328,0.05443341886895864
0.06405138671735579,0.08336324661087749,0.04690192866002423
0.00016326478031871374,0.06391910067723384,0.008938835606025533
0.2849363046861645,0.1505888661675004,0.17815441254644615
0.14730856441726922,0.10870230282567461,0.0963743483932264
0.25403645750201465,0.1411845963320524,0.1597933504516441
0.25357130951264,0.14104303002658086,0.15951695390297235
0.19257920913804613,0.12248027900923548,0.12327471181043695
0.18788246079515564,0.12105083864655326,0.12048384726494143
0.18595578015527645,0.1204644595451882,0.11933899037762914
0.07817312855611847,0.08766115365251413,0.055293238081168775
0.03622774560573947,0.07489521027209178,0.03036878533703954
0.24329693041819017,0.13791605555256306,0.15341179385430082
0.1280174571844442,0.10283111593077308,0.08491133967125866
0.14297844472150478,0.10738444472119697,0.09380133901431148
0.17907803941376113,0.11837124110931706,0.11525215382875176
0.28215002990006993,0.1497408723321918,0.1764987744439083
0.1468308230850089,0.10855690377650316,0.09609046872823615
0.15429735336371422,0.11082931842816858,0.10052717112559786
0.08456379467831852,0.08960613248309722,0.05909064901325405
0.16393801546786244,0.11376342315947909,0.1062557688909637
0.11068740354779934,0.09755676943674275,0.07461361266204855
0.08765621254350117,0.09054729998709227,0.06092820102790681
0.1492297465944999,0.10928700848748772,0.09751593802767787
0.06479370237126815,0.0835891680101278,0.04734302157981108
0.20290941427002995,0.12562424395953906,0.12941304436431733
0.22144589573905019,0.1312657629125474,0.14042764535064228
0.09420322216080837,0.09253986146124797,0.06481851315153123
0.12413357126102856,0.10164906765020316,0.08260348778500261
0.06855148181771176,0.08473283618705599,0.04957593947560313
0.12467394327879461,0.10181352814854491,0.08292458335914454
0.12795572561514607,0.10281232812474966,0.08487465802780779
0.23021255985026903,0.1339338691451544,0.14563690296124046
0.2208922025811307,0.13109724816773066,0.14009863419426216
0.17542986159233478,0.11726092983703382,0.11308436254121267
0.14646878398021407,0.10844671833085401,0.09587534072309518
0.24591485169932129,0.1387128115361444,0.15496739427250655
0.1215422806794243,0.100860416634998,0.0810637116498341
0.05472723217615363,0.08052546994582459,0.04136140350815995
0.09952087215733249,0.09415827125983856,0.06797832495262944
0.14661112797430353,0.10849004027098844,0.09595992324218426
0.191063550275156,0.12201899307341295,0.1223740890232039
0.12112225940329766,0.10073258450062576,0.08081412993876147
0.2648414639124974,0.14447306553555225,0.16621381565508936
0.22125939087141117,0.13120900075154224,0.14031682190755848
0.12831761923187282,0.10292246929156983,0.0850896995821828
0.09952991104762215,0.09416102221723938,0.06798369597032046
0.07581462133666471,0.08694334951036377,0.0538917846290092
0.1222503652050675,0.10107591989965062,0.08148446402010352
0.12739231647865162,0.10264085635287415,0.0845398735197065
0.10422870659232619,0.09559108563925742,0.0707757769878391
0.1639941657970236,0.11378051233288619,0.10628913409417107
0.16283157266125156,0.11342668082386663,0.10559830722277305
0.1916781773635291,0.12220605286541764,0.12273930785640763
0.15706378847794913,0.1116712741226895,0.10217102025569204
0.10784430119630109,0.09669148031333888,0.07292420693435571
0.1359586869563382,0.10524800385760047,0.08963011423612519
0.1050377361418672,0.09583731119964252,0.07125651210950881
0.11394221170068398,0.09854735990633062,0.07654765894537248
0.345403344372299,0.16899181664069357,0.2140846572414898
0.07121139413998957,0.08554237200994394,0.051156491477203865
0.17712421832948866,0.11777660190035337,0.1140911697618512
0.18963161369306922,0.12158318774645004,0.12152321502558092
0.3119682210024426,0.15881594359259277,0.19421710344154097
0.22111735722792278,0.13116577326562257,0.14023242380254222
0.1787709762913271,0.11827778742837565,0.11506969321577733
0.11063140988432439,0.0975397279440371,0.07458034055148251
0.08000226665316106,0.08821784599239434,0.056380134012388686
0.17578226477425807,0.11736818262032195,0.11329376476469721
0.18837502762376795,0.12120074978820553,0.12077653641877754
0.07383130124743781,0.08633973237342472,0.05271327189737193
0.21501020583601713,0.12930708123801685,0.13660348074464068
0.14239442170036287,0.10720669917934361,0.0934543054871851
0.13095870956481712,0.10372627670209777,0.08665906733057889
0.0900910801381088,0.09128834416562226,0.06237502873649646
0.10310664316332317,0.09524958921709234,0.07010903335731399
0.12336671762988044,0.10141567819592427,0.082147814103019
0.18059469417807253,0.11883283014455713,0.11615336839262765
0.18489458649138119,0.12014148864169276,0.11870841629610475
0.09888948368489829,0.09396611019410989,0.06760314630274118
0.14979921094421692,0.10946032314417496,0.09785432061655
0.07253475895455558,0.08594513386610293,0.051942850820326715
0.14441592449025223,0.1078219370993221,0.094655506840343
0.14003812229509305,0.10648956697839118,0.09205416394485742
0.16281103880457348,0.11342043141014584,0.10558610575733318
0.019201932694724092,0.06971345847154657,0.020251841838562008
0.06910699150195548,0.08490190378586004,0.04990603003384681
0.23729644289043092,0.13608982633146108,0.14984623175169012
0.16781326932503682,0.11494284429824853,0.10855849149928777
0.1478224895472177,0.10885871429814724,0.09667972890746722
0.12988928421754856,0.10340080051204907,0.08602360188345444
0.15644843997526156,0.1114839947705419,0.10180537274939687
0.19301776872452436,0.12261375321917507,0.12353530920923979
0.1285957797698358,0.10300712656320578,0.08525498593066935
0.15959248935656403,0.1124408761616222,0.10367360483401455
0.20008002564307187,0.12476312856441461,0.1277317874972429
0.11084509998222726,0.09760476384307781,0.07470731778645907
0.13014718091864153,0.10347929054963073,0.0861768472155298
0.015459204638549271,0.06857437113719178,0.01802786766050752
0.18422746659104713,0.11993845282996364,0.11831200560055286
0.1015888452184567,0.09478765225850007,0.06920713950175618
0.21601607074639628,0.1296132130120297,0.13720117781312108
0.12602267865785952,0.10222401145500772,0.0837260181978634
0.0306209363434228,0.07318879577416636,0.027037151610646397
0.0612439814063719,0.08250882176778279,0.04523373454459516
0.11548091758987487,0.09901566013102439,0.07746197655376377
0.15407253545002822,0.1107608958139226,0.10039358160819314
0.17707637146610855,0.1177620398602458,0.11406273857821692
0.12396332720924488,0.10159725441658694,0.0825023267149351
0.20065668587714813,0.12493863326553196,0.12807444596744083
0.1617306142954818,0.1130916076603138,0.10494410447551616
0.06348343212995038,0.08319039144552953,0.046564443190137195
0.15189189345685286,0.11009722438551331,0.09909781781995786
0.1343588130435339,0.10476108734021293,0.08867944984992966
0.22712591187044542,0.13299445768734672,0.14380277948209919
0.09674461826987797,0.09331332725303694,0.06632864138899565
0.18678095810599654,0.12071559981991459,0.11982932107415768
0.08585359960039438,0.08999868049312461,0.05985706666325995
0.12908898327346904,0.10315723147486802,0.08554805340448628
0.12103206508830103,0.10070513414882318,0.08076053538832949
0.17855936086112517,0.11821338294782598,0.11494394877338568
0.11857226725698929,0.099956502532348,0.07929889383223335
0.21917018096959684,0.13057315638822017,0.13907538817140835
0.18393384144305833,0.1198490889536407,0.11813752999416281
0.16371249094685292,0.11369478549155018,0.10612175949896006
0.3345930648063554,0.16570174256916506,0.20766105866543366
0.0525008033813769,0.07984786345053309,0.04003843264986004
0.09279936207560663,0.09211260112647103,0.06398432254718345
0.35348599870529374,0.17145174668116067,0.21888746798726788
0.1532091491185852,0.11049812694051225,0.09988054703074177
0.0959580882726387,0.09307394935955973,0.06586127577282702
0.06739681270351808,0.0843814163287046,0.048889821153453666
0.3287422100340138,0.16392105359943643,0.20418441015185343
0.07796564006283617,0.08759800519203961,0.05516994591449853
0.07401197111517045,0.08639471867083785,0.052820628113094716
0.1237873778234252,0.10154370478277269,0.08239777546653175
0.057620330259427865,0.08140597511057121,0.04308051730302046
0.13908636645585415,0.10619990312742379,0.0914886191394345
0.12025339822678972,0.10046814937559985,0.08029784214230254
0.0983130519254769,0.09379067502852413,0.06726062359494002
0.18021809889617435,0.11871821457288073,0.11592959093138866
0.1502880451601192,0.10960909827706637,0.09814479180686875
0.08684663680049227,0.09030090819446913,0.06044714135148698
0.21776483709438121,0.13014544446669016,0.138240315881128
0.07287956831304182,0.08605007549347317,0.052147740702283334
0.31955211332699635,0.16112407700820633,0.19872354378286555
0.018516579262762244,0.06950487334268148,0.01984459655847575
0.1082714080461739,0.09682146891945838,0.07317799897885649
0.24314022439103036,0.13786836257351795,0.15331867724184123
0.2650525179082222,0.1445372991453113,0.16633922648633928
0.1326424578036637,0.10423872010282745,0.08765957085350043
0.2338450828654945,0.13503941592715216,0.14779539197401356
0.039446192982593636,0.07587473445558532,0.03228122560844582
0.10046234823500519,0.09444480649819384,0.06853776139967396
0.11258255746987503,0.09813355348220056,0.07573973599317892
0.17832088511631228,0.11814080361628207,0.11480224360790317
0.34928054436039385,0.170171830078195,0.21638853626429277
0.07972269894577155,0.08813276045323622,0.056214011506847066
0.17349694905574478,0.11667265407780165,0.11193580258566847
0.10241191222311333,0.09503815007353182,0.06969621584865925
0.11253596312773807,0.09811937264293472,0.07571204907278278
0.1251849473203646,0.10196905059709582,0.08322822812741952
0.19184187520271836,0.12225587378013084,0.12283657908795188
0.3250047369789335,0.1627835656078866,0.2019635585588663
0.19731436208722342,0.12392140769122517,0.1260883968364529
0.27103989640929227,0.14635953867599466,0.1698969990470922
0.14187812956985144,0.10704956731780685,0.09314751847264473
0.16819008556149362,0.11505752711673946,0.10878240025439202
0.13696579071728454,0.10555451267182828,0.090228547444563
0.18556974028344994,0.12034696954272105,0.1191096008270779
0.15933130173871557,0.11236138454403301,0.10351840399948842
0.13587674643935738,0.10522306552287172,0.08958142419208093
0.06036275392080264,0.08224062299607632,0.0447100985380559
0.13073303259212946,0.10365759263598728,0.08652496734994833
0.14954874362222065,0.10938409421440136,0.09770548991119159
0.09176419573103907,0.0917975515545146,0.06336921421290007
0.12181166917242968,0.10094240416275783,0.08122378554334612
0.1492475757771016,0.1092924347422887,0.09752653234314154
0.24766140568899864,0.13924436966661713,0.15600521773050868
0.2668370678841346,0.1450804212328838,0.16739962761789598
0.10870737585462746,0.09695415433003102,0.07343705631187962
0.1641960523662738,0.11384195586566696,0.10640909752997764
0.28543347887711,0.15074017954516902,0.17844983945058174
0.0927840210025497,0.09210793211986622,0.06397520669643768
0.035151567649367645,0.07456767894702207,0.029729307408095724
0.0766443406025831,0.08719587191987162,0.054384813829833095
0.0536482501308652,0.08019708520524553,0.040720259355742215
0.08326722828132799,0.08921152663976711,0.05832021361325673
0.11056787538179996,0.09752039142104253,0.07454258758335122
0.21677294379614453,0.1298435649082251,0.1376509209131917
0.08364996997175272,0.0893280128512549,0.05854764334461691
0.0899169758484805,0.09123535608094302,0.06227157386651651
0.05137663000932953,0.07950572487393899,0.03937043526571535
0.2789819453390266,0.1487766759108952,0.174616260365433
0.07676366296511973,0.08723218729994493,0.05445571661762932
0.2261935006149717,0.13271068129868616,0.14324872946179898
0.150231229696715,0.10959180667217608,0.09811103137286768
0.11310251920526979,0.09829180217626757,0.07604870353122552
0.08928198519293917,0.09104209870228641,0.061894254755954996
0.04361369626427477,0.0771431007736281,0.034757606351664874
0.038646050348444407,0.07563121359952608,0.03180577119914892
0.135790319431596,0.10519676173899808,0.08953006822107165
0.17874583973040484,0.1182701371963134,0.11505475676793042
0.39951230970751145,0.18545970748483495,0.24623685742825754
0.11452704209995179,0.09872535117113886,0.0768951722263246
0.06645149143809279,0.08409371081973348,0.04832809984944295
0.34869371192845866,0.16999322950113643,0.2160398333513692
0.12595661874754616,0.1022039063322158,0.08368676460194731
0.16210250486016012,0.11320479136632541,0.10516508633700665
0.14065951040876068,0.10667868446685781,0.09242340026088292
0.16297579368998324,0.11347057403350153,0.1056840050984983
0.19032792526776016,0.12179510795106839,0.12193697176631947
0.17697304894479735,0.11773059398076632,0.11400134308916225
0.08785612574562882,0.09060814293188994,0.06104699186515471
0.24344766958454087,0.1379619325365718,0.1535013648860601
0.17294188055269566,0.11650372075108578,0.11160597418261459
0.17595327947253855,0.11742023039773883,0.11339538376221317
0.12716909851544536,0.10257292067844828,0.08440723471218488
0.41290070018291386,0.1895344213804302,0.2541924006192419
0.1132596999699602,0.09833963964016448,0.07614210223845536
0.07073013624928354,0.08539590270743705,0.05087052223074754
0.1318121544309963,0.10398601992229543,0.0871661945693971
0.14412356649803462,0.10773295887781249,0.09448178419320417
0.12765699505053038,0.10272141043117677,0.08469714872124605
0.1623908728968777,0.1132925552576175,0.10533643810443696
0.18173860148519932,0.11918097468128758,0.11683309191914489
0.1732896172774567,0.11660955331303528,0.11181260354093897
0.07208514500210308,0.08580829529517273,0.0516756847838584
0.2204408735699854,0.13095988762416275,0.13983044904922115
0.08750376399543078,0.09050090275821508,0.06083761426090108
0.20124251538146753,0.12511692860477275,0.12842255292867175
0.13104307235775356,0.10375195224877991,0.08670919672022825
0.07721927522579514,0.08737085143683188,0.05472644692123111
0.23558897263266307,0.1355701632100107,0.14883163231884924
0.11601761625572268,0.09917900265643839,0.07778088937786622
0.05774437679673778,0.08144372827815377,0.043154227252478014
0.03911083865622088,0.07577267043705156,0.032081954020674264
0.26836523171612686,0.1455455130161273,0.16830768100867882
0.1448420625925294,0.10795163087020396,0.09490872324333177
0.13366293012033945,0.10454929759430932,0.08826594781908362
0.30581788772445406,0.15694410929582625,0.19056250118581208
0.16126063882346628,0.11294857212591354,0.10466483937840151
0.2467170151194188,0.13895694741195533,0.15544404945720103
0.11393058728356802,0.09854382205209501,0.07654075157643916
0.14056617463561502,0.10665027802229743,0.09236793901810772
0.3938677001190273,0.18374178857832701,0.24288276229188294
0.18585966400673817,0.12043520690225414,0.11928187700224226
0.24772296805316613,0.1392631059755992,0.1560417988302287
0.19040472647445844,0.12181848215312115,0.12198260797017312
0.102443826236038,0.09504786300147243,0.06971517954027591
0.16441749852878376,0.11390935229820781,0.10654068351214344
0.11454407429618892,0.09873053486568446,0.07690529296287257
0.18640779341037908,0.12060202833621976,0.11960758210868691
0.13340733768221238,0.10447150885180434,0.08811407170787026
0.2424871715475271,0.13766960802562303,0.1529306253612189
0.1581094116445174,0.11198950619503623,0.10279234215980065
0.1197506504270334,0.10031513968788476,0.07999910333254918
0.16396322323493034,0.11377109506290464,0.10627074765036174
0.11474185944623051,0.09879073014462386,0.07702281928588967
0.19788220317128333,0.12409422831219213,0.12642581486128232
0.24612329994666723,0.13877625209470396,0.15509125673662347
0.19533239700191538,0.12331820294540259,0.12491068926449671
0.10205141501638136,0.09492843389963537,0.06948200405795477
0.07433593881022506,0.08649331720448449,0.053013133627123704
0.11673578202369171,0.09939757411500613,0.07820763214398602
0.12168449803726893,0.10090370003379552,0.08114821892013793
0.13413520728764416,0.10469303364232221,0.08854658061131583
0.0848314425897153,0.08968759027040195,0.05924968863216927
0.26086696338742493,0.14326343899027658,0.16385211947899583
0.1261598815400344,0.10226576871414514,0.08380754580621007
0.17271678431865395,0.11643521343092803,0.11147221928389568
0.11841064747470577,0.09990731406761935,0.07920285740718012
0.0827066087689645,0.08904090388108937,0.05798708673347913
0.05521583389493928,0.08067417431896068,0.041651736545886185
0.05373843203150434,0.08022453177877799,0.040773846529413134
0.14554377882449174,0.10816519596500711,0.09532569149664409
0.09102611252469796,0.0915729182871693,0.06293063626453688
0.18590917810931396,0.1204502763612875,0.11931129887952682
0.10588090450265983,0.09609392679823602,0.07175753292481007
0.05998951384663669,0.08212702857116101,0.044488314781741936
0.07683007615135226,0.08725239994113508,0.05449518013435998
0.14831193340540252,0.10900767497372095,0.09697056235458741
0.17346450145609066,0.11666277875444367,0.11191652183037776
0.12949236746984708,0.10328000016713651,0.08578774916199676
0.011409362360813248,0.06734181457003909,0.015621402505760391
0.22357035125843336,0.13191233416704637,0.14169002245809456
0.12169987034239559,0.1009083785457812,0.0811573533293564
0.1611115937218658,0.11290321072510308,0.10457627498036076
0.07570526408420293,0.08691006697972596,0.05382680322987803
0.20258025115409167,0.12552406421613393,0.12921745166850082
0.06410624872585162,0.0833799436880033,0.04693452832754468
0.028469546101188462,0.07253402702276304,0.02575876956582923
0.0825651820427255,0.08899786110849663,0.05790304926601665
0.24101133827710552,0.13722044288171592,0.152053667421644
0.1613724811008072,0.11298261096593924,0.10473129740930512
0.16529353397721236,0.11417597088998746,0.1070612343475564
0.10614311402089763,0.096173729427946,0.07191334098487975
0.1820658746924241,0.11928057923700952,0.11702756160839635
0.18066881053359204,0.11885538722072572,0.1161974092255102
0.09354918401914226,0.09234080704100275,0.06442987579485013
0.2527749826114191,0.14080067047665576,0.15904376684822938
0.18308492605094406,0.1195907242644132,0.11763309422349519
0.2296074243803558,0.1337496980969243,0.14527732416227052
0.1506218654878909,0.10971069542802346,0.09834315187415962
0.09154699257262545,0.09173144646672377,0.06324014947497267
0.015799292499190633,0.06867787579176715,0.018229951971465683
0.11971353256448099,0.10030384298492456,0.0799770474506837
0.15483285257482376,0.11099229590336229,0.10084537121921971
0.12949945638003688,0.1032821576543197,0.08579196147797997
0.18640035908216188,0.12059976572216274,0.11960316454114314
0.13967408322228658,0.10637877284886316,0.09183784753458846
0.1890915605367489,0.12141882429257113,0.12120230892275809
0.1768373622128989,0.11768929815712502,0.11392071639560668
0.12118345879104526,0.10075121033889319,0.08085049535351262
0.0401902097483007,0.07610117358277921,0.03272332934939031
0.12404372412791155,0.10162172296209707,0.08255009953423326
0.1319053577802489,0.10401438606406678,0.08722157712429704
0.10386405017793586,0.09548010362378923,0.07055909374575092
0.18272123869597634,0.11948003717908655,0.1174169868082107
0.1000733768514637,0.09432642429949599,0.06830662990948418
0.07229503547885252,0.08587217479164634,0.051800404238091624
0.12470144988331856,0.10182189969581067,0.0829409281155013
0.08146969273747774,0.08866445243605238,0.057252096300522096
0.21957313504058898,0.13069579417320085,0.13931482834322398
0.11044136561571068,0.09748188857764549,0.07446741395362654
0.1091102016959335,0.09707675308871606,0.07367642028806809
0.23726942899708564,0.13608160473926945,0.14983017977026175
0.14731452128791223,0.10870411578023612,0.09637788803764968
0.08872146077149329,0.09087150488422563,0.061561184380348036
0.20534891801687888,0.12636669913620144,0.13086262693051753
0.20363589272773913,0.12584534535868888,0.1298447266309978
0.1937274859065523,0.12282975337758582,0.12395703172363631
0.05299765773799649,0.07999907948764565,0.04033366950457974
0.1350449176943951,0.10496990110015186,0.08908714151335201
0.2338069538727333,0.13502781148994109,0.14777273526637602
0.04137139813093163,0.07646066449581045,0.0334252057408784
0.10892926386890336,0.09702168523874619,0.07356890484769713
0.181194196845884,0.11901528686745208,0.11650960011261283
0.02052799755546992,0.07011704207813989,0.02103980558170898
0.15020375994161703,0.10958344633991558,0.09809470851288449
0.2293953764197411,0.13368516197712432,0.14515132270508757
0.1500973063625369,0.10955104753300063,0.09803145251151796
0.21572539927606077,0.1295247480780705,0.13702845731763713
0.3303550721988376,0.16441192304985772,0.20514279231414062
0.0700582615418914,0.08519141978536053,0.050471286171461106
0.21411080885419215,0.12903335263813534,0.13606904820415774
0.1323678759824304,0.10415515200220223,0.08749641102168243
0.18556721369283607,0.12034620058293455,0.11910809949644434
0.0920803128605496,0.09189376079360256,0.06355705482614266
0.165344939074969,0.11419161586736679,0.10709177987699804
0.14202568102679447,0.10709447413263454,0.09323519532900479
0.09329407515143917,0.09226316547161259,0.06427828702701857
0.26056108395411387,0.14317034556134062,0.1636703622283829
0.192708316630926,0.12251957246248726,0.12335142904076958
0.11624465207642526,0.0992481002836036,0.0779157968023856
0.1157298197545104,0.09909141271015241,0.07760987722373043
0.16574268506532172,0.11431266858963257,0.10732812534444636
0.12969919360765533,0.10334294704183723,0.08591064774905079
0.16854378014694377,0.11516517293456786,0.10899256984543695
0.1047820189118298,0.09575948447711824,0.0711045618454365
0.17123110732226254,0.11598305238045054,0.11058941208355594
0.1749954740421493,0.11712872537301951,0.11282624421672274
0.06292133381026986,0.08301931861656621,0.04623043758520546
0.17610396457332653,0.11746609092706602,0.1134849226675625
0.18720587206208888,0.12084492102581329,0.12008181007471053
0.09880683689926241,0.093940956908771,0.06755403658533857
0.06065240798384897,0.08232877828537565,0.04488221447785036
0.2999006118794832,0.15514320528470776,0.18704638446930894
0.14367882836589124,0.10759760424722607,0.09421751542800455
0.30716847033029987,0.15735515479986206,0.1913650336689764
0.0894411767986478,0.09109054815922708,0.06198884832918411
0.10128282715587512,0.09469451663818831,0.06902529987595801
0.09089986035521345,0.09153449384247651,0.06285561570182364
0.059171238133080915,0.08187798897027852,0.0440020854778322
0.22662353323752074,0.1328415603543785,0.1435042600357321
0.12272605894010587,0.10122069576914519,0.08176712697811425
0.1854773442740136,0.12031884911224518,0.11905469800323985
0.23480323444776208,0.13533102630209043,0.14836473720712762
0.21824854438117908,0.13029265923507743,0.13852774058830128
0.16432989578773544,0.11388269068366227,0.10648862890622657
0.0948791834763225,0.09274558812945888,0.065220177522681
0.0997532687136464,0.09422900040977188,0.06811641779094256
0.026962073354739113,0.07207523250534335,0.024863011067774884
0.17891512362765397,0.11832165820996238,0.1151553473025865
0.14250050645463663,0.10723898573560621,0.0935173423284007
0.13408362858308698,0.10467733582826738,0.08851593192261857
0.27396877934395353,0.1472509348460091,0.17163737663249679
0.05362699079729427,0.08019061499494866,0.0407076268031778
0.03460678826669289,0.07440187708124149,0.029405592924537097
0.0916032705400941,0.09174857448644218,0.06327359052240267
0.005577845742005739,0.0655670111055969,0.012156244956382047
0.27818304235939345,0.1485335323397301,0.17414154257380945
0.06192117874364223,0.08271492461526903,0.04563613337478853
0.11092363247759465,0.09762866495730937,0.07475398274293306
0.11035933951777886,0.09745692419662781,0.07441867305634815
0.04355532861227388,0.07712533676509396,0.034722923588467916
0.14208729744673415,0.10711322689331836,0.09327180854931706
0.18963963932301034,0.12158563032129896,0.12152798395174497
0.17844306599460805,0.11817798897650016,0.11487484496025989
0.36342245408213203,0.1744758751506246,0.22479182968488642
0.0915032241832868,0.09171812569716946,0.06321414176983255
0.18671148675952093,0.12069445643741851,0.11978804036170497
0.15831253366657896,0.11205132573393561,0.10291303971657724
0.09288593349869087,0.0921389488626873,0.06403576433152038
0.16797286727992178,0.1149914174262636,0.10865332653010128
0.1728998356071289,0.11649092450614107,0.11158099056856241
0.2055581593681207,0.12643038107339952,0.13098696066654072
0.13356055410987566,0.1045181397823842,0.08820511475819667
0.13792112500873685,0.1058452656133017,0.09079621860947576
0.019869636471922712,0.06991667198433521,0.020648599480792958
0.10082972540436211,0.09455661656674948,0.0687560613471972
0.03057311780907112,0.0731742423559085,0.027008737260462753
0.08655653946695281,0.09021261799721067,0.060274762015016164
0.08621954755156795,0.09011005558368924,0.06007451735209111
0.11390812635625844,0.09853698614058026,0.07652740502237439
0.006773648836840875,0.0659309499596265,0.012866805586231446
0.23432905408118343,0.13518671102145474,0.14808297351091906
0.27676791499313885,0.14810284284393826,0.17330065681508683
0.16815285318662865,0.11504619556232239,0.10876027632792869
0.15570660884990853,0.11125822083601146,0.10136456774232715
0.13376512618405323,0.10458040064001534,0.08832667395343985
0.08935103078021289,0.09106311250632881,0.06193528247715207
0.13251471021416947,0.10419984053182921,0.08758366169417063
0.21591977031222268,0.12958390428235095,0.13714395493298595
0.033578602564787285,0.07408895204559182,0.02879463257236542
0.1471587126147322,0.10865669590800982,0.09628530464375411
0.018404511488414575,0.06947076587336157,0.019778004534529367
0.1701617315211013,0.11565759126960144,0.10995397607732642
0.2599294711782239,0.14297811622957116,0.1632950502946744
0.21247323413538644,0.1285349620008102,0.13509598154406433
0.13892665418544684,0.10615129520784443,0.09139371618095805
0.22351488038860262,0.13189545178491718,0.141657060997821
0.11814516912511361,0.09982651657952306,0.07904510696807139
0.12230004338390092,0.10109103929476948,0.0815139833934805
0.1789299445879244,0.11832616892190126,0.11516415409603777
0.031212212026212802,0.07336874864043648,0.02738849475684886
0.10831477538400315,0.09683466763026624,0.07320376837434965
0.17421942176811717,0.11689253634114768,0.11236510459012856
0.06470749741387771,0.0835629318065757,0.04729179755381212
0.15103278675229986,0.10983575800288332,0.09858732624845094
0.09868770565370534,0.09390469969454009,0.06748324736155784
0.1342391321416876,0.1047246628398456,0.08860833401374907
0.29409974308755105,0.1533777293885247,0.18359943822851657
0.23273566373623952,0.1347017677572455,0.14713616173898955
0.1496652495600925,0.1094195524246201,0.09777471914546351
0.36974038319942454,0.17639871670599405,0.22854601941086894
0.13120236630983606,0.10380043285451247,0.08680385110890784
0.07898473888577923,0.087908164665089,0.05577550673353039
0.08512858050511277,0.08977802324627021,0.059426251567345656
0.027214331098640687,0.07215200634430745,0.02501290566343659
0.20740449293163285,0.12699230679859932,0.13208407435145111
0.30811334092045584,0.15764272314725386,0.19192648717630326
0.1635886640275456,0.11365709916400568,0.10604818004916984
0.13920068454889056,0.10623469547405198,0.09155654832990258
0.04041034832289035,0.07616817205511131,0.03285413834703388
0.10410174837398822,0.0955524463108502,0.07070033688237658
0.12456747597060341,0.10178112516321902,0.08286131919977469
0.09290349199358142,0.09214429273454744,0.06404619780107926
0.10116449282241927,0.09465850196161113,0.06895498418696497
0.13444558163601586,0.10478749508430579,0.08873100879470197
0.13393159859843218,0.10463106598782936,0.08842559387104547
0.09327516901592084,0.09225741144962978,0.06426705277313517
0.2438409343383825,0.13808162140881294,0.1537350475486944
0.03540723758207561,0.07464549127475514,0.029881229567524085
0.11884075994751969,0.10003821742548472,0.07945843542910433
-0.021724098403174866,0.057257751572905496,-0.004066899733330744
0.08760279153075157,0.0905310414724213,0.06089645761744876
0.14091864945743,0.10675755260895782,0.09257738381088071
0.2659860894191856,0.14482142865402586,0.1668939659444528
0.2435989644415806,0.13800797864326703,0.15359126611593277
0.06576105063614174,0.08388357736605472,0.047917831592714843
0.14360002509641098,0.10757362072375777,0.09417068957428507
0.05846113982249561,0.08166187281660794,0.04358013649224769
0.14652126221566142,0.10846268991426312,0.095906523923903
0.12210317664016183,0.10103112352985578,0.08139700279857168
0.2603872660756836,0.14311744464499468,0.16356707754739327
0.08865000581443994,0.0908497577961833,0.06151872498255165
0.0922859818904179,0.09195635550619627,0.06367926584569504
0.13832147315221066,0.10596711029256209,0.09103411030771133
0.0647542079777857,0.08357714801756665,0.04731955353458722
0.1791557700734405,0.11839489818741704,0.11529834232478325
0.08884127730692577,0.09090797066424197,0.061632380811642504
0.19435035710430645,0.12301932223795913,0.12432714930612361
0.13387848856600176,0.10461490211902535,0.08839403524884586
0.13710153642937672,0.10559582644590312,0.0903092091848612
0.10097984724856025,0.09460230567073177,0.0688452655586835
0.2631254500992932,0.14395080221028242,0.16519413953850473
0.16776180498515955,0.11492718129071892,0.10852791076746322
0.2292193721318827,0.13363159563404975,0.14504673883323033
0.1253637957510444,0.10202348254595747,0.08333450202326426
0.07555493792956666,0.08686431569451408,0.05373747761466385
0.11377176795785753,0.09849548589738319,0.07644637921647732
0.11333995343639632,0.09836406452644636,0.07618978981670671
0.13108178703792248,0.10376373493808361,0.08673220145039164
0.1375915319725129,0.10574495502503045,0.09060037044983726
0.21430236635729147,0.1290916525526112,0.13618287398420661
0.09134987148029802,0.09167145329162944,0.0631230177430632
0.14563264959202862,0.10819224349936606,0.09537849957920301
0.08370538273977333,0.08934487755028356,0.05858057028009362
0.2594570776570002,0.1428343447696146,0.16301434836353912
0.15782450146080082,0.11190279469026486,0.10262304509035292
0.02805047947617568,0.0724064854334093,0.025509755119969293
0.09141246274023812,0.09169050274175475,0.06316021022506815
0.36716197903057707,0.17561398762936858,0.22701390053767304
0.24429038414186624,0.13821841002152885,0.15400211604586453
0.20563383252719694,0.12645341195775991,0.13103192657088414
0.09278051357488687,0.09210686464545531,0.06397312254059304
0.1869080680874604,0.12075428533694474,0.1199048513591012
0.17568945359718288,0.11733993583490063,0.11323861524323797
0.23265681170280617,0.13467776939262402,0.14708930690914082
0.10517225054129799,0.09587825022764038,0.07133644218896439
0.201738292177462,0.1252678166897492,0.1287171494838642
0.19661141095869505,0.12370746675959478,0.1256706947926985
0.05226036814843566,0.07977468775503357,0.039895563132884754
0.16694776418703944,0.11467943057282828,0.10804419790141226
0.18336517496680244,0.11967601712719401,0.11779962151132971
0.07742071256132287,0.08743215824676367,0.054846143416938525
0.20375397613234397,0.1258812836658714,0.12991489321503924
0.08815172434161184,0.0906981074208091,0.0612226401181585
0.19490261518990418,0.12318740022309668,0.1246553077252118
0.1560289484969941,0.1113563238784566,0.10155610585060572
0.1268443218735083,0.10247407594440078,0.08421424851215581
0.1320388503609474,0.1040550141047958,0.08730090002673058
0.140955799260035,0.10676885903277124,0.09259945867191069
0.11276219647309743,0.09818822603929148,0.07584647965676927
0.14369298086549825,0.10760191151529629,0.09422592501406267
0.1837726939036045,0.11980004421450954,0.11804177418149794
0.11119064641109405,0.09770992979546485,0.07491264564453061
0.16958214721495168,0.11548119663648423,0.10960958008821471
0.15328476525474166,0.11052114047012913,0.09992547905137801
0.1428737135369831,0.1073525701195669,0.09373910648057741
0.2006801740184131,0.12494578180633446,0.12808840290443468
0.0842927329381449,0.08952363570790409,0.05892958085608222
0.13984069343613328,0.10642948013550504,0.09193684933430107
0.3126493270538154,0.1590232360447365,0.1946218248768242
0.13113325663876282,0.10377939954677054,0.08676278530834379
0.08037213281043805,0.08833041357647667,0.056599912946570935
0.2199281203456316,0.1308038328174162,0.1395257648954271
0.01542288631245523,0.06856331777059978,0.018006286872854497
0.21081462536770385,0.12803016971786566,0.13411041619829075
0.10963460695872956,0.09723635415616076,0.0739880282237208
0.14980888284516272,0.10946326675634792,0.09786006777681217
0.11689348058170945,0.09944556916764899,0.07830133853025928
0.1488568994839587,0.10917353365979701,0.09729438777509185
0.19627331743055212,0.12360456907374784,0.1254697955381785
0.14825287985180824,0.10898970221322708,0.09693547202038617
0.04704285903044234,0.07818675551310046,0.036795256250305296
0.2706484726484351,0.1462404101040901,0.1696644103247063
0.08948285139460116,0.09110323168944956,0.06201361187702685
0.02427535686038551,0.07125753891826278,0.02326653170365491
0.11059439557990641,0.0975284627586642,0.07455834620511043
0.20153769646313144,0.12520676602454198,0.1285979530896287
0.09791149169386845,0.09366846145410983,0.06702201165930717
0.1436790087672739,0.1075976591518108,0.09421762262468324
0.1677126974512392,0.11491223556955753,0.10849873047818022
0.12847536821123795,0.10297047968978877,0.08518343592942926
0.13563408534623086,0.10514921239393142,0.08943723204212166
0.188107964336108,0.12111946992926882,0.12061784419034201
0.15975826732674323,0.11249133015756108,0.10377211210449615
0.09572851128584443,0.0930040783366074,0.06572485835674897
0.20668895451039862,0.1267745349646218,0.13165889278646772
0.1498619008762772,0.109479402624845,0.09789157173071969
0.026701645876345863,0.0719959722337705,0.024708261917286437
0.1357428631738118,0.10518231857845677,0.08950186913999612
0.18802470376302327,0.12109412983967961,0.12056836975303033
0.09951180824933341,0.09415551268837764,0.06797293906911354
0.16056579480856017,0.11273709856843013,0.10425195467939756
0.09543400103824198,0.09291444508304296,0.06554985681348713
0.1615810698434335,0.1130460942837889,0.10485524335741318
0.07775190160483399,0.08753295457475702,0.05504293994336738
0.2802580705005853,0.14916506052948514,0.17537454933665286
0.14116783525845109,0.10683339151191427,0.09272545302101043
0.13051127660256273,0.10359010190857089,0.08639319726480636
0.05538484427820571,0.0807256120895024,0.04175216455523293
0.08038434090229289,0.08833412907025563,0.056607167142077815
0.1104142667731049,0.09747364113141802,0.07445131149432273
0.13591248204428164,0.105233941540136,0.08960265871978249
0.15894382728488998,0.11224345793111483,0.10328816200300081
0.1326366912099316,0.10423696505843623,0.08765614427391362
0.10066320182340191,0.09450593564654991,0.06865711102579138
0.18375032398625174,0.11979323600158445,0.11802848170664783
0.1777665102622025,0.1179720813994063,0.11447282737942024
0.10437026396952162,0.09563416817505145,0.07085989208967658
0.049850649302246745,0.07904129751779158,0.03846367911409936
0.1131757460040762,0.09831408851869056,0.07609221577877412
0.13771477699836512,0.10578246425515972,0.09067360413151405
0.008645072192622028,0.06650051168299824,0.01397882792849055
0.17620772731208273,0.11749767078531945,0.11354657973913573
0.20021326984451124,0.12480368101170908,0.12781096280972318
0.038477197663581174,0.07557982382398991,0.0317054368960966
0.3180718010964355,0.16067354870708078,0.19784392439112436
0.21907084220645875,0.13054292295282163,0.13901635987953612
0.17776131543830925,0.11797050037134012,0.11446974055237176
0.007514313218536263,0.06615636879944999,0.013306917300139904
0.14170528398322915,0.10699696231536858,0.09304481153918101
0.1345721563830429,0.10482601770444366,0.08880622103688404
0.2661491190871,0.14487104621294516,0.1669908401405625
0.13391004792819775,0.10462450711014894,0.08841278820271972
0.03925353240491182,0.07581609882388206,0.03216674436816829
0.21121956222539184,0.12815341095764637,0.1343510345658887
0.26056578234256883,0.14317177550086616,0.16367315406750285
0.3280362347249905,0.16370619226812774,0.20376491110355321
0.28687110275622196,0.15117771578282332,0.17930409290873114
0.12920662477622638,0.10319303529063395,0.08561795740511695
0.047372454016700795,0.07828706669485856,0.03699110556867769
0.16939106111886168,0.11542304019322677,0.10949603442389964
0.09763528311621762,0.09358439825536295,0.06685788518919435
0.11764616558761001,0.0996746464460704,0.07874859304413452
0.13468106321414847,0.10485916315077998,0.08887093479020967
0.05535850376149261,0.08071759543733904,0.04173651270232571
0.13124860984916406,0.10381450692806374,0.08683132957804153
0.21093960768112593,0.12806820768592006,0.1341846821972072
0.22479389048004056,0.132284714422705,0.1424170642291902
0.0998017698157583,0.09424376156534844,0.06814523773112645
0.274596371650941,0.14744194056090454,0.1720102995550646
0.11719024805258756,0.09953588939991062,0.07847768134283153
0.07762299070224006,0.08749372095313117,0.05496633952935498
0.10488160364205716,0.09578979277181517,0.07116373629392163
0.18999303032465148,0.12169318374436426,0.12173797314962702
0.15656288817613037,0.11151882671507328,0.10187337925150874
0.1226286627087403,0.10119105353708942,0.08170925296206358
0.16698760485803635,0.11469155595384538,0.10806787170891417
0.03537700293899281,0.07463628945766405,0.029863263777734052
0.06989063145881257,0.08514040210477407,0.05037167835314331
0.1465736644100386,0.10847863835481558,0.09593766194018924
0.12356989579192436,0.101477514820848,0.08226854501885032
0.041159062364942364,0.07639604078336366,0.03329903326626906
0.12986256206440622,0.10339266771005699,0.08600772325757541
0.20083429854604082,0.12499268911423898,0.1281799855587189
0.22950671111690565,0.13371904633674384,0.14521747912572502
0.16098619221955263,0.11286504517824777,0.10450175989434647
0.29730660057005853,0.15435372622467713,0.1855049916448357
0.2417076014715228,0.13743234836195245,0.15246739541424012
0.16147039068118102,0.11301240943412665,0.10478947646353161
0.13268516835391317,0.10425171892243223,0.08768494997788764
0.2120991325641671,0.12842110538201698,0.1348736858758047
0.20329501553490859,0.1257416004733819,0.12964217328932717
0.0096583820058305,0.0668089092894178,0.014580948848076708
0.18117477908769958,0.11900937713474442,0.11649806184636681
0.18960441361846941,0.12157490949058827,0.12150705241300457
0.2849430252619842,0.1505909115532939,0.1781584059937017
0.1214866028064405,0.10084347125212002,0.08103062718578906
0.06101859539354147,0.08244022625437589,0.04509980745582298
0.13512340934238745,0.1049937897826151,0.08913378219782278
0.12839399495576873,0.10294571399929002,0.08513508295902071
0.1756574895937968,0.11733020769252286,0.11321962184668596
0.08915572669903718,0.09100367233277745,0.06181923043519666
0.2170139281432958,0.12991690772488113,0.1377941167204575
0.3214710367160136,0.16170809521503823,0.19986379121810197
0.1642187281290545,0.11384885716167162,0.10642257174187185
0.3980132287785169,0.1850034669902651,0.2453460854494073
0.21584312618681228,0.12956057788748662,0.13709841206872894
0.07450992424669617,0.08654626911658503,0.05311651787312352
0.10307338697635132,0.09523946780276563,0.070089272129681
0.13102881624182192,0.10374761344541195,0.08670072556409945
0.23346141765498019,0.13492264864527367,0.14756741347587124
0.183367550746778,0.11967674018824434,0.11780103322846214
0.2047716303267279,0.126191003470831,0.13051959561834753
0.051505371305657174,0.07954490687643935,0.03944693489763731
0.08582797360248297,0.0899908813024774,0.0598418393860478
0.08796929155940451,0.090642584586004,0.06111423635738029
0.044464563218516995,0.07740205941455827,0.03526320176410023
0.0873640283096912,0.09045837464839958,0.060754581630110625
0.16061089254449543,0.11275082392037672,0.10427875229832774
0.08862735527084092,0.09084286417555608,0.06150526575619937
0.20986005352780412,0.12773964882608774,0.1335431980912917
0.18529121309862864,0.12026220068328451,0.11894409661260337
0.11648390536965365,0.0993209162595251,0.07805796399652007
0.07191819350045538,0.08575748413867822,0.051576480186815994
0.1585118080353101,0.1121119742518285,0.10303145095131147
0.22895264813651564,0.13355041903763892,0.14488824821636992
0.12442879079801888,0.10173891677372798,0.08277891079657847
0.07181245879075199,0.08572530411736283,0.05151365134630837
0.18509943641415433,0.12020383406165697,0.11883014059233635
0.15800385999756328,0.11195738188828419,0.10272962209738791
0.17847587981318866,0.11818797575741928,0.1148943433272563
0.16137327575419666,0.11298285281616127,0.10473176960193882
0.23891500707005398,0.13658243117188143,0.15080800211998246
0.19395720557811932,0.12289966782619303,0.1240935339247282
0.1913336139458204,0.12210118608933776,0.12253456411542914
0.027335479441583883,0.07218887745568761,0.025084893470826014
0.10799904332886698,0.09673857558733454,0.07301615657694735
0.24556755358669252,0.13860711246439683,0.15476102554280427
0.1751702849370183,0.11718192851074796,0.11293011896006394
0.2365360406321651,0.1358584003319211,0.14939439155332782
0.1549999406478215,0.11104314862491117,0.10094465696860648
0.10048672074273068,0.09445222419310516,0.06855224383789076
0.2579780621701901,0.14238421112830926,0.1621354995125837
0.16099694331539968,0.11286831723994342,0.1045081483252426
0.15848351589372223,0.11210336362886553,0.10301463941935159
0.0514635214897331,0.07953217001857837,0.03942206723197363
0.14722876538769283,0.10867801624580034,0.09632693084684103
0.12144296017392815,0.10083018875625431,0.08100469420687276
0.1704527353859949,0.1157461573667832,0.11012689408566803
0.2596913072808129,0.14290563180778834,0.16315353043268124
0.1048485411055568,0.09577973029439124,0.07114409013573604
0.16641643771217088,0.11451772305658708,0.10772847729802112
0.3275349565782788,0.16355362986462482,0.20346704557937492
0.08584536856002524,0.08999617540226804,0.059852175679741
0.08801826951271025,0.090657490869719,0.06114333964829838
0.09478945211589904,0.09271827867640241,0.06516685806544323
0.20462207830246074,0.1261454877897255,0.13043073000074093
0.06667840715003913,0.08416277189218245,0.04846293590389018
0.09023506123555257,0.0913321643529357,0.06246058404215515
0.2044096391130463,0.12608083260068942,0.1303044960706842
0.18225473096195782,0.11933805703967403,0.11713978228286238
0.18721876717076447,0.12084884561096823,0.12008947250390328
0.2565670577542229,0.14195477643927423,0.16129706366067753
0.1850815220294433,0.12019838187586614,0.11881949564875104
0.11618515701733122,0.09922999315232038,0.0778804441202884
0.17799245466219304,0.11804084685616253,0.11460708626858153
0.24064206468702265,0.13710805564356715,0.15183424059803965
0.15312097555917514,0.11047129159922071,0.09982815323766574
0.09594601053622304,0.09307027353904268,0.06585409903609543
0.06889809807210825,0.08483832773742751,0.04978190303691488
0.1612841889844918,0.11295573954223209,0.1046788331682852
0.047424728675411754,0.078302976320338,0.037022167801732044
0.20457047315714955,0.1261297819285116,0.13040006560062833
0.21972721372167245,0.13074268752785592,0.13940638375493833
0.21753469411877943,0.13007540118685149,0.1381035621476703
0.16708265616999518,0.11472048451716624,0.1081243523455549
0.15007593561640736,0.10954454341464734,0.09801875375626667
0.07376739380469997,0.08632028234726691,0.052675297323665195
0.07865770424323812,0.08780863271576682,0.05558117880229295
0.07622873213138416,0.0870693828085905,0.05413785426070215
0.19450806899602918,0.12306732134867265,0.12442086361544556
0.04626302114223246,0.07794941434164007,0.03633186716608218
0.31928080008026327,0.1610415036877947,0.19856232617746108
0.17589510608731884,0.11740252551367952,0.11336081643468196
0.18363961555058456,0.11975954224265181,0.11796269741814971
0.08083395387686891,0.0884709673435724,0.0568743325974802
0.09374696811140573,0.09240100199801071,0.06454740148932285
0.05134606071132526,0.0794964212056911,0.03935227061993229
0.24217816804128625,0.137575563795065,0.15274701174877
0.14561268629589613,0.10818616773392559,0.09536663714772478
0.1042611575801397,0.09560096199379109,0.07079505975641485
0.21967932651595998,0.13072811320968863,0.13937792859940323
0.0749380506215032,0.08667656801186308,0.05337091573164391
0.092400836119296,0.09199131102405605,0.0637475136145503
0.05202040849128971,0.07970165679950908,0.03975297620878613
0.17916025451471315,0.11839626301280068,0.11530100703390549
0.204280870457236,0.12604164227141784,0.13022798018142737
0.1041931250594843,0.09558025651333932,0.07075463401162803
0.11129241801709329,0.0977409036588209,0.07497311956099059
0.1047778094636643,0.09575820334500885,0.07110206054053696
0.05156285245706342,0.07956240108134788,0.03948109089148289
0.1628567216683901,0.11343433484389505,0.10561325106631188
0.21892298409864439,0.13049792280977998,0.13892850080752764
0.11997502751458902,0.10038342813810566,0.08013243090574745
0.1301393317233793,0.10347690167211307,0.08617218312898127
0.08711494900964084,0.09038256815867343,0.06060657570414284
0.12835188253595087,0.10293289721877218,0.08511005925095388
0.2550622902288177,0.14149680524724226,0.16040291263761405
0.12654765987252498,0.10238378781156479,0.08403796837106774
0.19257100240584535,0.1224777813164919,0.12326983527112481
0.13420155898072494,0.104713227568268,0.08858600758807365
8.446752260264474e-05,0.06389511898342695,0.00889201332456898
0.08717678994964954,0.09040138925132322,0.06064332233698961
0.11256216169874125,0.09812734609437447,0.07572761657983608
0.10803938538501606,0.09675085356332187,0.07304012831355736
0.30452048847405383,0.1565492499762199,0.18979157089426804
0.06675206913331756,0.08418519068160987,0.048506706743303804
0.21347330203302162,0.12883932947250296,0.1356902339576142
0.11363741270337166,0.09845459530464121,0.0763665437028687
0.09497371061216428,0.09277435716145206,0.06527634668754724
0.07999523946440197,0.0882157072899316,0.05637595837202408
0.1029260085634391,0.09519461365333623,0.07000169809817258
0.23396546455880335,0.13507605371116388,0.14786692422893888
0.27728540742093727,0.148260340012122,0.1736081570607606
0.08017789253184834,0.08827129716784576,0.05648449302894975
0.1317826449374351,0.10397703880214618,0.08714865967220393
0.1507404081757972,0.1097467735166122,0.09841359136988137
0.15273080290723418,0.1103525437983207,0.09959630793929623
0.10614404728821203,0.09617401346487342,0.07191389554358069
0.21146229068897796,0.12822728459057106,0.1344952667481881
0.13475401410127102,0.10488136552036294,0.08891428308770603
0.3261790570889445,0.16314096618407464,0.20266135373987762
0.1946988343504649,0.12312538017523164,0.12453421869119881
0.10264953073598182,0.09511046850927019,0.06983741163657532
0.15844637930523153,0.11209206122672573,0.10299257241030767
0.1355167175524935,0.10511349188063178,0.0893674906826937
0.12088120443312873,0.10065922019007965,0.08067089216644643
0.2957105986791251,0.1538679881447839,0.18455662806076348
0.21539141160981992,0.1294230999981843,0.13682999781580873
0.1619898913400217,0.11317051780101649,0.10509817002432556
0.10435754118014738,0.095630296034726,0.07085233205469248
0.1540790097718072,0.11076286625308508,0.10039742872832595
0.09465419089909774,0.0926771123569222,0.06508648421809349
0.22509964510770747,0.13237776986744176,0.14259874731878303
0.1238708213093887,0.10156910054131256,0.08244735859288349
0.1827280275729025,0.11948210335210392,0.11742102084080805
0.22898429046101768,0.13356004927807547,0.14490705046744706
0.1633210225474814,0.11357564333405656,0.1058891442518303
0.14949052615082373,0.10936637591285475,0.09767089638712156
0.13947501492124967,0.10631818704701494,0.09171955874776487
0.1118770775372663,0.09791884291712213,0.07532053130352248
0.183017354203695,0.11957015898844207,0.11759294221640584
0.22818512084160422,0.13331682455594437,0.14443217423524823
0.24210486672341155,0.13755325477300154,0.15270345522109185
0.1707970933880766,0.11585096162527275,0.11033151576620197
0.118827349607223,0.10003413603123122,0.07945046684306464
0.09044363979368704,0.09139564457116765,0.06258452393851534
0.09125079429718069,0.09164129946727499,0.06306414488519581
0.13201769501669217,0.10404857554331519,0.0872883292658724
0.13222841343527791,0.10411270702124341,0.08741354069313637
0.15722440821374126,0.1117201582264615,0.10226646244105146
0.2002019665357731,0.12480024088578318,0.1278042462472631
0.08186672711481253,0.08878528858116828,0.0574880189189276
0.28803505410337005,0.15153196065913865,0.17999572684571963
0.0751011494173968,0.08672620660966204,0.053467831004432906
0.1358665498286557,0.10521996221695969,0.08957536524294953
0.2239980490241079,0.13204250261650344,0.14194416563189588
0.10806807857577834,0.09675958624432057,0.07305717815377652
0.16634598734143233,0.11449628171118209,0.10768661483753628
0.14402912570040455,0.10770421612257837,0.09442566633154482
0.08128549788394972,0.08860839332046666,0.05714264549570061
0.22285675530317195,0.13169515351638605,0.14126599512983384
0.16107124148497984,0.11289092965064085,0.10455229719423417
0.2941884233196183,0.15340471893402186,0.1836521330926001
0.11816591112708018,0.09983282934159797,0.0790574321159538
0.09018610229183628,0.09131726385472866,0.06243149204696451
0.034582304459494624,0.07439442551269099,0.029391044350830293
0.2543147907954817,0.1412693061812744,0.15995873945353573
0.09000339854144593,0.09126165855162215,0.062322927273621896
0.14750897602639756,0.10876329745905164,0.09649343538992883
0.19409729524553782,0.12294230366920257,0.1241767768957041
0.10388796805165824,0.09548738295229327,0.07057330603495647
0.08714064522249347,0.090390388719014,0.06062184470392065
0.2184441024814913,0.13035217671854207,0.13864394357149334
0.17846897102336065,0.11818587308929301,0.11489023804096545
0.1259976458462856,0.1022163927987282,0.08371114339913126
0.08839108616244906,0.09077095642676189,0.06136487180070777
0.06655657787873889,0.08412569354243092,0.048390543480653435
0.02881810133681778,0.07264010869588199,0.025965885293189203
0.16345386224347314,0.11361607267140973,0.10596807920229213
0.11006178123154649,0.09736636328223783,0.0742418603317488
0.15627479693171045,0.11143114706463336,0.1017021919574022
0.09156914000813063,0.09173818696800891,0.06325330974842402
0.1018622501826199,0.09487086218643333,0.0693696000309011
0.28877250472880156,0.15175640140250382,0.18043392890687218
0.21475259555488593,0.12922867837143595,0.13645040560676308
0.177883007304615,0.11800753690232019,0.11454205132790259
0.1523629489968873,0.11024058863516684,0.0993777247065234
0.13592332462485152,0.10523724144491503,0.08960910151200505
0.17119320539182314,0.11597151704893215,0.1105668902990903
0.1908899549038257,0.12196615987639273,0.12227093655861818
0.0892461799084171,0.09103120147825879,0.061872978823795374
0.07240704449892568,0.08590626437929051,0.051866961349538956
0.08442881938235951,0.08956505318271268,0.05901044506351968
0.13300666995084262,0.10434956690698824,0.08787599010665008
0.1929381939370428,0.12258953488666642,0.12348802491021342
0.14582136513718114,0.10824967847301431,0.09549063663354337
0.08713838776761593,0.09038970166982947,0.06062050329698948
0.20900439515050223,0.12747923193084718,0.13303475555745187
0.10337548837988303,0.0953314114004005,0.07026878442940593
0.11726585170493563,0.09955889913012021,0.07852260594543846
0.07232986515365993,0.08588277509197224,0.05182110045118529
0.1271153053220814,0.10255654889179548,0.08437527014751414
0.05277544962528365,0.07993145115799329,0.04020163076240802
0.10509412303812103,0.095854472371489,0.07129001788373746
0.1046981110416571,0.09573394738472688,0.0710547027763835
0.16985644495164773,0.11556467827688748,0.10977257111357254
0.14670255736696358,0.10851786651473454,0.09601425169066856
0.09656989266166696,0.09326015007203056,0.0662248173240157
0.0895502472504627,0.0911237434030037,0.06205365930790994
0.2606820556509486,0.14320716291104152,0.16374224507052315
0.20682398061424478,0.1268156297282246,0.13173912692686232
0.037109405176968285,0.07516354054768938,0.030892678094092213
0.07090382152959021,0.08544876326796715,0.05097372812033204
0.1038813673427036,0.09548537404759709,0.07056938381403878
0.17497155622666702,0.11712144606224087,0.11281203196212417
0.17102898508869155,0.11592153712398605,0.11046930861316602
0.17225230265385835,0.11629384991921465,0.11119621867333015
0.21806261659228737,0.1302360727061467,0.13841726005237376
0.11919674636456286,0.10014656075494131,0.07966996685413955
0.0940013940088704,0.09247843570758957,0.06469858442799674
0.1187599732140785,0.10001363024109257,0.07941043097716291
0.0951178168487626,0.09281821543446761,0.06536197635240173
0.07355522748012067,0.08625571020377237,0.05254922553318611
0.07076261769957884,0.0854057883331296,0.05088982310049779
0.06034725057125586,0.08223590460114007,0.04470088626066145
0.1945959819208045,0.12309407736664521,0.12447310253627618
0.13850889885780415,0.10602415270765875,0.09114548092382009
0.1536135348104901,0.11062120043474677,0.10012083788898017
0.13049592282140204,0.10358542903429518,0.08638407386275183
0.010918057648187532,0.06719228754935767,0.01532946331647477
0.31754336124036403,0.16051271972405434,0.19752991905145814
0.08938744514084392,0.09107419510072544,0.06195692032968587
0.34471329480688145,0.16878180225860465,0.21367462146223135
0.14944248649933128,0.10935175519830101,0.09764235064646423
0.11072327028293555,0.0975676853630684,0.07463492510890453
0.12674053021455417,0.10244248728437737,0.08415257425585218
0.1931732139481188,0.12266106247668057,0.12362767663700584
0.09845803732327811,0.09383480087144494,0.06734677566799083
0.08784377070689632,0.09060438271529818,0.061039650352039995
0.1259976859973697,0.10221640501858259,0.08371116725739014
0.1688521560897013,0.11525902616818319,0.10917581055209079
0.2285240711466821,0.13341998299911617,0.144633582596963
0.12430745538569085,0.101701988728378,0.08270681183030267
0.11448226759981757,0.09871172419497608,0.07686856667800826
0.16829936035703694,0.11509078455187749,0.10884733265662722
0.1355441158525052,0.1051218304657649,0.08938377108320206
0.16571323716284475,0.1143037062145331,0.10731062704541856
0.2608071325906612,0.14324522967830533,0.16381656729752334
0.13304624617824548,0.10436161180544179,0.08789950677857696
0.0665371187931666,0.08411977123186458,0.048378980657175025
-0.0015848429632018088,0.06338706966673956,0.007900088888739313
0.2066067896799602,0.1267495283608084,0.13161006945265963
0.3033049182531185,0.15617929506047298,0.18906926439954064
0.12339020713251725,0.10142282715105587,0.08216177184895593
0.1855603552334827,0.12034411323272759,0.11910402411712896
0.29971386511290954,0.15508636950253413,0.18693541728695912
0.14814463852696352,0.1089567593115964,0.0968711537189118
0.2497329920223185,0.13987485035313546,0.15723617932957867
0.055786408996897664,0.08084782702954622,0.04199077915714491
0.05966208353984912,0.08202737620268871,0.04429375174203422
0.10406428777627734,0.09554104529753871,0.07067807734314391
0.15540963659474932,0.11116783827830766,0.10118810324446337
0.15495153681985438,0.11102841707440986,0.10091589482989317
0.16530965330470412,0.1141808767558448,0.10707081264647947
0.11730710717400215,0.09957145510041271,0.07854712044302685
0.06859777396992998,0.0847469250557851,0.049603446831102675
0.111486450259548,0.09779995675231834,0.07508841586102964
0.12759292245682066,0.10270191014184792,0.08465907601283844
0.1384357714361808,0.1060018966103642,0.09110202772739286
0.19072725356053807,0.1219166422420257,0.12217425745696411
-0.002752947170851985,0.06303156088058934,0.007205987271923999
0.16111658817769145,0.11290473077178759,0.10457924274628516
0.10380728899559355,0.09546282853916675,0.0705253655662116
0.12457692533426903,0.10178400104688132,0.08286693412569933
0.10134015193237181,0.09471196325089219,0.06905936294994511
0.0962720588890076,0.09316950531422626,0.06604784090205697
0.3100348231187045,0.15822752011950575,0.19306825508686423
0.10267557967021669,0.09511839641923725,0.0698528902276551
0.26199434644255554,0.1436065544236694,0.1645220240955629
0.14780598364279518,0.10885369077883544,0.09666992089986703
0.38905474424863873,0.18227698082567076,0.24002284583116124
0.1113297587426164,0.09775226818941495,0.0749953078707226
0.09387013968439525,0.09243848887299595,0.06462059152442225
0.06387810729127305,0.08331050957078444,0.046798963933917304
0.335767388309034,0.16605914417790074,0.2083588558624093
0.15381318917038486,0.11068196460173718,0.10023947491904954
0.2576972330726529,0.1422987416890871,0.16196862747379384
0.20013352392009343,0.1247794105942202,0.12776357681906375
0.2533760571883901,0.14098360560508463,0.15940093261560678
0.06568921458929952,0.08386171429455183,0.04787514574676694
0.22583390184403862,0.13260123856085643,0.14303505153248883
0.13139843302659968,0.10386010513377046,0.08692035631813341
0.13011900962606335,0.10347071670667811,0.08616010749350982
0.10979536293119264,0.09728527972312857,0.07408355136255443
0.04925850171099359,0.0788610792889644,0.038111817869366106
0.0989298254257333,0.09397838807413238,0.06762711785198752
0.2525165270729066,0.14072201035868978,0.15889018944821534
0.16153740038540332,0.11303280362366233,0.1048292944384504
0.14545783767081535,0.10813904004927298,0.0952746242259955
0.10128172456574219,0.09469418106840166,0.06902464470359497
0.09566280592405252,0.09298408111952594,0.06568581543784298
0.2589382005226238,0.1426764261704045,0.1627060253085066
0.04696550060728143,0.0781632117239964,0.03674928894170502
0.3089585112003246,0.15789994802352642,0.19242869755607875
0.155678537350384,0.11124967736475597,0.1013478873185439
0.15510881880682645,0.11107628534498508,0.10100935368462408
0.12481120598404916,0.10185530361464577,0.08300614651508707
0.14450118753428426,0.10784788663455092,0.0947061711700575
0.28210316694514126,0.1497266097414804,0.1764709279105498
0.16276239895535358,0.11340562802733,0.10555720337194333
0.19219519853088554,0.12236340660699041,0.12304652807343926
0.1468810343775194,0.10857218542306722,0.09612030488419346
0.11497897583276266,0.0988628957598148,0.07716371670427694
0.08169926698349955,0.08873432262485924,0.05738851208800004
0.19430665134053546,0.12300602052829655,0.12430117881385183
0.030148040597941725,0.07304487146386042,0.026756151251796787
0.1617901930918524,0.11310974027676993,0.10497950691531374
0.18113391408860277,0.1189969400027404,0.11647377937074653
0.12652346948663631,0.10237642554485317,0.08402359415184396
0.31535716987064283,0.15984735936061129,0.19623085775670965
0.1597521578905973,0.11248947077017588,0.10376848180380999
0.1943183014430471,0.12300956619980008,0.12430810144535692
0.12791757437367704,0.10280071691621541,0.08485198809971936
0.2960956540730887,0.15398517852455668,0.18478543262268785
0.08990451125395979,0.09123156252139675,0.062264167254030084
0.09189082592819366,0.09183609105072178,0.063444459404217
0.1452372718003689,0.10807191153081115,0.09514356132399718
0.21551993389252208,0.12946221534458707,0.13690636730719144
0.03804484987887452,0.07544824015608678,0.031448530624869936
0.18442361482291147,0.11999814991808205,0.11842855924703491
0.23340844527517388,0.13490652667060649,0.14753593664852205
0.07747117915076422,0.08744751759213376,0.054876131273413
0.05595553024020439,0.08089929853998706,0.04209127304086539
0.14538214065786437,0.108116001905062,0.09522964414739186
0.10047674627031375,0.09444918849427078,0.06854631688600911
0.12030173108421746,0.10048285932644387,0.08032656210946462
0.22718071793382566,0.1330111377377552,0.14383534590635663
0.11014151705662181,0.09739063062602421,0.074289240321257
0.03496053265719063,0.07450953805707705,0.029615792110342494
0.23874952302793462,0.13653206663200923,0.15070966950510103
0.11735388068813539,0.09958569047010368,0.07857491382958542
0.05764519408799126,0.08141354233741081,0.04309529169000821
0.16880183412613622,0.11524371083923693,0.10914590863405707
0.10261211774516735,0.0950990819849656,0.06981518038593484
0.16450539530278926,0.1139361034007452,0.10659291283599198
0.1707627870569234,0.11584052060291734,0.1103111305302234
0.11501156953021782,0.0988728155475723,0.0771830842726441
0.2622299679360728,0.14367826507294415,0.16466203323048054
0.1356350614603775,0.10514950947115546,0.0894378120609274
0.20380274438152496,0.1258961261268055,0.12994387189723572
0.14902216484360092,0.10922383164435528,0.09739259044620635
0.08376548344937852,0.08936316900936615,0.05861628284703358
0.10618719373403888,0.09618714494790571,0.07193953368238037
0.14736060672881926,0.10871814173703762,0.09640527256279369
0.09955431425437797,0.09416844925530254,0.06799819665027161
0.26731540183865116,0.145226000644747,0.16768385942618247
0.11324150682036124,0.09833410261317001,0.0761312916494093
0.09992189484905277,0.09428032123570408,0.06821661747557344
0.3011456923640668,0.15552214155497768,0.18778622631882433
0.42996585986051156,0.194728148243761,0.2643327244412577
0.11188622283918448,0.09792162626056253,0.07532596555228734
0.24798655105388637,0.13934332662031754,0.15619842303016476
0.13065219946466167,0.10363299133172123,0.08647693533011634
0.1005295555463573,0.09446526082882871,0.0685776967951343
0.07594740994117077,0.08698376329818644,0.05397068922029362
0.1353715072701736,0.10506929759482582,0.08928120498054797
0.1818822681259243,0.11922469916470252,0.11691846037082626
0.0685193141209692,0.08472304605125527,0.04955682504200027
0.14171170823246676,0.10699891751511313,0.09304862890560549
0.12435910048345773,0.10171770674899415,0.08273749997064665
0.2365740458119224,0.13586996708703983,0.1494169746897843
0.18084010318225918,0.11890751959145535,0.1162991933845003
0.01584532817052197,0.06869188660135706,0.018257306922927187
0.3428747543369269,0.16822224833654803,0.21258213852755978
0.22966215282002217,0.13376635452280325,0.14530984446158032
0.2204450629467328,0.1309611626476003,0.1398329384274416
0.13838364799357586,0.1059860330070237,0.09107105534877356
0.11591625762890893,0.09914815448197885,0.07772066085862209
0.26812923444701053,0.1454736880007485,0.16816744858336558
0.26822265722283684,0.1455021209242971,0.16822296152418323
0.055732244055948246,0.08083134210270267,0.04195859369557254
0.07337492228545409,0.08620083489344242,0.052442086010600325
0.16453827762310058,0.11394611102994745,0.10661245190754319
0.16130538499289643,0.11296219047971671,0.10469142809227147
0.12004550027781458,0.10040487629859243,0.08017430667211825
0.15375356627316272,0.11066381856332766,0.10020404627399383
0.10448196630457561,0.0956681644240891,0.07092626696518448
0.0663555750612561,0.08406451897667895,0.04827110518081211
0.0708909232244156,0.08544483770996798,0.05096606379174123
0.1958616477723846,0.12347927872763695,0.12522517645928408
0.04856179252906455,0.07864903807385282,0.03769782486560851
0.12286708748185163,0.10126361735555867,0.08185092783954577
0.30845134775825134,0.15774559444917036,0.1921273349183728
0.1399984638947046,0.10647749707085177,0.09203059844475084
0.16747781188121763,0.11484074889624898,0.10835915863788512
0.08370453131290895,0.08934461842123574,0.05858006435197584
0.17966736255542012,0.11855059972592785,0.11560233675145079
0.09201042646227259,0.09187249109141586,0.06351552748490047
0.1962350312289945,0.12359291679054149,0.12544704541517673
0.07606918511912271,0.0870208251848,0.054043049500610216
0.010726313696791185,0.06713393088993791,0.015215526746597607
0.06560228304641919,0.08383525695702565,0.047823489974901316
0.17042241719363083,0.11573693012173521,0.11010887864988647
0.34147020819695084,0.16779477920319089,0.2117475402611857
0.0699653599387793,0.08516314547906377,0.050416082917759585
0.07522951239126487,0.08676527347092963,0.053544105832583934
0.14742119456256622,0.10873658145079758,0.09644127458477741
0.15369533388440584,0.11064609572173019,0.10016944388584854
0.08393412352472093,0.08941449407787334,0.0587164908149431
0.22398664956126754,0.1320390332263836,0.14193739193350774
0.036321242932436874,0.07492366588496002,0.03042434257688486
0.22233530896127676,0.13153645298707067,0.14095614542068854
0.0803531878413116,0.08832464773560933,0.056588655617288895
0.29255921570887194,0.15290887479932067,0.18268403826908966
0.1697225859302233,0.11552393871109351,0.10969303046763738
0.18314900820104885,0.11961022746220018,0.11767117261042799
0.17516534346601997,0.11718042458982653,0.11292718267836356
0.10325505346588296,0.09529475741884147,0.07019722055010381
0.23348702139822738,0.1349304410627849,0.14758262752909368
0.15189464394546173,0.11009806148793976,0.09909945219348185
0.2757147520494735,0.14778231606450457,0.17267485468443755
0.2278457195347501,0.13321352885182208,0.14423049788283573
0.1331513261010332,0.10439359254444969,0.08796194653679733
0.17377399120246947,0.1167569709706351,0.11210042437258448
0.16075539611824832,0.11279480312168676,0.10436461806571441
0.09859088861221856,0.09387523373707489,0.0674257175071227
0.1984959210122803,0.12428101137766072,0.1267904934087223
0.13124030167643344,0.10381197836221895,0.08682639276154243
0.1482510213658774,0.10898913658896772,0.09693436768561796
0.17337020284949017,0.11663407927459532,0.1118604884603443
0.11229829126410318,0.09804703797006087,0.07557082158319749
0.2330283584589683,0.13479084846161113,0.147310084475462
0.2236100792941703,0.13192442526788178,0.14171362933636547
0.14530740133192943,0.10809325522983661,0.0951852331379706
0.11229535694167542,0.09804614491839835,0.07556907797339954
0.06838832732441923,0.08468318063793161,0.049478991106747416
0.13169298513749977,0.10394975112829591,0.08709538273707187
0.14338317062790942,0.10750762175862832,0.09404183203211132
0.2175309983063482,0.13007427637813748,0.13810136605132295
0.10756312370147512,0.09660590484051403,0.07275712787369266
0.15338805991707194,0.11055257787081685,0.09998685798629012
0.16846624358218906,0.11514157492863848,0.1089464966829519
0.07926681341583564,0.08799401314772239,0.05594311882335285
0.08287821454284422,0.0890931315504777,0.058089056955249206
0.08590929287874838,0.09001563056457788,0.05989016028136209
0.14481234978161636,0.10794258787106761,0.09489106753251438
0.0731398992623492,0.08612930638672688,0.05230243249402401
0.18908401113372106,0.12141652665586289,0.12119782297637313
0.09909981783629977,0.09403012472154747,0.06772812939380703
0.16662919868557874,0.11458247617955417,0.10785490243601012
0.12927426482649185,0.10321362132397538,0.08565814993926188
0.258122689335834,0.14242822794441676,0.16222143871976316
0.12426179407662886,0.10168809185474936,0.08267967932941955
0.09067999639963192,0.09146757894956294,0.06272496988610869
0.23629777356337392,0.13578588451025833,0.1492528103856558
0.1431739990732042,0.1074439610637833,0.09391753977003235
0.1483284259928255,0.10901269444004671,0.09698036244906602
-0.016951381085820904,0.05871031285041672,-0.0012308935064187971
0.20780815819925177,0.12711516103400267,0.1323239371248847
0.12983841590488765,0.10338531890349986,0.08599337531819494
0.0417755574329698,0.07658366908901196,0.033665362075525916
0.10065633741251076,0.09450384648501135,0.0686530321100005
0.038508863591567064,0.07558946124807137,0.031724253172648605
0.11151224625261995,0.09780780768044992,0.07510374415141802
0.03775330094628458,0.07535950816929166,0.0312752887307253
0.20674295724220312,0.12679097052363,0.1316909818614086
0.09743321517956079,0.09352289952399093,0.0667378139826861
0.1897240888819455,0.12161133227493576,0.12157816489879779
0.05903421549872524,0.08183628656898935,0.04392066497491498
0.2181096987837921,0.1302504020208099,0.13844523685875154
0.12619309554714156,0.10227587729116475,0.0838272819700583
0.07509566097679664,0.08672453622028853,0.05346456970679399
0.289736408769736,0.1520497625198714,0.1810066923203465
0.13937381327424883,0.10628738664886041,0.09165942350782028
0.22622566575410163,0.13272047065608533,0.14326784237563747
0.1603547366465334,0.11267286369067035,0.10412654137248076
0.22761307595620223,0.13314272452146067,0.14409225826093033
0.15302791146751857,0.110442967840054,0.09977285343131012
0.11453839192331434,0.09872880545364227,0.07690191642833583
0.13644068364614578,0.10539469801125524,0.0899165224859235
0.13060971099946705,0.10362006010299354,0.08645168817134885
0.11661909463653283,0.09936206068127611,0.07813829509035781
0.22406235907451658,0.13206207517502033,0.14198237943993938
0.26607514385167363,0.14484853208622642,0.16694688316294226
0.159236183991617,0.1123324357613896,0.10346188388628574
0.0668498433728177,0.08421494795923451,0.04856480537635002
0.14194822748112143,0.10707090139329782,0.09318917149745976
0.16903004594709303,0.11531316637832516,0.10928151485211973
0.19008705996893405,0.12172180136638984,0.12179384669900542
0.11979559843702285,0.10032881947121816,0.08002581198251554
0.15107337050216388,0.10984810953758133,0.09861144160238308
0.09034565014028732,0.09136582173301062,0.06252629730393043
0.26359688361300665,0.14409428149501832,0.16547427102159204
0.2295880302510681,0.13374379555559562,0.1452657999366
0.05651270266139501,0.08106887218747211,0.04242235161746871
0.32205250741059194,0.16188506396445096,0.20020930812198282
0.10207754223422714,0.09493638563496934,0.06949752916610101
0.08874186851563937,0.09087771591599991,0.06157331090819925
0.1723773919131387,0.1163319204358999,0.11127054822076617
0.0923792142102441,0.09198473046506911,0.06373466561525924
0.08366114326612005,0.08933141340772213,0.05855428265096872
0.12629942252746404,0.10230823756815187,0.08389046274491528
0.15734910239437755,0.11175810850222265,0.10234055722798939
0.19100630481164174,0.12200157059936222,0.12234007307794818
0.16336222709937065,0.11358818380786882,0.10591362849381752
0.41725153322363706,0.19085858352531387,0.2567777181176993
0.16059254772932546,0.11274524073445005,0.1042678515877695
0.1544339657515877,0.11087089597225053,0.10060834785510456
0.1394925562469919,0.10632352569349983,0.091729982015209
0.07331763088423585,0.08618339843839795,0.0524080427686063
0.22950904622291912,0.1337197570188039,0.1452188666738981
0.13451337409814892,0.1048081275037125,0.08877129189381783
0.23883059756692848,0.1365567414091023,0.15075784497457498
0.16014245774293506,0.11260825728411049,0.10400040268619021
0.10676757366689489,0.09636378172747054,0.07228440244248253
0.17562922455198554,0.11732160531729033,0.11320282641774043
0.13485837979515128,0.10491312888608315,0.08897629844249032
0.06094085298171922,0.08241656559954882,0.04505361197652625
0.1357906653169902,0.10519686700811358,0.08953027375034717
0.11861370532395071,0.09996911407572683,0.07932351683169449
0.14818491599619768,0.10896901763076254,0.09689508707719759
0.1481369292391147,0.10895441301445322,0.09686657276703665
0.11368912941886898,0.09847033512188509,0.07639727439933224
0.19015772895082117,0.12174330924539982,0.12183583906087268
0.10824495397360646,0.0968134177069333,0.07316227964969041
0.23678681191177792,0.13593472177022486,0.14954340287397033
0.11266144226775548,0.09815756181857724,0.07578661029205774
0.17449132883811777,0.11697529038977499,0.11252667505248547
0.19455595830761857,0.12308189630775693,0.12444932002231789
0.1263825107382625,0.1023335251998296,0.08393983476247657
0.24770398007612776,0.13925732704541122,0.15603051594512635
0.2311844893719598,0.134229672791967,0.14621443521223149
0.09129303502756288,0.09165415529870331,0.06308924483694815
0.25488544279886205,0.14144298229656221,0.16029782776054752
0.11260559855914384,0.09814056596415564,0.0757534272864814
0.09675825460229112,0.09331747742726972,0.06633674426227827
0.143081416750387,0.10741578392942475,0.09386252623653504
0.06987086518045034,0.08513438630106296,0.050359932992002
0.1814219979976308,0.11908461742067729,0.11664496230607484
0.18127225123000973,0.11903904247005373,0.11655598096961718
0.10704924334858704,0.09644950699579669,0.07245177396652114
0.15192213462436513,0.11010642818829355,0.09911578748664256
0.24269139775625764,0.13773176362020972,0.1530519790390394
0.14932998261951738,0.10931751500167476,0.0975754994833871
0.061378288541051734,0.08254969771541538,0.04531354146483451
0.12436436894205806,0.1017193101875484,0.08274063055232633
0.06716983463301265,0.08431233627762723,0.04875494804479822
0.1401630107302009,0.10652757637488054,0.09212837416014673
0.15942495678514898,0.11238988815839926,0.10357405495830405
0.11032029276558794,0.09744504044226429,0.07439547100498185
0.08656980370047211,0.09021665492433298,0.060282643782645466
0.13993833255595264,0.10645919628988622,0.09199486767760207
0.031585815078977904,0.07348245353672964,0.027610494199427
0.17919071820476004,0.11840553453960398,0.11531910892616588
0.13425262991975875,0.1047287708455068,0.08861635455636947
0.154289139176069,0.11082681846638462,0.10052229015617069
0.24196727707907004,0.13751137980403377,0.15262169779399837
0.16946562982325747,0.1154457349403315,0.10954034404794337
0.14515671408444833,0.10804739404717033,0.09509569295703026
0.06093196527308784,0.08241386065380299,0.04504833079280099
0.08776497698996623,0.09058040209911783,0.06099283017456085
0.10788431895179354,0.0967036595894569,0.07294798596760181
0.14748253328451422,0.10875524969498394,0.09647772279359187
0.12142881334868914,0.10082588321515999,0.08099628799259236
0.05205690632498852,0.07971276479866725,0.03977466366202415
0.06038170864593179,0.08224639180615195,0.0447213616644725
0.16941089075622512,0.11542907528004745,0.10950781743372422
0.06291943799399421,0.08301874163093549,0.04622931106829589
0.1435944475172584,0.10757192320535038,0.09416737530944248
0.08423057387938344,0.08950471779682732,0.058892645193233235
0.2170574625223862,0.1299301572741636,0.13781998537388399
0.014435202666544064,0.06826271940637962,0.01741939333113182
0.08262879684144209,0.0890172220693808,0.05794084994711447
0.08202532880500948,0.08883355849920656,0.05758226195724099
0.07384775982322914,0.08634474148841885,0.052723051781728474
0.08411655684126512,0.08947001707530232,0.05882489489323091
0.18969505632624759,0.12160249630930232,0.12156091340383844
0.15305164163605367,0.11045019004108365,0.0997869541838282
0.10177377029953553,0.0948439336165095,0.06931702421660088
0.10300791359190888,0.0952195411872499,0.07005036705451552
0.12776936505778694,0.10275560988411754,0.08476392033563403
0.31951638192618176,0.16111320227044926,0.19870231175329672
0.0723016673262295,0.08587419317322181,0.051804344961835884
0.27755163143041545,0.14834136443942397,0.17376635057997192
0.07175530494828418,0.08570790952788492,0.05147968984338416
0.1530439091061837,0.1104478366703055,0.09978235942126368
0.25789136206591107,0.14235782422838267,0.16208398126432788
0.1339922691738035,0.10464953088373838,0.0884616450591009
0.02116545952131346,0.07031105159219665,0.021418593174675867
0.1249581698284173,0.10190003159146252,0.08309347420496381
0.063575521506988,0.08321841855341375,0.04661916380930343
0.14451227950457118,0.10785126244029399,0.09471276215265932
0.2551493310979614,0.14152329585786755,0.16045463337246466
0.08809084341065652,0.09067957850384972,0.061186463934276444
0.10916008420244849,0.09709193467031232,0.07370606107541904
0.08238343703318168,0.08894254759510571,0.05779505418805503
0.045055601884731004,0.07758194014559015,0.03561440407219304
0.1646112892798883,0.11396833189458373,0.10665583631510787
0.2339474538931092,0.13507057222256302,0.14785622207403143
0.07139530699176146,0.08559834529919569,0.05126577471317898
0.09057793435868458,0.09143651669325772,0.06266432338969763
0.18835421033033561,0.12119441411141345,0.12076416653179776
0.18307886162853335,0.1195888785768147,0.11762949067051368
0.10972098740310496,0.09726264376861625,0.07403935652620391
0.18150825627370068,0.11911086985159917,0.11669621801467671
0.1031622241308754,0.09526650510711149,0.07014206023898209
0.1103721212394703,0.09746081427281586,0.07442626810962645
0.24510824727969346,0.1384673240563054,0.15448810019229733
0.2219399273717156,0.13141611986263654,0.14072120490872359
0.20435067744205168,0.12606288780437122,0.13026946033423242
0.11560228273431611,0.09905259722524827,0.07753409318721989
0.19718013576254612,0.12388055633785883,0.12600863793449243
0.17704051543766516,0.11775112719246787,0.11404143249340686
0.1865228627725011,0.12063704932919549,0.11967595771231165
0.24236391718987566,0.13763209595539025,0.15285738613447428
0.04492077635898182,0.07754090642729075,0.0355342891177244
0.25611429601300423,0.14181697984888278,0.16102802717013653
0.20176928155205956,0.12527724820696728,0.12873556374422856
0.08017232945556738,0.0882696040633412,0.05648118738188874
0.19621502903001514,0.12358682918514377,0.12543515986715753
0.17864812998526045,0.11824039954734016,0.1149966964582088
0.14034618079317093,0.10658332359873166,0.09223721602205148
0.07566202203986627,0.08689690640159242,0.05380110828528996
0.20402830123761218,0.12596477363581207,0.13007790050313284
0.23981085941426689,0.13685508097262278,0.15134032839401992
0.2171672369458643,0.12996356676946821,0.1378852146610674
0.10504658329560335,0.09584000380263548,0.07126176919502594
0.06653239422548751,0.08411833332477583,0.04837617326204413
0.21594553337281047,0.12959174518758626,0.13715926365449463
0.19576390831506113,0.12344953203585678,0.1251670984942272
0.1479201364573368,0.10888843282348128,0.09673775187985875
0.11871404728663722,0.09999965283170537,0.07938314123684521
0.16452076923405665,0.11394078240764172,0.10660204821148286
0.2534561853217556,0.1410079923466463,0.1594485457194354
0.0976550988377459,0.09359042910694358,0.0668696599300617
0.17687431192523015,0.11770054368410221,0.11394267236058135
0.10798705359756626,0.09673492655089319,0.07300903213391702
0.054840559961057876,0.08055996089533438,0.041428744245584626
0.22655935961735596,0.13282202931797055,0.14346612729618577
0.0880712842917147,0.0906736257484468,0.06117484166976278
0.03674761283037282,0.07505343020211032,0.030677696715651157
0.12384433692738311,0.10156104010420697,0.08243162125348347
0.22602968204216625,0.1326608236390822,0.1431513864888829
0.11105331385754515,0.09766813307125878,0.07483104098388867
0.06509111894882327,0.08367968579593406,0.04751975009940429
0.13345630715529028,0.10448641255458914,0.08814316995973466
0.17748724921273418,0.11788708919060727,0.11430688709371627
0.08878454918686417,0.09089070564201916,0.06159867227810959
0.09120342495490273,0.09162688275919044,0.06303599745036297
0.14979484125298811,0.1094589932426007,0.09785172409328866
0.0722788675633572,0.08586725413818533,0.05179079706759076
0.10917527138038975,0.09709655683943012,0.07371508547982997
0.15375731123351302,0.11066495833005369,0.100206271574628
0.12835817245197292,0.10293481153463149,0.0851137967949607
0.08077176302366205,0.08845203975595786,0.056837378041988317
0.13452576595326332,0.10481189892525261,0.08877865528367129
0.08958569200183367,0.09113453089991778,0.06207472100692025
0.19645231847624645,0.12365904747050178,0.12557616011970657
0.10300294312296435,0.09521802844089591,0.07004741354188514
0.14156003393910374,0.1069527559281841,0.09295850221009051
0.14837186724365092,0.10902591564603907,0.09700617576455348
0.20261199665008214,0.1255337258564836,0.12923631522532184
0.20236283747015535,0.12545789505557253,0.12908826183376737
0.1392037139212071,0.10623561745384456,0.09155834841949127
0.083469441602109,0.08927306961833305,0.0584403712087664
0.08823437841850915,0.09072326292522019,0.0612717541681166
0.1620698770317131,0.11319486119090948,0.10514569848759255
0.048803789127986094,0.07872268896610321,0.037841622165091876
0.12309558388249003,0.10133315950556444,0.0819867031582895
0.16206341917563796,0.11319289576303136,0.10514186115157946
0.09096759229406685,0.0915551078418165,0.06289586283727647
0.13492672559523156,0.10493392971212762,0.08901691034169189
0.32101332584706455,0.16156879237342334,0.19959181389613775
0.023276185931887013,0.07095344443626295,0.02267281227999095
0.1194665842580759,0.10022868505631088,0.07983030778685682
0.13183659244977783,0.10399345755528755,0.08718071593507426
0.06881894795727814,0.08481423865268434,0.04973487108350285
0.11248789446875031,0.0981047431000423,0.07568348609552175
0.11794340436356346,0.09976511011852689,0.07892521591187028
0.21286635419091166,0.12865460683458096,0.13532957822521294
0.10337998980633478,0.09533278139516944,0.07027145923132659
0.11688046604055548,0.09944160823360067,0.07829360513284647
0.12107253870864239,0.10071745216595242,0.08078458530197018
0.12308383419572783,0.10132958352591183,0.08197972135262079
0.22358745962033616,0.13191754104236916,0.1417001884532
0.20022611508695728,0.12480759042023623,0.12781859560780054
0.17438130961555856,0.11694180639065142,0.11246130030273344
0.13915357805428183,0.10622035876281637,0.09152855708232693
0.07593343082946623,0.08697950880017073,0.05396238266341951
0.11348870216035838,0.09840933572566873,0.07627817810357801
0.14779806488214237,0.10885128072931315,0.09666521547672377
0.26957490014838464,0.1459136717413333,0.16902648058935127
0.13536056365111843,0.10506596693930643,0.08927470215003822
0.1731164830742756,0.11655686047106885,0.11170972510803277
0.16829295940131633,0.11508883644144051,0.10884352913149148
0.2207159749449596,0.13104361384931001,0.13999391760614197
0.11078658175474353,0.09758695400737653,0.07467254554949293
0.09140911942992068,0.09168948521593391,0.06315822358973053
0.24895821465451168,0.13963904933490268,0.15677579726764912
0.14178875771456254,0.10702236727899038,0.09309441263769656
0.1077702559694255,0.09666894488494611,0.07288020836697154
0.3004128511534295,0.15529910367228866,0.18735076322756863
0.18606260253036613,0.12049697059399118,0.11940246552203511
0.12581579302944346,0.1021610464745304,0.08360308426077206
0.11930287354952263,0.10017886022484765,0.0797330289081808
0.21997686776857794,0.13081866893995223,0.13955473120242337
0.13143304038245843,0.1038706377720338,0.08694092042662456
0.22918077756038982,0.13361984949943803,0.14502380547309177
0.12336923410059884,0.1014164440757529,0.08214930942028839
0.1562738504341156,0.11143085900111241,0.10170162953710901
0.16729916082456925,0.11478637701754381,0.10825300202407157
0.14386009654738038,0.10765277263952089,0.0943252271689818
0.023873957757127064,0.0711353743827473,0.023028015512432515
0.16408520950793115,0.11380822119562246,0.10634323336590372
0.07042362837481923,0.08530261801444226,0.05068839155281739
0.10869918928863233,0.09695166277480796,0.07343219175557024
0.2874642192956596,0.1513582289079367,0.17965652991416883
0.0989625043309707,0.09398833379460615,0.06764653605184712
0.20427575212200477,0.1260400845224317,0.13022493880486505
0.09598048047138087,0.09308076435375454,0.06587458148754764
0.08705129713081318,0.09036319591257605,0.060568752989595326
0.05397853896722139,0.0802976075580656,0.04091652096821616
0.15679934215361777,0.11159079072818665,0.10201388305844777
0.1741776525425806,0.11687982401071388,0.11234028481224571
0.052403745254116806,0.0798183241193825,0.03998075953934904
0.12676110421240241,0.10244874891493527,0.08416479957365955
0.08386224817972747,0.0893926190461036,0.05867378161755934
0.15385637681106543,0.1106951086222916,0.1002651375363286
0.1202548767811495,0.10046859936889843,0.08029872071714625
0.20977454444878457,0.12771362441089626,0.13349238756461865
0.06861923415037978,0.08475345639318829,0.049616198729306345
0.15458044678157937,0.11091547700605336,0.10069538865085206
0.054714621026125676,0.08052163178257761,0.04135390981062257
0.14095684850296455,0.10676917836650701,0.09260008214472172
0.13767752557821483,0.105771126904371,0.09065146888811239
0.1391743933938285,0.10622669384494948,0.09154092580828428
0.22808457721084358,0.13328622442293175,0.14437242999649433
0.08771943049026333,0.09056654016735129,0.06096576589478432
0.04966609514427837,0.07898512904904666,0.038354014806243356
0.06558680640121514,0.08383054668947065,0.047814293565549885
0.2650070948137653,0.1445234747715374,0.166312235535449
0.2792473388355742,0.148857447574238,0.17477396038383866
0.16987558583020612,0.11557050374216497,0.10978394485460323
0.1324483625121716,0.1041796478205568,0.0875442370889623
0.07037462399991054,0.08528770368939692,0.05065927256186415
0.17550296541541466,0.11728317875218713,0.11312780171510045
0.1320346022969474,0.10405372122008043,0.08729837577583617
0.13631796036568616,0.10535734757267036,0.0898435988316553
0.1532256487733015,0.11050314855774612,0.09989035132469125
0.1745738495211737,0.1170004052961963,0.11257570983821313
0.09953653774374252,0.0941630390310464,0.06798763363312581
0.15483426190793675,0.1109927248293955,0.10084620866196327
0.17938661664851227,0.1184651556055079,0.11543551414553717
0.16778943352716,0.11493558994926609,0.10854432798054012
0.13462407265443502,0.1048418182558869,0.08883707031186845
0.08115156728095098,0.08856763196904911,0.05706306231513018
0.03656216759732022,0.07499699053750838,0.030567502920226544
0.10655130811518218,0.0962979619972856,0.0721558948417718
0.21321680819582967,0.1287612663920705,0.1355378222241984
0.043815319980606435,0.07720446430796234,0.03487741359709529
0.18044479809049066,0.11878720974888032,0.11606429832844724
0.1335348006449215,0.10451030179754928,0.08818981173852924
0.13700384106464772,0.10556609317356352,0.09025115742015613
0.07384268823302075,0.08634319796613127,0.052720038181623095
0.06268137938439482,0.08294628925316211,0.04608785376959131
0.08354289161612309,0.0892954238955919,0.05848401609348502
0.1313878472400787,0.10385688338344023,0.08691406611603374
0.19241300895368563,0.12242969651375858,0.12317595365519345
0.23091252969301976,0.13414690273197677,0.1460528334890081
0.13728015347326814,0.1056501879729346,0.09041534558788408
0.3303680433107476,0.1644158707663543,0.20515049990537226
0.2196641504211587,0.13072349441368908,0.13936891078072794
0.12725828355285457,0.10260006385983958,0.08446022953769444
0.12861059233527936,0.10301163472020591,0.08526378773581333
0.06334366687148897,0.08314785433535019,0.04648139298687844
0.1053504811333875,0.09593249413929977,0.07144234895766285
0.16231798944396608,0.11327037341142152,0.10529312987716268
0.1811568297621877,0.11900391431483227,0.1164873961405363
0.11240991318600384,0.098081009745612,0.0756371486762393
0.19281690591117062,0.12255262126323282,0.12341595410154162
0.2167047326413935,0.12982280506105667,0.13761038902186926
0.29644263123690123,0.1540907799165566,0.18499161064073036
0.08642960466237565,0.09017398579470677,0.06019933582229268
0.3680354592826654,0.1758798285553001,0.22753293304458475
0.17820681027943952,0.11810608530389068,0.11473445896318338
0.05407454717492204,0.08032682734955043,0.04097357020385466
0.11877911861016473,0.10001945708126528,0.07942180740256309
0.2116343454859237,0.12827964891869614,0.13459750378488272
0.1469678154655274,0.10859859697013337,0.09617187125395808
0.10296953519848102,0.0952078608457422,0.07002756214999187
0.07387724379754,0.08635371484186578,0.052740571515075475
0.06395059884727002,0.08333257214440576,0.0468420392913156
0.18602010784156417,0.12048403747112839,0.11937721466512496
0.3227460073109801,0.16209612844497198,0.20062139413191937
0.13965009500280634,0.1063714721108523,0.0918235934450846
0.14737884021217323,0.10872369103948178,0.09641610711864351
0.1745421921330178,0.11699077047118471,0.11255689863613108
0.12132444869700063,0.1007941201666273,0.08093427325709121
0.23146613559738471,0.13431539092145298,0.14638179279827318
0.1019766929439707,0.09490569247546489,0.0694376033007858
0.048797862699472026,0.0787208852765067,0.0378381006097489
0.26534051398145647,0.14462494983070492,0.16651035722857885
0.025154147463752306,0.07152499603265121,0.023788719685381512
0.0605624814692144,0.08230140943775827,0.04482877905762541
0.1331528164718501,0.10439404613404962,0.08796283213312234
0.23265503817356176,0.1346772296246607,0.14708825305666076
0.05976633871083803,0.08205910593112,0.044355701422782924
0.12024807822686663,0.10046653025060853,0.08029468093414674
0.17547989214331217,0.11727615647548946,0.11311409129836984
0.21305337582107575,0.12871152627061044,0.13544070873482503
0.19992497473525495,0.12471593931565701,0.12763965437667077
0.1410605918336651,0.10680075231798052,0.09266172768379387
0.2808464806402853,0.14934414127686468,0.17572418974257015
0.10358601043627524,0.09539548311612239,0.07039387917588504
0.19164009088387335,0.12219446136693432,0.12271667641057012
0.15012216701704748,0.10955861379382743,0.09804622501244535
0.2708475426811253,0.14630099643296154,0.16978270014049912
0.19240421998899984,0.12242702162041717,0.12317073114631232
0.020749281218944524,0.07018438905461807,0.02117129500498704
0.309368244854027,0.15802464915285955,0.19267216623775602
0.22812786396420778,0.13329939860811496,0.1443981515077257
0.12227006271460399,0.10108191477378928,0.0814961685179789
0.2298310185574158,0.13381774827083515,0.145410186520604
0.12076289055149347,0.10062321173794897,0.08060058863017204
0.19500706970379847,0.12321919062090475,0.12471737585792027
0.3641574677373364,0.17469957420988164,0.2252285836689209
0.22215200836228513,0.13148066603499795,0.14084722599270424
0.03929337640723781,0.07582822521877883,0.03219042015518605
0.13271146758514835,0.10425972300949235,0.08770057729846546
0.3571803547634877,0.17257611215236907,0.22108269894037125
0.0636835309598282,0.08325129088554008,0.04668334432963437
0.106005273662486,0.09613177815495136,0.0718314345804602
0.14849201907489157,0.10906248347226394,0.09707757143266382
0.16237445481531235,0.11328755846691163,0.10532668228223822
0.12164734401513139,0.10089239232578082,0.08112614155181082
0.15235919092533207,0.11023944487808757,0.09937549161505323
0.300635448822383,0.1553668505621391,0.18748303344875944
0.03085981287385366,0.07326149708353333,0.027179094927779708
0.027408516351562284,0.07221110600605199,0.025128292884141555
0.05373409174862536,0.08022321082754119,0.040771267480948205
0.3070420273561901,0.15731667228439086,0.19128989972785213
0.21005789286730026,0.12779986059741466,0.13366075661433685
0.11505695659157107,0.09888662895478618,0.07721005381222912
0.07147229275613311,0.08562177567078694,0.05131152058342918
0.14536046580926923,0.10810940523409401,0.0952167646907854
0.19547023228994642,0.12336015267524306,0.12499259265603478
0.12255906278502021,0.10116987102251947,0.08166789584746022
0.13934208233243975,0.10627772943802935,0.09164056859926961
0.18810253856875672,0.1211178186142984,0.120614620133904
0.18475619622653786,0.12009937000643113,0.11862618313064721
0.13826730420084554,0.10595062414516132,0.09100192246310161
0.143260731386197,0.10747035776632916,0.09396907715709453
0.0990525117547078,0.09401572726665085,0.06770001954923734
0.028832812150686078,0.07264458588511509,0.025974626636319057
0.12560230655340915,0.1020960725471554,0.08347622802036718
0.028164320791221106,0.07244113267417822,0.025577401003201182
0.1587754003204283,0.11219219772222375,0.10318808066814866
0.18448890700608492,0.12001802138557018,0.1184673566502197
0.04890988348901883,0.07875497844615233,0.03790466471475956
0.12863453379453407,0.1030189212268913,0.085278014039827
0.047081545671634376,0.07819852966883103,0.03681824431937033
0.05098021905245711,0.07938507846485028,0.03913488309127182
0.0937405882334536,0.09239906030252537,0.06454361048885156
0.22505105937523956,0.13236298295488677,0.1425698770902201
0.14653546497878925,0.1084670124798757,0.09591496337715187
0.10416193123641322,0.09557076277288123,0.07073609826551362
0.1205549438401527,0.10055992382027132,0.08047702418480165
0.0655723337718402,0.08382614199092767,0.04780569375452023
0.20702764267666643,0.1268776136266836,0.13186014538213767
0.14371395397585657,0.10760829461447216,0.09423838748934019
0.14807589321762135,0.1089358368961837,0.09683030442648528
0.12863777942833024,0.10301990902517476,0.08527994263459696
0.119818881671969,0.10033590564943676,0.08003964716170157
0.16120557487104176,0.1129318135877978,0.10463211971336141
0.2895989085028299,0.15200791475264044,0.1809249880024038
0.016805978089567943,0.06898425733711745,0.01882813669790475
0.03391313624495029,0.07419076630307167,0.028993416522255865
0.20802304869590793,0.12718056227057126,0.13245162765128654
0.11804015292267606,0.09979455523360035,0.07898270507325243
0.09362486214749442,0.09236383943774659,0.06447484465199736
0.1439068509179396,0.10766700218292632,0.09435300918019765
0.09139464380904247,0.09168507960693659,0.0631496220011134
0.19394825446323083,0.12289694358295547,0.12408821506423973
0.2594458396486932,0.14283092451766619,0.16300767060338345
0.01799634090211417,0.06934654045860186,0.019535464646365144
0.1728448174706688,0.11647417991196775,0.1115482981279213
0.17930193964221167,0.11843938442899167,0.115385198046515
0.031777256568674785,0.07354071814289685,0.027724251042912172
0.10408115134117295,0.09554617766967373,0.07068809787691357
0.08477495651989869,0.0896703989153982,0.05921612392781302
0.14044263630438,0.10661267952561146,0.09229453105083278
0.15241111449754288,0.11025524765151165,0.09940634522827226
0.03435898166740139,0.07432645793392828,0.02925834325271911
0.1400266718843089,0.10648608208242726,0.09204735997258646
0.14218753405035997,0.10714373358360278,0.09333137034884247
0.16254978976056852,0.11334092109770223,0.1054308684226436
0.05011259937879062,0.07912102118725035,0.03861933301078369
0.19711522542870225,0.12386080108499503,0.1259700674307876
0.03569301196926186,0.07473246579709307,0.030051040157102787
0.20266518447166323,0.12554991340016733,0.1292679200707733
0.07755623439796924,0.08747340388506146,0.05492667212774531
0.08262799756011402,0.08901697881066047,0.057940375004503684
0.20447678757581467,0.12610126902094557,0.13034439649760587
0.07637946707267926,0.08711525850671674,0.05422742278188215
0.1092412648106752,0.09711664172923794,0.07375429957251142
0.10592188206521998,0.09610639818857056,0.07178188228699883
0.10582269983194813,0.09607621239253689,0.07172294700706164
0.22668014660734975,0.1328587904527343,0.1435379003832924
0.04111619534057885,0.07638299434136173,0.03327356116307492
0.1929221813289015,0.12258466150050265,0.12347851002521638
0.0814506976930426,0.08865867135492464,0.057240809215887374
0.2380769585831082,0.13632737379054694,0.15031002359550738
0.29048265044932503,0.1522768787925017,0.18145011813196973
0.08894025304083945,0.0909380936128553,0.06169119338716885
0.16744771131257496,0.11483158788428584,0.10834127251674498
0.16077907060046723,0.11280200837476392,0.10437868572875159
0.2435915022230643,0.13800570754088656,0.1535868319756365
0.15441837621675192,0.1108661513470967,0.10059908436537138
0.12691144239839997,0.10249450386185355,0.0842541323380539
0.19523083269551703,0.12328729217301802,0.1248503385279611
0.20739061284217036,0.12698808243768697,0.13207582663478795
0.11103288477461974,0.09766191554509511,0.07481890177627715
0.21555171673822812,0.12947188835220352,0.13692525305766418
0.1592593520393806,0.11233948688275686,0.10347565061985786
0.23287293988825172,0.13474354731582378,0.14721773288515785
0.18432533809272603,0.11996823970902168,0.1183701620279594
0.08873428766281606,0.09087540870764681,0.06156880627396633
0.11641121428003505,0.09929879295848329,0.07801477007383617
0.11147743406155132,0.09779721270124447,0.075083058327373
0.14451576246301046,0.10785232246757485,0.0947148317685962
0.08236133163281731,0.08893581988708155,0.057781918892391454
0.053385808946905165,0.08011721206881262,0.04056431363710474
0.16650346419535506,0.11454420928889149,0.10778018948456097
0.05200037907316291,0.0796955609100508,0.03974107448682111
0.12089082571715713,0.1006621483971555,0.08067660924952536
0.21022426912351178,0.12785049667979706,0.13375961939359898
0.29291871155287735,0.15301828621166835,0.1828976550379774
0.06191578015259569,0.08271328157132006,0.045632925466838836
0.17492866711160765,0.11710839289700613,0.11278654673237179
0.17130006652828714,0.1160040398946354,0.11063038847597258
0.14821532607534071,0.10897827284125844,0.09691315711321173
0.11584208988035884,0.09912558176450548,0.0776765894873805
0.19608541002544355,0.12354738005494174,0.1253581386904046
0.15040693958104429,0.10964528341447644,0.09821544030659503
0.1298940528438124,0.1034022518282277,0.08602643545872804
0.23027780412190318,0.13395372603091876,0.1456756718948107
0.23234793392046296,0.1345837634257328,0.14690576800334926
0.1115584378043811,0.09782186593175109,0.07513119172891194
0.08881253895435584,0.09089922423839142,0.06161530413573239
0.2646387050569289,0.14441135652521528,0.16609333389622546
0.09817921707486428,0.09374994281903958,0.0671810973115931
0.28082347609640873,0.14933713991738332,0.17571052016498095
0.14783742629354862,0.10886326024920408,0.09668860450239328
0.19198425706690758,0.1222992072459091,0.12292118410991136
0.11277778863509345,0.09819297146401329,0.07585574470759272
0.08154767065337437,0.08868818476579268,0.05729843171918183
0.14977409706252584,0.10945267981446426,0.09783939764497608
0.20630659913402036,0.1266581663265809,0.13143169260757626
0.12331420797040031,0.10139969704871085,0.08211661222967144
0.13373968205090395,0.10457265679932781,0.08831155474246383
0.16318865272740993,0.11353535700193974,0.1058104885073107
0.13698419475072615,0.10556011388064691,0.09023948334333293
0.14099762656330117,0.10678158903897662,0.09262431296028158
0.04787274359638599,0.0784393282311433,0.03728838367439904
0.20742218775261106,0.1269976921608691,0.13209458882761654
0.10418205838438094,0.09557688840610461,0.07074805805972952
0.2647537852096223,0.14444638080226724,0.166161715911738
0.10623599674173674,0.09620199798748344,0.0719685330185069
0.08327861412782454,0.08921499188579639,0.058326979220649035
0.0480052760637716,0.07847966406445077,0.0373671360659155
0.21904116838966,0.13053389182141964,0.13899872733949198
0.12900442347901292,0.10313149597140242,0.08549780695415665
0.25703531181065425,0.14209728806633753,0.16157530587187793
0.07050379160106734,0.08532701543641102,0.05073602550926036
0.15445747490875875,0.11087805090917721,0.10062231728000313
0.1472813028094935,0.10869400584238717,0.09635814921689413
0.09876847626451665,0.09392928197206134,0.0675312422332381
0.22641435776816607,0.13277789846812219,0.14337996544752135
0.06514648839781614,0.08369653731095508,0.04755265129419199
0.10882913080784172,0.09699121006131037,0.073509404574413
0.19330325711389626,0.1227006406989913,0.12370494985546568
0.2891495558742316,0.1518711557147908,0.18065797724772323
0.1749510194572434,0.11711519576203525,0.1127998287658956
0.08100084421603955,0.08852175988546224,0.05697350085104059
0.19877361202061336,0.12436552574945303,0.1269555007570365
0.14364202724029543,0.10758640394214715,0.09419564775506112
0.02970446771407238,0.07290987147286573,0.026492574891183757
0.08892859630906082,0.09093454592375531,0.0616842668164731
0.05144795209345088,0.07952743152252884,0.03941281570881198
0.05970193963578829,0.08203950627823768,0.04431743471522311
0.06667633668296141,0.08416214175213788,0.04846170560736636
0.11248745346245051,0.09810460888118289,0.0756832240442565
0.019554838549277774,0.06982086424164494,0.02046154275618998
0.23930356624097696,0.13670068791498488,0.15103888866845966
0.173181130311218,0.11657653565123076,0.11174813927638422
0.198030676427405,0.12413941567365701,0.12651403946183853
0.17591012273360568,0.1174070957820327,0.11336973950712592
0.20458297725464247,0.12613358751066125,0.1304074956862578
0.13310660323721152,0.10437998128363397,0.08793537167140089
0.15273082509367275,0.11035255055069244,0.09959632112274587
0.10602031451940609,0.09613635579173337,0.07184037203915455
0.1336148917178689,0.10453467725989118,0.08823740282061025
0.2642993512060796,0.14430807526417677,0.16589168574274382
0.14815669660365136,0.10896042914873823,0.09687831877359616
0.038203577211860684,0.07549654831310657,0.0315428483216447
0.06261646802002899,0.08292653368666225,0.04604928265353762
0.2637914296291597,0.14415349095390043,0.16558987261216312
0.23123589077028403,0.1342453166434359,0.1462449785434255
0.09904477387632142,0.09401337226806887,0.06769542160851978
0.08076864944940462,0.08845109214957338,0.05683552791858985
0.054124229846942325,0.08034194811215604,0.041003092247137295
0.14192020268669717,0.10706237213659042,0.0931725188264111
0.09376529082233377,0.0924065784565823,0.0645582890652739
0.07268129491553162,0.08598973161797524,0.05202992425672807
0.04745610745816914,0.07831252635268592,0.037040813453124134
0.11350178551800796,0.09841331760379757,0.07628595239258275
0.12041717072392276,0.10051799301221986,0.08039515773649812
0.09735858835852312,0.09350018708927169,0.06669346982503233
0.02698800335020249,0.07208312421667507,0.02487841898400123
0.1541024296412569,0.1107699940155786,0.10041134509738302
0.14593221356299488,0.1082834148375009,0.0955565041058757
0.15047200625917626,0.10966508625022504,0.09825410371196282
0.15117276024925494,0.10987835848978332,0.09867050018953548
0.048796174833447295,0.0787203715798709,0.03783709765938809
0.09664665937615471,0.09328351377648922,0.06627043303218166
0.19963364639385953,0.12462727446508788,0.12746654356047607
0.09785318508131531,0.09365071602273693,0.0669873651664867
0.15220407610333495,0.11019223617725346,0.09928332051590376
0.10733873530235563,0.09653761294765495,0.07262379357902662
0.12905646593753,0.10314733492749413,0.08552873121105348
0.15095077400088702,0.10981079768383585,0.0985385932818352
0.034699066751281496,0.07442996174340524,0.02946042591369226
0.12222666148049349,0.10106870574675636,0.0814703789809063
0.2410011343733294,0.13721733735617989,0.15204760413888027
0.19519871051771492,0.12327751589076166,0.1248312511422621
0.08000891894250119,0.0882198705954161,0.05638408688299397
0.058835798131393384,0.08177589887673617,0.04380276298075449
0.28552271932153683,0.15076733958950886,0.17850286719960975
0.18196731011401746,0.1192505814222621,0.11696899334643404
0.2339426116133781,0.1350690984901871,0.14785334473297873
0.1695139293972698,0.11546043476147441,0.10956904423769874
0.13803905231215716,0.10588115641158695,0.09086629243630955
0.0639169739233861,0.08332233850617718,0.04682205895575986
0.19244522984139373,0.12243950283805975,0.12319509969551
0.06678701175352122,0.0841958253565064,0.0485274700699149
0.08686682343612193,0.09030705193257231,0.0604591364939895
0.19090609564051367,0.12197107225807073,0.12228052757914391
0.09481429104893614,0.09272583832636805,0.0651816176592091
0.03522297491503603,0.07458941152034367,0.029771738467095615
0.21637460768950986,0.12972233258595284,0.13741422479152698
0.09739234968466277,0.0935104622410915,0.06671353121245455
0.08345489649904281,0.08926864286265355,0.05843172833299478
0.0906782625970259,0.09146705127227528,0.06272393963967683
0.2454842410105742,0.1385817565478505,0.15471152020466222
0.1305704799088536,0.10360812024582003,0.08642837658386716
0.08510535522112521,0.08977095470524082,0.059412450823318405
0.09069844110374892,0.09147319253637184,0.0627359299518849
0.1264011025343131,0.1023391835535989,0.08395088223205471
0.07721039432788646,0.08736814856390779,0.054721169784519394
0.14660900382103995,0.10848939379172458,0.09595866104468083
0.055677447923586004,0.08081466507476774,0.04192603317244561
0.06807129224352,0.08458669202326913,0.049290605035711775
0.21442098351570982,0.12912775330606266,0.13625335773120537
0.08324512155651216,0.08920479852865043,0.058307077530588336
0.12734655821363441,0.10262692997101015,0.08451268340642448
0.05772478737288722,0.08143776629954848,0.04314258698042172
0.06941902082261935,0.08499686891337682,0.0500914416217412
0.1029038193476529,0.09518786043635609,0.06998851299837387
0.17079808878591327,0.11585126457142625,0.11033210724360891
0.22810690883694654,0.1332930209820372,0.14438569971822182
0.14826292489590764,0.10899275939032746,0.09694144090681298
0.041228374917347536,0.07641713583739144,0.03334021962136903
0.12160065878282825,0.10087818382438311,0.08109840062338101
0.053278777384224665,0.08008463735443423,0.040500714190907894
0.15121893047114995,0.1098924102494076,0.0986979350925658
0.24024202167219424,0.13698630382923585,0.1515965302109274
0.15575606369484551,0.11127327226017175,0.10139395440800736
0.12831113332894586,0.10292049532772178,0.08508584558039205
0.13112659439831084,0.10377737191515955,0.08675882652466768
0.1333324811824286,0.10444872651509222,0.08806959107233386
0.08491882668390302,0.08971418534047358,0.059301613315482976
0.11062187470092773,0.09753682594141361,0.0745746746304381
0.21738711959390378,0.13003048735137193,0.13801587158406659
0.08884825180282016,0.09091009332979971,0.06163652514127103
0.0872192511063903,0.09041431216881009,0.060668553268744534
0.1353362777323299,0.1050585755974617,0.08926027116401276
0.1895602054773159,0.12156145488397316,0.12148078340202939
0.2843069285800913,0.15039731755904873,0.17778042966893448
0.10780238545351457,0.09667872339084783,0.0728993000941545
0.12594028082152536,0.10219893393659382,0.08367705640914035
0.08267500546227427,0.0890312855155991,0.05796830766725664
0.1349817086715327,0.10495066363585337,0.0890495819491635
0.1258072183478522,0.1021584367975649,0.08359798908149164
0.08998833094066037,0.0912570727754299,0.06231397392339985
0.08973000128372412,0.09117845096911964,0.06216047132373748
0.07602072825100623,0.08700607749169867,0.05401425584479992
0.13777963812642702,0.10580220453240094,0.0907121453965498
0.1865673594396368,0.12065059174777222,0.11970239816890758
0.10858730580944975,0.09691761139513323,0.07336570924203513
0.17298593070265778,0.11651712727358624,0.1116321493133173
0.11860760977734083,0.09996725891557774,0.07931989478433815
0.2948966718072245,0.15362027209997428,0.18407298289104676
0.2609933806961225,0.1433019136945616,0.16392723816942228
0.04157242058476404,0.07652184503782289,0.0335446557088757
0.24357946619123497,0.13800204441302727,0.15357968002027328
0.2080677894430465,0.12719417897411758,0.13247821314316574
0.08837787116781881,0.09076693448533808,0.06135701929142058
0.16180185166957192,0.1131132885276761,0.10498643458288998
0.20711282912395837,0.12690353984993902,0.1319107641971449
0.032753690231520596,0.07383789261068915,0.028304459708933135
0.06605429185181333,0.08397282439380263,0.0480920790618887
0.19105566276899422,0.12201659253609541,0.12236940217185668
0.12415958197606829,0.10165698392827995,0.0826189436657754
0.0841170747238463,0.0894701746912124,0.058825202625310435
0.050740801492332975,0.07931221249482362,0.03899261828776565
0.06653842553580253,0.08412016893481389,0.048379757139418895
0.05503545477382504,0.0806192765093525,0.041544553095312825
0.1504253329843255,0.10965088138803976,0.0982263698887955
0.037133758081130216,0.07517095227631856,0.030907148883634945
0.0880572262480954,0.09066934722775497,0.061166488210592264
0.18841572004704576,0.12121313439731,0.12080071634776347
0.07211091393673676,0.08581613798815485,0.051690996995795865
0.19854244665001797,0.12429517130696215,0.12681813950413529
0.03913532075230789,0.07578012148483074,0.03209650157761799
0.14894023948510163,0.10919889792306213,0.09734390940951455
0.23448285985764988,0.13523352131846128,0.1481743667594167
0.13937892971233742,0.10628894382045721,0.09166246375707734
0.17802906548693398,0.11805198924378375,0.11462884086246039
0.03248673816638591,0.07375664660197295,0.028145833570264317
0.0435763306932601,0.07713172868138819,0.0347354032784421
0.10296443907197012,0.09520630985590921,0.07002453397011928
0.10783808904107137,0.09668958966372845,0.0729205155967502
0.18770958754510386,0.12099822522483863,0.12038112389353414
0.10598971557387588,0.09612704310035566,0.07182218977645388
0.026527496432650514,0.07194297040659507,0.0246047802162151
0.15408072854148078,0.11076338935514757,0.100398450042008
0.12508696876272632,0.10193923113589855,0.08317000808607011
0.08770184067973286,0.09056118676467585,0.06095531381709404
0.16439480635810905,0.11390244600851303,0.10652719955048039
0.21679709074300407,0.12985091395440687,0.13766526932042014
0.2188205536608708,0.130466748433077,0.13886763540527666
0.10399429517137586,0.09551974327170484,0.07063648689264374
0.2995089789627759,0.15502401305688837,0.1868136714639928
0.14601403742731098,0.10830831766936365,0.09560512483349905
0.22444375132311456,0.13217815068819658,0.1422090073166809
0.11998708905065636,0.10038709902809836,0.08013959801603672
0.12347332661138105,0.10144812429906956,0.08221116244637892
0.10464865985249824,0.0957188970731909,0.07102531828301047
0.14876368764001657,0.10914516493269379,0.0972390001725452
0.12901597367537265,0.10313501123678774,0.08550467022022078
0.14173093509473328,0.10700476914925773,0.09306005373919324
0.23686394976718947,0.1359581984302386,0.14958923911855226
0.058863268690181866,0.08178425945359728,0.04381908631830011
0.1630591163916148,0.11349593303171568,0.10573351645334275
0.12817660461222433,0.10287955194230211,0.08500590699342953
0.2273169561322157,0.13305260139846262,0.14391630028795646
0.2084459052502671,0.1273092573128212,0.13270289411890107
0.013286880120735877,0.06791323110585334,0.016737046216507248
0.032490957073631435,0.07375793061292323,0.02814834049586323
0.10459281547426014,0.0957019010149705,0.07099213487953394
0.18411514423393047,0.11990426787919074,0.11824526230045303
0.1235268084985792,0.10146440134068485,0.08224294202916906
0.09099258868697115,0.09156271541418992,0.06291071599559547
0.17904492637472663,0.11836116326160806,0.11523247766135067
0.15156280891020316,0.10999706855442046,0.09890227181096076
0.1268154752509645,0.10246529656692913,0.08419710750092053
0.09290832961615335,0.09214576504953205,0.06404907237479172
0.09370612076879421,0.09238857023970184,0.06452312950539907
0.13464608201133452,0.10484851673338931,0.0888501485373462
0.21544742375734058,0.12944014711645024,0.13686328090981736
0.16524669735237082,0.11416171631275385,0.10703340345985334
0.038369630765302865,0.07554708618193147,0.031641519347026865
0.2201092053491743,0.13085894546008786,0.13963336778985783
0.16008979223963687,0.1125922287063287,0.10396910820856554
0.13208692160393315,0.10406964443411969,0.08732946453943441
0.14234160995150377,0.10719062609219225,0.09342292410868316
0.09134217049824132,0.09166910952232778,0.06311844172659001
0.093214853165565,0.09223905451314679,0.0642312123669649
0.1154436059991458,0.09900430446751221,0.07743980555627805
0.14172877391984526,0.10700411140258055,0.09305876954299379
0.2652108387597953,0.14458548359101095,0.1664333026469528
0.3187538307959418,0.16088112226858503,0.19824919466927493
0.027049866568411816,0.07210195208962406,0.02491517885482385
0.05906787437241088,0.08184653053973161,0.04394066548385269
0.18204088355517467,0.11927297326417756,0.11701271157305086
0.1293768993860214,0.10324485782448338,0.08571913663312385
0.041115809230054874,0.07638287682985655,0.033273331731541934
0.24106957315380176,0.13723816648050968,0.1520882712881529
0.07481319066301556,0.08663856728214227,0.053296722437506154
0.1642239531841755,0.11385044739051547,0.10642567653268072
0.0987616798044795,0.09392721349114844,0.06752720369466464
0.2876288901936833,0.1514083459699998,0.17975437934901584
0.07684022480276996,0.08725548865079201,0.05450121058550585
0.1621875650891398,0.11323067917544045,0.10521563015156969
0.12128657316344353,0.10078259286891572,0.08091176715797124
0.16315787356109226,0.11352598946094067,0.105792199155243
0.10925506515196248,0.09712084181904773,0.07376249990184616
0.15712337138565796,0.11168940799041825,0.10220642513849637
0.13916808853790935,0.10622477498218029,0.09153717938681036
0.10019300634623315,0.09436283315428358,0.06837771519895973
0.29002579078746116,0.1521378350130455,0.18117864660752822
0.15522487083426867,0.11111160540901358,0.10107831319984087
0.061849775442520474,0.08269319324854431,0.045593704671570257
0.13745470061748813,0.105703310838995,0.09051906360740695
0.1809138726308773,0.1189299710876159,0.11634302808111553
0.15527371174515356,0.11112646998430543,0.10110733505849863
0.08129689050219706,0.08861186062745653,0.05714941512694873
0.2575419870898688,0.14225149306988616,0.16187637843732197
0.1986865434887717,0.12433902671977373,0.12690376358467717
0.2000171617652969,0.12474399614392159,0.12769443302243055
0.2547189650652731,0.14139231532986393,0.16019890468220305
0.15209662855509842,0.11015953485899935,0.09921947388606941
0.13598420847600295,0.105255771250627,0.08964527943110268
0.14807466182583826,0.108935462126026,0.09682957271862756
0.08474341256394356,0.08966079861311495,0.059197380128513326
0.10663717888582512,0.09632409649216803,0.07220692028997253
0.21087570162018165,0.12804875808030697,0.13414670844457868
0.10116795137459078,0.09465955456092236,0.06895703930040298
0.14330746989069112,0.1074845824809483,0.09399684974050304
0.06210673697725244,0.08277139867122983,0.04574639431650828
0.07807509837520833,0.08763131847993878,0.05523498736464807
0.11403246200686583,0.09857482729887163,0.07660128676644236
0.285945124021355,0.15089589711127202,0.17875386516980302
0.033693671581541566,0.07412397293345614,0.028863007970768764
0.09422920777410909,0.09254777009969092,0.06483395411654783
0.1987508452715332,0.12435859676205845,0.12694197247998498
0.12256116264035795,0.10117051010678717,0.08166914360684284
0.07704797909939676,0.08731871800766598,0.054624660695731096
0.3072100139276056,0.15736779846106402,0.19138971937584168
0.2222142717349727,0.1314996156936849,0.14088422364014647
0.1741750625804368,0.11687903576400441,0.11233874582548413
0.12213086376623833,0.10103955001827951,0.08141345482301317
0.208579387823008,0.1273498823076603,0.1327822110744851
0.16830770883634222,0.11509332538489951,0.10885229342377939
0.10862511818518135,0.09692911947096232,0.07338817781201293
0.2473700279086767,0.13915568976946874,0.1558320775371072
0.09121870420551524,0.09163153295033184,0.06304507656546639
0.11705416337331742,0.09949447246225707,0.07839681818414537
0.1370651419009523,0.10558474988737551,0.09028758311686397
0.16218676488030861,0.1132304356344376,0.10521515465782509
0.1417452310381009,0.10700912007397836,0.09306854856126495
0.04424393197534271,0.07733491100011548,0.035132100016838134
0.09682957256452762,0.09333918282137699,0.06637912225610111
0.1540756791670699,0.11076185259416699,0.10039544964279747
0.12787624638058115,0.10278813887346594,0.08482743050747744
0.26586264023944006,0.14478385729031112,0.16682061095206902
0.08539876264365578,0.08986025231751556,0.0595867970546139
0.2800127315791504,0.14909039241204872,0.17522876598879714
0.16686090621162236,0.11465299562532455,0.10799258584422118
0.09541663997321506,0.09290916129833146,0.06553954065913567
0.21528872069528443,0.12939184634621043,0.13676897763512233
0.10609723260178623,0.0961597655645267,0.07188607769194874
0.24409169969269265,0.13815794104376963,0.1538840553484504
0.08233618877253045,0.08892816773782776,0.05776697870138606
0.1730843427882556,0.11654707867763413,0.11169062696221227
0.061716507085706834,0.08265263344963877,0.04551451500567491
0.10048314989650113,0.09445113741745591,0.06855012199796814
0.2503440713456739,0.14006083039418368,0.1575992900379945
0.21835063488951098,0.13032373015534016,0.1385884040003759
0.20216900122567108,0.1253989016134315,0.12897308199808757
0.11653373443439326,0.0993360815762876,0.0780875730281234
0.17181847685895277,0.11616181642362654,0.11093843415060702
0.16734439780332933,0.11480014474759966,0.10827988238276856
0.21368492586344234,0.12890373650963244,0.13581598339151726
0.17663612433063522,0.11762805205015738,0.11380113841743578
0.1819174283898971,0.11923540007878522,0.11693935302399157
0.12094783091493286,0.10067949774709607,0.08071048242597996
0.17772248107455046,0.11795868125671792,0.11444666470477513
0.1279179657430513,0.10280083602823492,0.0848522206561246
0.06576832687947637,0.08388579186748248,0.04792215522431361
0.019984018694836122,0.06995148384868671,0.02071656677800774
0.12885894425758276,0.10308721983483682,0.08541136144514604
0.1250179056352297,0.10191821199354502,0.08312896994226068
0.12524779015417575,0.10198817661292599,0.08326557009765471
0.27068864983347857,0.14625263790208304,0.1696882840929157
0.17316246833755097,0.11657085593912808,0.1117370501064193
0.1343166539685447,0.10474825636034288,0.08865439841879745
0.16396985914958379,0.11377311468234266,0.10627469079093076
0.19267995238601857,0.12251093989510924,0.12333457466414723
0.09757198933185632,0.09356513499417284,0.06682027525870032
0.18351982875341272,0.11972308551338016,0.11789151865768847
0.145748408082315,0.10822747422629832,0.09544728467109943
0.15679535340482326,0.11158957676522609,0.10201151289577809
0.2328932719531958,0.13474973531487475,0.14722981444351413
0.09122962391236622,0.09163485632824808,0.06305156518705578
0.16489747920233233,0.11405543288375096,0.10682589382075142
0.1286388178300037,0.1030202250594087,0.08528055966540259
0.2334981006054995,0.13493381298414547,0.14758921092775826
0.15098809044340858,0.10982215482397586,0.09856076716231474
0.1381097312257893,0.10590266731329184,0.09090829069973959
0.22844012000693095,0.13339443273776658,0.1445836978166042
0.09060038381853694,0.09144334911468846,0.06267766312966085
0.37491255422075775,0.1779728504429614,0.2316193858492747
0.14042973437154738,0.10660875286354606,0.09228686456664369
0.17209175938008017,0.11624498908641263,0.11110082192262208
0.11946203372236894,0.10022730011529717,0.07982760380362393
0.09813080934208526,0.09373521008012137,0.0671523328525934
0.14279831497925785,0.10732962280925072,0.09369430374767049
0.24738131441892067,0.1391591247828264,0.15583878411769905
0.12924296196964394,0.10320409439943556,0.08563954940396147
0.09406223513389021,0.09249695250973979,0.06473473695871149
0.33673459034895614,0.16635350903073054,0.2089335789866819
0.08275417963490225,0.0890553819222562,0.05801535391610252
0.06513659076881406,0.08369352499916898,0.047546770003594765
0.12670861319557852,0.10243277344155474,0.08413360877800365
0.0393066602694201,0.07583226811982206,0.03219831358640377
0.11635398496113819,0.099281375397995,0.0779807637219067
0.22946038847042263,0.1337049481871829,0.14518995365016513
0.18478573294439526,0.12010835941220808,0.11864373420484597
0.14206915243099807,0.10710770451571114,0.09326102656199345
0.13557108459937983,0.10513003831777198,0.08939979623805266
0.1260105026921275,0.10222030573871181,0.08371878309208647
0.1355205712464082,0.10511466474007097,0.08936978059412407
0.29675070533309217,0.15418454128413306,0.18517467198651147
0.1189175578268223,0.10006159061485513,0.07950406965577936
0.1961918848366414,0.12357978532378387,0.12542140730815182
0.25062015049161607,0.14014485420080347,0.15776333959822428
0.3414366294645311,0.16778455962318695,0.2117275873731552
0.11496519125446997,0.09885870046742203,0.0771555257415038
0.14206104133738146,0.10710523593026562,0.09325620685228204
0.2459174324096825,0.13871359696710328,0.15496892776174703
0.06327682774504166,0.08312751206061589,0.046441676371331946
0.032601842065350356,0.0737916781061265,0.0282142296960979
0.10405590481058825,0.09553849396869579,0.07067309608376623
0.15114144957742945,0.10986882918677972,0.09865189501048105
0.19631133196943426,0.12361613867728621,0.12549238423593984
0.08578051651284463,0.089976437888764,0.05981363981067455
0.181126837280294,0.11899478619872593,0.11646957424584699
0.17818891876098134,0.11810064007737092,0.11472382760700149
0.2258165536311033,0.13259595868763785,0.14302474301500498
0.12477421403355969,0.10184404523261978,0.08298416545168905
0.29781564693594237,0.15450865286088336,0.18580747313859272
0.25189124297758664,0.14053170714064617,0.15851863809287547
0.08347205048384305,0.08927386362315931,0.05844192143777657
0.19947050593630003,0.12457762318769393,0.12736960353182242
0.25856670006618454,0.14256336119259008,0.16248527525403925
0.11719238606135608,0.09953654009605312,0.07847895177344306
0.1593465772533558,0.11236603359814326,0.10352748089463198
0.09334623397700066,0.09227903984364297,0.06430928043061751
0.04866090011746535,0.07867920115195816,0.03775671579066218
0.14389573282823462,0.10766361842782159,0.09434640267712238
0.1482554978980236,0.10899049900723388,0.09693702769504181
0.10976943701600525,0.09727738925361579,0.07406814587087719
0.15072281009792873,0.10974141759779886,0.09840313437963913
0.13857154771963076,0.10604321968873438,0.09118270763356122
0.17066881018627872,0.11581191904237999,0.11025528833957778
0.11006737329673574,0.09736806520942425,0.074245183204369
0.15935661952487062,0.11236908993141648,0.10353344813355556
0.11558989957480284,0.0990488284501866,0.07752673496439781
0.10899997862946198,0.09704320705034868,0.07361092441180352
0.06723284825737297,0.0843315142730154,0.048792391500838764
0.11923833568268033,0.1001592183311266,0.07969467972886303
0.1957796677194169,0.123454328360257,0.12517646292247905
0.1699842479665893,0.11560357471644374,0.10984851320737177
0.10181368556674614,0.09485608170064612,0.06934074235007302
0.12154875436406525,0.10086238688024964,0.08106755839137167
0.2033555097966602,0.12576001170880374,0.12967811970970206
0.2587368804074323,0.14261515503610794,0.16258639846653755
0.1653850794739372,0.11420383246963495,0.10711563178647736
0.14050122968597425,0.10663051223422633,0.09232934794527828
0.11932973468179436,0.1001870353246942,0.0797489901171355
0.08774949898240927,0.0905756914169351,0.060983632955682696
0.19005449169310873,0.12171188931562434,0.12177449423647738
0.18031131533658729,0.11874658469890496,0.11598498126521377
0.10420536369129302,0.09558398130185553,0.0707619063543441
0.25883483813585423,0.14264496815799987,0.16264460613091514
0.11461835943151906,0.09875314330944927,0.07694943408675531
0.16208128149530893,0.11319833210299354,0.10515247515748953
0.16123542434148505,0.11294089817882574,0.10464985662892093
0.18843708733150139,0.12121963746211414,0.12081341304604662
0.33268229607994,0.16512020620786041,0.20652565682912574
0.05550697351556897,0.08076278173296732,0.0418247352219243
0.26803150870768483,0.14544394548399722,0.1681093787697082
0.12748976526738362,0.10267051458059635,0.08459777876597849
0.01856139522566489,0.06951851293790542,0.019871226744469412
0.17002942279079988,0.1156173235299609,0.10987535663308556
0.10843448178383507,0.09687109989086398,0.07327489936174127
0.05739439920548335,0.08133721371564141,0.042946266344240674
0.20775988919387528,0.12710047051632642,0.1322952550993817
0.10521456733730739,0.09589112920939961,0.07136158733983039
0.14834878420890427,0.10901889039811193,0.09699245954674203
0.10301731412456328,0.09522240220934987,0.07005595296446389
0.05019115770793404,0.07914493016390906,0.03866601331799912
0.17858868239906092,0.11822230686428065,0.11496137198507805
0.2609911583954797,0.14330123734445602,0.1639259176515619
0.13673515876507242,0.1054843205735194,0.09009150315530248
0.11844507968547593,0.09991779340103424,0.07922331744234601
0.15156483637275422,0.10999768560617483,0.09890347655367611
0.13772005962162467,0.10578407200468277,0.09067674313000558
0.23812395178115126,0.1363416760203345,0.15033794752089655
0.2257696313868236,0.13258167805240179,0.14299686125119856
0.12801509918886542,0.10283039828234701,0.08490993852182951
0.2159370998222116,0.12958917846338747,0.1371542523369529
0.09621341435540788,0.09315165703766165,0.0660129936124722
0.18500378746050758,0.12017472360799651,0.11877330482979208
0.3254532936499102,0.16292008239857542,0.2022300963459224
0.18298942117021028,0.11956165765888388,0.11757634407081467
0.19755999768989088,0.12399616610264735,0.12623435647587758
0.10114336137441148,0.09465207067287722,0.06894242762554553
0.1733547675461482,0.11662938158930396,0.11185131661682603
0.07939344524453293,0.08803255314048437,0.05601836498415195
0.2507746513132277,0.14019187603258063,0.157855145850935
0.2067661039806364,0.12679801515957068,0.13170473593271959
0.07850329137694236,0.08776163765290927,0.055489424813692456
0.16849652834264517,0.11515079199879216,0.10896449225309014
0.09982002659421879,0.09424931795758389,0.06815608612920973
0.11846722808687686,0.09992453419628669,0.0792364782897445
0.22045074830384298,0.13096289296788494,0.13983631673524718
0.2882336530945204,0.15159240362802132,0.18011373676294481
0.013200536369406619,0.06788695266080923,0.01668573971747479
0.2715507828072805,0.14651502532009694,0.17020057391013077
0.13097941392893628,0.1037325780092139,0.08667137011359795
0.09035535456246187,0.09136877524291592,0.06253206378869906
0.08058145180098131,0.08839411914294838,0.05672429281680399
0.14075961719281768,0.106709151646971,0.09248288492005377
0.2635997975554243,0.14409516834408956,0.165476002521342
0.2676004849645241,0.14531276478391122,0.16785325925994665
0.11368328884457078,0.09846855756174482,0.07639380385960044
0.10695602961194091,0.09642113769265533,0.07239638523930683
0.07829473067987666,0.08769816287063645,0.055365495530594874
0.11056119842733343,0.09751835931126862,0.07453862005642983
0.06168939555698103,0.08264438214243099,0.04549840500812531
0.09639859698985005,0.09320801678121497,0.06612303136863358
0.30673926918922445,0.15722452880290144,0.19110999717136903
0.2061852823867029,0.12662124396186691,0.1313596047322749
0.06245527542093041,0.08287747523377204,0.04595350006588812
0.09247349665614617,0.09201342502646051,0.06379068938241068
0.16603286952474272,0.11440098530337506,0.10750055645216741
0.12348405057654105,0.10145138810362725,0.08221753475589348
0.11948652742891383,0.10023475469668201,0.07984215825964192
0.1288010718299971,0.1030696065462726,0.0853769729502728
0.1956452763479561,0.123413426775429,0.125096605947728
0.09037579587500717,0.0913749964911252,0.0625442102632984
0.14969521320257917,0.10942867176354475,0.09779252390342881
0.16524561574580002,0.11416138712924731,0.10703276075617624
0.07539542071837917,0.08681576714058542,0.05364269056272945
0.1277171835033223,0.10273972859461811,0.08473291342624657
0.11194339813822167,0.09793902738027876,0.07535993980496423
0.06711526262570362,0.08429572746143676,0.0487225206994826
0.04247428310493269,0.07679632401642739,0.03408055330199655
0.12000020777399943,0.10039109166966324,0.08014739331976337
0.2364257557558507,0.1358248354819254,0.14932885894890893
0.09339374142987596,0.09229349858524685,0.06433750993243399
0.22005661872889498,0.1308429408901012,0.13960212018547483
0.14377549382786003,0.10762702407194903,0.09427495521206099
0.08910776202211476,0.09098907443649465,0.06179072924533355
0.1525695514499629,0.11030346743213343,0.09950049037741011
0.1793132560954285,0.11844282855539777,0.11539192241958285
0.16154909931988018,0.11303636415701883,0.10483624608649891
0.14305698041132228,0.10740834680764917,0.09384800586896638
0.11114125390167669,0.09769489734292089,0.07488329601936819
0.08836825367373327,0.09076400743171942,0.06135130446037142
0.20129953314650048,0.12513428177951796,0.1284564335727424
0.11559568206643249,0.09905058833305219,0.07753017099070693
0.049231313911751055,0.07885280476906861,0.03809566255095492
0.1416478766109886,0.10697949056491372,0.09301069938580603
0.21950277943738009,0.13067438166999104,0.13927302219474902
0.10916451704588734,0.0970932837920601,0.07370869512448591
0.18185849899040593,0.11921746510419606,0.11690433646365651
0.0982894181147356,0.0937834821536815,0.06724658009938585
0.13586810177466513,0.10522043454677274,0.08957628742799725
0.19935787519290998,0.12454334438054337,0.12730267698487732
0.13697737931379117,0.10555803962417568,0.09023543352845785
0.11403399022813639,0.0985752924081361,0.07660219485396383
0.2646892353327232,0.14442673525332356,0.16612335959589963
0.0402992328167893,0.07613435440559192,0.03278811217237186
0.18866228662862342,0.12128817614919138,0.12094722918609158
0.04043232815866548,0.07617486154795353,0.032867199030703245
0.2069037984509974,0.12683992203200295,0.1317865556486987
0.2013876482849823,0.12516109934058642,0.12850879265139792
0.11999680983758415,0.10039005751856409,0.08014537422493935
0.060642559682371935,0.0823257809862642,0.044876362498263676
0.06088559193726455,0.08239974707710285,0.04502077519702356
0.15104213672419514,0.10983860363697769,0.09859288211458615
0.13616802841046782,0.10531171626079285,0.08975450745449247
0.1255806768338407,0.10208948961106265,0.08346337537997324
0.12138362969462745,0.10081213171430572,0.08096943932007455
0.2603308404123396,0.1431002716745085,0.1635335487372919
0.17110840064576072,0.11594570699522717,0.11051649829556001
0.20450788922936744,0.12611073470990503,0.1303628774754804
0.10864602832282966,0.0969354834045951,0.07340060286814619
0.08313286838979955,0.08917063463575614,0.0582403753442616
0.2804605268840384,0.1492266774833994,0.17549485136293555
0.1151511312011513,0.09891529069653732,0.07726601350173684
0.1552708733651164,0.11112560613240328,0.10110564845882705
0.16227700334947295,0.11325789942442013,0.10526877544519647
0.15201750300650324,0.11013545325091129,0.09917245653021052
0.06647794075959726,0.08410176058628752,0.048343816355470144
0.13262597382407998,0.10423370325626999,0.08764977587390381
0.1017271339369983,0.09482973998846894,0.06928931232717586
0.11576233104233558,0.09910130741680216,0.07762919582330098
0.09195870664410496,0.09185675032988443,0.06348479494479291
0.1937070046646586,0.12282351997700675,0.12394486152253618
0.11422908032731677,0.0986346674569506,0.0767181197452355
0.1377707295489403,0.10579949323528563,0.0907068518122988
0.0967519413059739,0.09331555599569226,0.0663329928254179
0.035725221144406384,0.07474226855671286,0.03007017923767271
0.13657278428370978,0.1054349024185354,0.08999501827894865
0.03970875499151487,0.07595464436470939,0.032437243122733585
0.0917538554348654,0.09179440451838813,0.06336306988412747
0.1644679015599798,0.11392469229982875,0.10657063360154163
0.23510010659632158,0.1354213783926701,0.14854114222044165
0.18543427454779493,0.12030574097858082,0.11902910545215709
0.06953128653680687,0.08503103662505494,0.05015815126392893
0.15419515247325485,0.11079821391345777,0.10046644212313113
0.0986729984190523,0.09390022359462998,0.06747450814524084
0.10652896952009541,0.09629116331719212,0.07214262097899006
0.09078545656112531,0.09149967541300692,0.06278763558675671
0.09646376673634804,0.09322785098549173,0.0661617560184683
0.14281105461656363,0.1073335000771905,0.09370187379389924
0.10679743584922355,0.09637287018732033,0.07230214691159781
0.012754644228889084,0.06775124681145846,0.01642078522657277
0.1986835433846625,0.12433811364766656,0.1269019808866103
0.2870595351314126,0.15123506457459784,0.1794160617000629
0.11924747778883771,0.10016200070194725,0.07970011207866831
0.21494918155414766,0.12928850869266414,0.13656721937991542
0.13123798780500437,0.10381127414283711,0.08682501783121552
0.1205812782579707,0.10056793861625542,0.08049267241367178
0.19984770054932524,0.12469242116388554,0.12759373712284974
0.08364804364575713,0.08932742658008841,0.058546498698463546
0.08123455451522212,0.08859288886884324,0.057112374331220246
0.14318550242440092,0.10744746207199292,0.09392437520013559
0.15798425898323332,0.1119514163821536,0.1027179749381288
0.20174303590664508,0.12526926042858064,0.12871996826499196
0.187091935674907,0.1208102448501434,0.12001410769846795
0.07025134636152987,0.08525018453374873,0.0505860195014294
0.0693945704323196,0.08498942751515269,0.05007691290475874
0.21052274864175358,0.12794133796820806,0.13393697952537584
0.12311893815615156,0.10134026730418903,0.08200058054953756
0.16747225402496232,0.11483905738044259,0.10835585609262596
0.12439334560297677,0.10172812914178415,0.08275784883393343
0.20811469841159153,0.1272084555689261,0.13250608701837055
0.17648169622751142,0.11758105235001984,0.11370937537492816
0.22331498093773086,0.13183461302527072,0.14153827833173524
0.10120262845203848,0.09467010841872874,0.06897764483830368
0.22131164497069666,0.13122490411982637,0.14034787192395423
0.08149128063978307,0.08867102264519451,0.057264924092593913
0.13729533112802061,0.1056548072437003,0.09042436433350143
0.14504491991657925,0.10801336984910867,0.0950292635133554
0.07725749996571438,0.08738248501438492,0.054749160522985424
0.0708420528011967,0.08542996415269173,0.050937024396498456
0.07043514844994309,0.08530612411252572,0.050695236920479995
0.018139543549162335,0.06939012372702283,0.019620557387404453
0.14516077871800254,0.10804863110541521,0.09509810821133996
0.22439391968053662,0.13216298458687728,0.14217939675329525
0.0904504365392802,0.09139771313898887,0.06258856264676957
0.14482642615923164,0.10794687197165254,0.09489943188596653
0.14054317188481305,0.10664327720853248,0.09235427050598509
0.0756435841267572,0.08689129488160503,0.053790152254812616
0.12259261091675071,0.10118008128930135,0.08168783055219178
0.06733078763736906,0.08436132181062266,0.04885058826236035
0.21998624459441912,0.13082152274695943,0.13956030302549752
0.09983482653692553,0.09425382227289432,0.06816488043377118
0.1373898896791399,0.10568358583683303,0.09048055216570482
0.14076641006399077,0.10671121903562472,0.09248692132608073
0.16332268825679624,0.11357615028736841,0.10589013403640692
0.24253433351673506,0.13768396162037563,0.15295864957247085
-0.01782609736334256,0.05844409574409093,-0.0017506604745592146
0.10817849404775974,0.09679319084069071,0.07312278835971665
0.09749594831181836,0.09354199215250303,0.06677509076693405
0.1498408794514941,0.10947300482132821,0.09787908054642787
0.14990761329001237,0.10949331505201776,0.09791873459861633
0.043740357296323494,0.0771816496543369,0.034832869865448056
0.17530104740281224,0.1172217256497223,0.11300781959527444
0.08575185582413891,0.08996771509966231,0.059796609283569654
0.3842011936021561,0.18079981818251856,0.23713880746458793
0.11032850817956351,0.09744754077727809,0.07440035270310938
0.14458481356967764,0.10787333795142709,0.09475586276948356
0.13050783487291803,0.10358905442914208,0.08639115214751684
0.352033358854916,0.1710096403805935,0.21802429185778058
0.33363850582158017,0.16541122558980345,0.2070938481971051
0.06322537374393097,0.0831118521996568,0.04641110178292729
0.10528312164487201,0.0959119934940309,0.07140232313669578
0.16757990889172564,0.1148718217954284,0.10841982591363097
0.12206542028248965,0.10101963250294445,0.08137456751520086
0.19808775439696052,0.12415678717145638,0.12654795588016277
0.1743171017495534,0.1169222649316315,0.11242314721389576
0.11866895571189293,0.09998592935489724,0.07935634727896909
0.1090513857415266,0.09705885264077611,0.07364147113817122
0.1813899793281533,0.11907487264084901,0.1166259364262714
0.08924328781569653,0.09103032127907305,0.06187126030739901
0.26512869094557684,0.14456048216602999,0.16638448942438777
0.1751802926600458,0.1171849743292993,0.11293606566985973
0.1440930280954171,0.10772366461247691,0.09446363790583254
0.1992619481605431,0.12451414929451227,0.12724567598460146
0.15020205473518902,0.10958292736578344,0.09809369525864663
0.27354368736939766,0.14712155946075955,0.17138478185122463
0.13376454343087782,0.10458022328094696,0.08832632767447038
0.041893450849933435,0.0766195495740623,0.033735415766618294
0.2022307685422564,0.12541770029902768,0.1290097848830079
0.08645254518818808,0.09018096767049477,0.06021296735957575
0.12052975191119941,0.10055225673712558,0.08046205483660276
0.21237978483587852,0.1285065210048639,0.13504045284255486
0.13966458075947302,0.10637588080464475,0.09183220105650951
0.2224785240645152,0.13158004004649332,0.14104124556334613
0.09565497021434392,0.09298169634629351,0.06568115936457315
0.14794997738094723,0.10889751481330798,0.09675548371678684
0.08074583216894185,0.08844414778311407,0.05682196961518105
0.08855125998461313,0.09081970481814487,0.06146004901880825
0.18934403109256834,0.12149566290016306,0.12135232997382933
0.1755575831528654,0.1172998014862001,0.11316025623381817
0.1287628248662979,0.10305796620498314,0.0853542461428801
0.25289947986595607,0.14083856081858742,0.1591177446193027
0.09850834631751146,0.0938501122532166,0.06737666987949109
0.3637475548273357,0.17457481852446663,0.22498500847098768
0.09084759728918215,0.09151858774519216,0.06282456035727946
0.1732721432355685,0.11660423514417664,0.111802220254373
0.07066219860527446,0.08537522610238966,0.0508301528628089
0.17922316934198593,0.11841541093961064,0.11533839178352442
0.228681786638912,0.13346798320563238,0.14472729904574944
0.016378637831659288,0.0688541976940075,0.01857420595953241
0.20869333907658613,0.12738456300787046,0.13284992228452
0.20217658292820473,0.12540120908039137,0.1289775871372287
0.10291104893941622,0.09519006073952711,0.069992808909046
0.18627384804124944,0.1205612624907773,0.11952799015390318
0.09508983314259327,0.09280969868283952,0.06534534809648991
0.05715962529984216,0.08126576102703054,0.042806760856267646
0.138160191659329,0.10591802478513274,0.09093827489830321
0.26746409473989874,0.14527125485450437,0.16777221454252314
0.10122703557858462,0.09467753664976762,0.06899214784744157
0.13250361878790878,0.10419646489165879,0.08757707103483572
0.07371152896877044,0.08630328006281343,0.052642101763981236
0.10115502794699845,0.09465562135699573,0.06894936004376816
0.28319772186238307,0.15005973403591819,0.177121325651415
0.18186772344509708,0.1192202725375302,0.1169098177459541
0.22884396460702702,0.13351734155243689,0.1448236671515601
0.1269063297654454,0.10249294784833697,0.08425109434985342
0.10399471371321721,0.09551987065357796,0.07063673559525671
0.11206355221482707,0.09797559588987341,0.07543133680729719
0.15730594210636978,0.11174497280636686,0.10231491086399862
0.11522756581857335,0.09893855332831425,0.0773114318738185
0.1319606896304147,0.10403122613600474,0.08725445597740783
0.1654828773989936,0.11423359695588296,0.10717374449376676
0.1709143585275828,0.11588665089608481,0.11040119612724694
0.3270571457203713,0.16340820965554448,0.20318312460140617
0.07343223241339249,0.08621827704790436,0.05247614038023729
0.16278039975402425,0.11341110651293362,0.10556789966374636
0.058987719496131616,0.08182213565904937,0.04389303648906217
0.07763470404306354,0.0874972858710131,0.0549732997378284
0.09823684515579356,0.09376748174147913,0.06721534061273424
0.22260089643153858,0.13161728368569398,0.14111396070061583
0.10178161335741039,0.09484632062613305,0.06932168465624
0.21161221479608852,0.12827291351390208,0.1345843534619105
0.041641727273987926,0.07654293830741023,0.033585838580002504
0.08420042349892043,0.08949554162479569,0.05887472947330874
0.34366316033349253,0.16846219718443056,0.21305061888516744
0.2623932470619817,0.14372795855360745,0.16475905565754065
0.12138855246497857,0.10081362994374495,0.08097236448962494
0.19803794544664619,0.12414162797645491,0.12651835880079385
0.105127499725605,0.09586463045976183,0.07130985071422881
0.07179636959441486,0.0857204074218262,0.05150409095168114
0.14321868556400455,0.10745756125458633,0.09394409302214063
0.26637973850399316,0.1449412344961695,0.1671278769811854
0.06275273226821446,0.0829680052755418,0.046130252514240175
0.14811408377886096,0.10894746007156461,0.09685299771885601
0.034233109949491046,0.07428814927845728,0.029183548758922456
0.13298696269837687,0.10434356906762017,0.08786427981940854
0.22768745919826586,0.13316536282369654,0.14413645768101813
0.14274474283623917,0.1073133182985648,0.09366247053378261
0.09568834745051966,0.09299185460155888,0.06570099252110385
0.13434104870917465,0.1047556808217677,0.0886688940680743
0.18377813330223144,0.11980169967811496,0.11804500633780438
0.2781299560129034,0.1485173756796665,0.1741099980260816
0.17233654455835729,0.1163194886738869,0.11124627622961086
0.09912013160522082,0.09403630715226192,0.0677402000804455
0.10972249845575424,0.09726310365266574,0.07404025441192362
0.14929905590570153,0.10930810255506561,0.09755712245681555
0.10092371046166693,0.09458522061887081,0.06881190840245516
0.06553370858547235,0.08381438653877665,0.047782742202653314
0.1187888509950653,0.10002241910153689,0.07942759050312102
0.06166022554837313,0.08263550434344331,0.04548107183698817
0.1168082896732197,0.09941964158664206,0.07825071706435449
0.21238962632328737,0.12850951623013554,0.13504630077314
0.12773534494751962,0.10274525597217493,0.08474370517556012
0.11319812344253048,0.0983208990206389,0.07610551272275373
0.19974048026483682,0.12465978901262745,0.12753002553587722
0.2257973843934128,0.13259012459134897,0.14301335242263585
0.1252517374691849,0.10198937796564618,0.08326791563986898
0.2109820640323269,0.128081129140856,0.13420991027345203
0.039611714146514425,0.07592511029335923,0.03237958028154971
0.1239855497068417,0.10160401776278004,0.08251553159118707
0.11455568244398892,0.09873406776840546,0.07691219066438187
0.25062080012699545,0.14014505191525697,0.15776372561940633
0.07720629031340649,0.08736689952020397,0.05471873112958837
0.18211755674831118,0.11929630850571149,0.11705827170970112
0.07197314011185198,0.08577420696442656,0.051609130126401045
0.08244344911483407,0.08896081208055392,0.05783071409119584
0.17561755592688044,0.11731805400849436,0.1131958927798865
0.2922907144992959,0.15282715731343935,0.18252449161009882
0.11541668846424655,0.09899611220170627,0.07742381083220128
0.17268438674797376,0.11642535333372847,0.11145296825642503
0.14543883059086976,0.10813325530517613,0.09526332998971532
0.17846710471774627,0.11818530508513796,0.1148891290596469
0.040546924020639565,0.07620973843267129,0.03293529327482606
0.05177440688563714,0.07962678699624666,0.03960679908597105
0.10940313839008188,0.09716590743631066,0.07385048680687809
0.22441170621418627,0.1321683978616058,0.14218996572623688
0.08641416444492905,0.0901692866138235,0.06019016105875412
0.11507858065614157,0.09889321016979831,0.07722290309235531
0.04293468371654104,0.07693644547263297,0.03435412890150852
0.09291691794710452,0.09214837888063669,0.06405417566468648
0.11110239850206999,0.09768307182610578,0.07486020767201669
0.2032464849761236,0.12572683035276092,0.12961333584563245
0.2193819427194164,0.1306376054006786,0.13920121955868284
0.07354530811363948,0.0862526912762537,0.05254333132591661
0.1319881625776566,0.10403958743978389,0.08727078073420134
0.24407709564545832,0.13815349634862079,0.1538753774473428
0.06222559996002106,0.08280757424053736,0.045817024135302635
0.05015680988743756,0.07913447651440453,0.03864560342855228
0.13909959264613514,0.10620392847620805,0.09149647830131251
0.15231475829981253,0.11022592195037229,0.0993490892127585
0.12237240569620655,0.10111306253348594,0.08155698195271757
0.11769875846453841,0.0996906529202485,0.07877984436629398
0.11209175312822234,0.09798417874782735,0.07544809413036409
0.08772361018699011,0.09056781224470546,0.060968249521019945
0.09661410672977232,0.0932736064824947,0.06625108985685743
0.18898703957345453,0.12138701367110014,0.1211402013050142
0.14822654362209475,0.10898168686579836,0.09691982271486582
0.12465984441902285,0.10180923720558736,0.08291620564652374
0.1550505908767697,0.11105856386037874,0.10097475394589225
0.16762159339941834,0.11488450834225708,0.10844459535114874
0.06916975582925879,0.08492100590848481,0.0499433253545675
0.1964087474999309,0.12364578678297072,0.12555026971976738
0.09212472354001205,0.09190727704210537,0.06358344418782547
0.18996734390460157,0.1216853661644321,0.12172270996885064
0.13576681114428385,0.10518960706681052,0.0895160993130538
0.12346950782268977,0.10144696206292371,0.08220889327605371
0.12094254087211811,0.10067788773945513,0.08070733901869932
0.1291697438926094,0.10318181071145616,0.08559604233899502
0.1304185824108591,0.10356189072727401,0.08633811725746665
0.09375353054802253,0.09240299925464303,0.06455130096835589
0.09283334610130609,0.0921229440561907,0.06400451626537193
0.19022567444003435,0.12176398823810994,0.12187621309052649
0.2389495756411225,0.13659295200611776,0.15082854318208352
0.0331117669232098,0.07394687210856064,0.02851723320038834
0.09075596088614009,0.09149069849849717,0.06277010890072794
0.16132756572265353,0.11296894111400121,0.10470460814956944
0.059929653434998474,0.08210881024599735,0.0444527450027538
0.1407700593426892,0.10671232968194547,0.09248908977152295
0.11333949181665448,0.09836392403395149,0.0761895155166854
0.1020287694830734,0.09492154180387423,0.06946854780877786
0.07497197293141304,0.08668689215857923,0.053391072777565184
0.15688255125641024,0.11161611515295691,0.10206332691149088
0.2241616602508817,0.13209229717100465,0.14204138539729758
0.19517388573953257,0.1232699605487809,0.12481649995948188
0.20781601451296897,0.12711755207799919,0.13232860544130498
0.0602222813786054,0.08219787062635044,0.04462662805826597
0.14483691647147395,0.10795006466469068,0.09490566535609755
0.1087808207853495,0.09697650706020611,0.07348069817604477
0.12148984525214909,0.10084445808011921,0.08103255388615867
0.17321473401442183,0.11658676283101319,0.11176810700235577
0.16337505770927105,0.11359208876302737,0.10592125259705974
0.08176960390621506,0.08875572944272038,0.05743030713630045
0.19915649362668789,0.12448205454382191,0.12718301362796414
0.11734547957707822,0.09958313361877595,0.07856992178801098
0.1209806855876789,0.10068949696185009,0.08073000506901434
0.23586420122640483,0.13565392815378377,0.14899517647069704
0.1654592857701813,0.11422641691897588,0.10715972606322398
0.13226845326350536,0.10412489301512794,0.08743733284226793
0.13858561101251865,0.10604749980702453,0.09119106421191032
0.1784210643768504,0.11817129285438102,0.11486177133347374
0.05234142777464629,0.07979935799346888,0.039943729741002895
0.16134157134274268,0.11297320367975898,0.10471293045804564
0.22309941933007504,0.13176900753821189,0.14141018902307823
0.19678553512844477,0.1237604608947256,0.1257741614756867
0.2130440791189781,0.12870869684900915,0.13543518452224632
0.14663319035859806,0.1084967548872092,0.09597303297717998
0.2354666883205199,0.13553294637003138,0.14875896950485223
0.2411318526600313,0.13725712104938867,0.152125278522341
0.1864688110018219,0.12062059884536236,0.11964383949787996
0.14676571411407902,0.10853708806907642,0.09605178019197755
0.10241745045749719,0.09503983561748444,0.06969950673436533
0.13434856625192712,0.10475796876190288,0.08867336108269927
0.25406915269432023,0.14119454700944364,0.15981277832947594
0.06806662302020515,0.08458527096006088,0.049287830526870094
0.21878701722725002,0.13045654172657756,0.13884770765170318
0.09534620741330713,0.09288772537359599,0.06549768878206126
0.2883911726365,0.1516403441977045,0.18020733677572784
0.17212436060181643,0.11625491116416098,0.11112019396200776
0.16127606076389392,0.11295326574424437,0.10467400328151474
0.2088928622376587,0.1274452872449183,0.1329684813546659
0.06906068790059129,0.08488781143261993,0.049878515875126275
0.13641381350549053,0.10538652016973608,0.0899005559240786
0.11280830491133514,0.09820225899525724,0.07587387784720476
0.06695966457573042,0.08424837169171097,0.048630062460438155
0.27170471186671796,0.14656187313788183,0.1702920404148577
0.16002572490651465,0.11257273001804308,0.10393103862606261
0.03889247451160714,0.07570621200681742,0.03195219941073582
0.16771399150077457,0.11491262940940214,0.1084994994180308
0.08262719902704979,0.08901673577967197,0.05793990050652026
0.1244095619909528,0.10173306454769006,0.08276748480736744
0.2836662369503856,0.1502023251071068,0.17739972297072526
0.1750302846715154,0.11713931987692602,0.11284692911278514
0.1112811209122173,0.09773746542102056,0.07496640668494026
0.05455914262578648,0.08047431242783573,0.04126152266883446
0.1406171553481309,0.1066657938393836,0.09239823237271766
0.02091888800663277,0.07023600833894142,0.021272077405038482
0.09625718910473151,0.0931649797428572,0.06603900509679224
0.06280363660639457,0.08298349784834291,0.04616050048629811
0.12077961969133524,0.10062830319824803,0.08061052928695261
0.09106719910234912,0.0915854228558989,0.06295505040480813
0.23157792206298283,0.13434941277535323,0.14644821766516583
0.046502720580957536,0.07802236610051905,0.036474299465254684
0.1149623369526933,0.09885783176978934,0.07715382968094239
0.26637100160491173,0.14493857544882882,0.16712268541031458
0.09568950386459983,0.09299220655249218,0.06570167967630569
0.11930185162737776,0.10017854920610572,0.07973242166970992
0.3982053772207003,0.18506194675516435,0.24546026237259172
0.19715511695370136,0.12387294194326523,0.125993771456351
0.26397335385481885,0.144208859011144,0.16569797418250315
0.2396670027661229,0.1368112986610564,0.15125484703763697
0.13459169566188822,0.10483196442157651,0.0888178315121731
0.1301306122283639,0.10347424792164413,0.08616700189981648
0.13753662876047368,0.10572824540773776,0.09056774629867403
0.0325278183403876,0.07376914922177229,0.028170243905409977
0.15565119249355908,0.11124135504488619,0.10133163867462193
0.18495045390796527,0.12015849171156005,0.1187416133892445
0.19763802339148417,0.12401991297581175,0.1262807202893748
0.02203043649250525,0.07057430457173594,0.021932572929461602
0.05909551451305757,0.08185494272828975,0.04395708958898496
0.15397966821990455,0.11073263196893483,0.10033839877933594
0.12888880568330918,0.1030963080644171,0.0854291054646791
0.11672308023597551,0.099393708366468,0.07820008458844037
0.24414323443761868,0.13817362547885104,0.1539146779158046
0.17599292591879784,0.11743229666707727,0.11341894215903225
0.11362266404926297,0.09845010659885185,0.0763577798746113
0.14712793858219841,0.10864732992946151,0.09626701834224281
0.09919188665556634,0.09405814557273989,0.06778283779729759
0.11991189424089084,0.10036421372782361,0.08009491635262656
0.06755935682311712,0.08443088611254411,0.048986406830894606
0.16394829870024594,0.11376655282842345,0.10626187931174354
0.09042815647345895,0.09139093227209039,0.0625753235627837
0.11387405483796174,0.09852661658276804,0.07650715931502888
0.21077248561089262,0.12801734461742123,0.13408537624625275
0.1463997320990618,0.10842570261128984,0.09583430926199964
0.21647824939884477,0.12975387560928822,0.13747580994595734
0.05372057617105384,0.08021909740465906,0.04076323636164966
0.1790032110011627,0.11834846732085008,0.11520768988295982
0.07284275342449473,0.08603887099968405,0.05212586485122816
0.18778418257516197,0.12102092798407461,0.12042544916060403
0.03677606273585421,0.0750620888400107,0.03069460199282039
0.10685876442050182,0.09639153534218281,0.07233858908876176
0.09426756782466779,0.09255944485860489,0.0648567481215172
0.2389049950167125,0.1365793840354128,0.15080205283706213
0.14632238368778008,0.10840216186926914,0.09578834790257873
0.18852265889963862,0.12124568089566912,0.12086426070450747
0.11920023480047413,0.10014762244927328,0.07967203972485634
0.2668109954638119,0.14507248617500104,0.16738413507109934
0.16634560788278455,0.11449616622415429,0.10768638935862866
0.18933518873708366,0.12149297175750252,0.12134707573949126
0.12696101870204263,0.10250959225158304,0.08428359117596294
0.1472153804316418,0.10867394257716077,0.0963189773444263
0.14656617421641277,0.10847635873829985,0.09593321117674544
0.21138478862398027,0.12820369708453266,0.13444921408587504
0.08810449931642564,0.09068373463517074,0.06119457843828345
0.12210747870095438,0.10103243284832279,0.0813995591350117
0.08480582633669226,0.0896797940455802,0.059234467145487045
0.036801482201073085,0.07506982517309235,0.0307097065458146
0.13687418245467575,0.10552663198958423,0.09017411270939629
0.15530238762950815,0.11113519739815403,0.10112437461504131
0.14282041631335246,0.1073363492797187,0.09370743662710748
0.05828418280838625,0.0816080165143408,0.043474986498954434
0.15857222887924538,0.1121303631427725,0.1030673537459339
0.05911055763999175,0.08185952105594353,0.04396602839654913
0.10524283542218414,0.09589973251077928,0.07137838457700214
0.11951214204902702,0.10024255042453277,0.07985737877602922
0.13939436079440726,0.1062936402210178,0.09167163309226492
0.15264051216205918,0.11032506409830103,0.09954265608888857
0.054515537059921335,0.0804610412130858,0.041235611715367604
0.19716819600896357,0.12387692251197645,0.1260015431888254
0.08524463283458637,0.08981334340222102,0.059495211262033165
0.15488293735114886,0.11100753904512947,0.10087513219773303
0.06770505908136708,0.08447523012965374,0.04907298487107522
0.12305983498542439,0.10132227944287918,0.08196546073223716
0.15749313021774258,0.11180194291042106,0.10242614029875433
0.07799522245436805,0.08760700849845365,0.05518752412854577
0.20693268646353144,0.126848714006386,0.1318037212543655
0.08844643943265007,0.09078780301781915,0.06139776338186212
0.11286767176098875,0.09822032710640652,0.07590915434570537
0.11582002701924546,0.09911886700316662,0.07766347946905318
0.0778538918970192,0.08756399499455564,0.055103543805798204
0.13480053240285067,0.10489552321692792,0.0889419248238854
0.09103006038070496,0.09157411980454053,0.06293298212821886
0.23935641506675484,0.13671677228637816,0.15107029207851408
0.1619084340097579,0.11314572652262248,0.10504976709565923
0.12192427136328814,0.10097667428003664,0.0812906951240324
0.11585910576748137,0.09913076049542403,0.07768670053285566
0.2182239956918177,0.13028518791984767,0.1385131534608304
0.10907049191973885,0.09706466754511406,0.07365282425983731
0.11004759136411885,0.09736204464139087,0.07423342854128064
0.13975280123537626,0.10640273042482111,0.09188462272793191
0.06475273916019243,0.08357670098762164,0.04731868074544783
0.07341754006598057,0.0862138054788782,0.052467410010098636
0.12524417503657023,0.10198707636342481,0.08326342195114644
0.08947432154453025,0.09110063565681398,0.06200854333717667
0.12233539488502153,0.10110179841126742,0.08153498968206675
0.2001122148994112,0.12477292526180972,0.12775091474181818
0.08286432951901064,0.08908890568780518,0.05808080630652354
0.11027573700487628,0.09743148003874658,0.07436899543427009
0.09987455482912774,0.0942659134517841,0.06818848746443691
0.09873306189580806,0.09391850372201356,0.06751019858797236
0.23977138812836943,0.13684306801278126,0.15131687407960184
0.04515534591463176,0.07761229692263412,0.03567367317846627
0.14758321151041381,0.10878589079159758,0.0965375470104018
0.2099996418867266,0.12778213209745706,0.13362614317870952
0.17455988443970608,0.11699615506823854,0.11256741161827521
0.11727594763530709,0.09956197179429505,0.0785286050691023
0.205689422485104,0.126470330583965,0.1310649587947297
0.14857208261674024,0.10908685055560394,0.09712514615543343
0.07845685270998176,0.08774750419288621,0.055461830397364686
0.22712974124769972,0.13299562314608793,0.14380505494427614
0.42464826304662623,0.1931097546311367,0.26117294424192555
0.296909540623777,0.15423288229773383,0.18526905383305334
0.2642418427015691,0.14429057273443846,0.16585751349535363
0.08183504533632426,0.0887756463330371,0.057469193223815725
0.180529220710808,0.11881290350383478,0.11611446326824817
0.1248157876102913,0.10185669801796476,0.08300886897269112
0.054210456791183824,0.08036819100733614,0.041054329337988554
0.10666750702355304,0.09633332676405591,0.0722249416354089
0.08177825544742941,0.08875836251166708,0.05743544798649654
0.16482794764758146,0.1140342711770583,0.1067845773318148
0.20227411948627444,0.12543089402043126,0.12903554453710075
0.05375685982444178,0.08023014021872349,0.04078479654636254
0.14839999660029818,0.10903447672592495,0.09702289056773725
0.11685311856271248,0.09943328511603235,0.07827735493148405
0.0499160767349384,0.07906121014803881,0.03850255688418013
0.1537090910182515,0.11065028266149321,0.10017761854079998
0.08869136353130948,0.09086234488526825,0.06154330023701866
0.15873647864450846,0.11218035203442404,0.10316495293861197
0.2108588956573067,0.1280436432391628,0.13413672213862457
0.18907441202966657,0.12141360519919117,0.12119211907290232
0.035846947950280594,0.0747793157214392,0.03014251077471689
0.399910982967008,0.18558104241850457,0.2464737538902217
0.0801456599862191,0.08826148729549371,0.056465340061355965
0.12350473498776686,0.10145768333814398,0.08222982568266239
0.1503455620340012,0.10962660335399618,0.09817896902744037
0.04770211788506291,0.07838739884066492,0.03718699581762737
0.28115784757305123,0.1494389048087397,0.1759092077315818
0.2052404019748076,0.12633367262526007,0.13079814538875206
0.2984461418920362,0.15470054198776662,0.18618212085028876
0.19739459894530315,0.12394582752280675,0.12613607454581904
0.2531179824116948,0.14090506137076184,0.15924758146885956
0.1385125192077813,0.1060252545496154,0.0911476321794667
0.22219512916066436,0.13149378971231132,0.14087284889148102
0.1311472975732018,0.10378367286033792,0.08677112860103274
0.1532778733318794,0.11051904293541001,0.09992138378764193
0.11665999470440874,0.09937450848635111,0.07816259840426985
0.07316469166290714,0.0861368518746811,0.05231716443762901
0.12407049452221094,0.1016298704461313,0.08256600682558977
0.07615392870737603,0.08704661662532114,0.05409340516343228
0.13001847065816183,0.10344011799279174,0.08610036602548324
0.06703234224904635,0.08427049090954397,0.048673248410993256
0.19128475365879988,0.1220863156169812,0.12250553074323786
0.15193211996871775,0.11010946719596686,0.09912172089875967
0.10284312272141614,0.09516938761194915,0.06995244633057988
0.0875175416793031,0.09050509595231308,0.060845801126926474
0.0492581841522998,0.07886098264099002,0.03811162917215804
0.08792975874177325,0.09063055289917586,0.06109074548006349
0.1268788590131447,0.10248458721258115,0.08423477089732032
0.17810702334247688,0.11807571546821932,0.11467516436101578
0.21563526702726202,0.12949731661591699,0.1369748996476893
0.0687433149320625,0.08479121998293616,0.04968992902718368
0.14184403220849737,0.10703918989474265,0.09312725740904279
0.09824318006738177,0.09376940975159523,0.06721910489364935
0.1667141743834228,0.11460833826188793,0.10790539602115187
0.17379510816859256,0.1167633978518537,0.11211297232869333
0.13754532560249078,0.1057308922638389,0.09057291406715347
0.3307359599275401,0.16452784501401435,0.20536912039907185
0.08339812008884226,0.08925136314348124,0.05839799110487841
0.09672958921302197,0.09330875320756653,0.06631971094204171
0.2600185847987207,0.14300523767545315,0.16334800268339264
0.10522942754048127,0.0958956518647909,0.07137041745188878
0.1779088312353105,0.11801539633317831,0.11455739621916398
0.2190177217258101,0.13052675590413604,0.13898479504887926
0.10815876913597851,0.09678718762676658,0.073111067579097
0.13432522092413637,0.10475086368592533,0.08865948900719561
0.26802710116069284,0.1454426040611424,0.1681067597520953
0.11082910933804843,0.09759989714157594,0.07469781595271371
0.1252889292953485,0.10200069717919531,0.08329001547180485
0.17302206714280532,0.11652812528377107,0.11165362202214602
0.01954700509851289,0.06981848015591463,0.020456888025211714
0.0388135672868065,0.07568219684487927,0.03190531178551047
0.19568325324553765,0.12342498492295777,0.12511917227857455
0.18029359488058005,0.11874119153469608,0.11597445155640482
0.11507979508455901,0.09889357977720986,0.07722362472037649
0.04672831912166133,0.0780910262961057,0.03660835284065397
0.18865102180510002,0.12128474773611757,0.12094053549201053
0.05482811750448236,0.0805561740734011,0.04142135078773252
0.198225755133324,0.12419878725496877,0.1266299575830969
0.2634978426519431,0.14406413869473017,0.16541541968730608
0.11744875500413313,0.09961456516526891,0.07863128929309023
0.17916831488914467,0.11839871616202426,0.11530579660566505
0.19001597148889066,0.12170016581445545,0.12175160506627096
0.059390114222558334,0.08194460320929725,0.04413214429158659
0.13653245365756753,0.10542262792123404,0.08997105333418683
0.2090120112927002,0.12748154987940874,0.1330392811610571
0.011133124833771144,0.06725774256063723,0.01545725883356994
0.14816370545629498,0.10896256227066274,0.09688248351841952
0.2896992482000837,0.1520384528191415,0.1809846110614069
0.04335982206533881,0.07706583497173522,0.034606751238914636
0.0665649944961317,0.08412825511306234,0.0483955447362796
0.19918349600345114,0.12449027263097814,0.1271990587661004
0.1854123995803835,0.12029908340209008,0.11901610708253517
0.21814537470251236,0.13026125987276863,0.13846643592019062
0.17239884028084765,0.11633844817813292,0.11128329309969674
0.112440719930185,0.09809038567984574,0.07565545441540598
0.09375536258387453,0.09240355682890532,0.0645523895861678
0.28815462721768315,0.1515683523547147,0.1800667786332474
0.14112661183615288,0.10682084529495332,0.09270095756599854
0.036206423053435285,0.07488872082137542,0.030356115219140774
0.11116746698118456,0.0977028752099777,0.07489887214754999
0.24853344911298655,0.13950977329850373,0.15652339645682348
0.19329425108794515,0.12269789974374716,0.12369959836616141
0.20047601289701283,0.1248836460208689,0.12796708790229108
0.1888924865476876,0.121358236759591,0.12108401675604187
0.07745723682027077,0.0874432742883622,0.05486784657237838
0.2429431755494891,0.1378083913877197,0.15320158844222062
0.24876422266661888,0.13958000849275287,0.15666052488735663
0.11210957354302299,0.09798960233417592,0.07545868323589462
0.0066655425581010055,0.06589804815884699,0.012802567530782738
0.21007482154037774,0.12780501278501702,0.1336708158361741
0.022535234962187678,0.07072793837429568,0.022232530272032213
0.06336467328558938,0.08315424757041387,0.046493875251641344
0.12977140523861308,0.10336492442116665,0.08595355677161289
0.14126604307343266,0.1068632807468522,0.09278380928984009
0.13995422968666607,0.10646403453086348,0.09200431394451783
0.10694679178828373,0.09641832619051914,0.07239089601300812
0.26924336935602944,0.1458127714031702,0.16882948099163478
0.21539739014684936,0.1294249195468416,0.1368335503346605
0.05742234014249261,0.08134571745061199,0.04296286918620152
0.08455598195933343,0.089603754707018,0.059086006601349605
0.10379050319897754,0.09545771983555945,0.07051539124329226
0.1567070769240777,0.1115627101001547,0.10195905794560249
0.22512878837473282,0.13238663952771418,0.14261606459974913
0.1428144833784894,0.1073345436099354,0.0937039112056136
0.10811891446891517,0.09677505798609132,0.07308738545496365
0.2113988753102161,0.1282079843225136,0.13445758456483387
0.13312446156286228,0.10438541640802888,0.08794598330401603
0.1818014469208913,0.11920010148899164,0.11687043543544909
0.11622254194809735,0.09924137113663872,0.07790265869730928
0.040897193657577297,0.07631634187835462,0.03314342772013294
0.14029742135539344,0.10656848381952014,0.09220824257569737
0.2262851463415449,0.13273857338296793,0.14330318645850543
0.19452860895480306,0.12307357261954671,0.12443306870682418
0.12577288627318484,0.10214798794025302,0.0835775885484065
0.2394053247080333,0.13673165777954563,0.15109935477760136
0.23704969801286585,0.13601473031576508,0.14969961296773476
0.23430968369330046,0.13518081570574703,0.14807146339267802
0.14943522537099446,0.10934954529707437,0.09763803599637952
0.06496629024697337,0.0836416945790713,0.04744557537833791
0.11419360786466408,0.09862387152619641,0.07669704157984719
0.060684784741244946,0.08233863204811855,0.04490145313781628
0.07818548065941737,0.08766491297571609,0.05530057785001351
0.21764044821049305,0.1301075871070195,0.13816640250520218
0.008220100385578261,0.06637117287034712,0.013726304552204286
0.06914323104339565,0.08491293317459407,0.049927564006707593
0.16715153084598483,0.11474144630490511,0.10816527850920452
0.1399743096368907,0.10647014579960416,0.09201624569326523
0.14286760047328775,0.10735070962814847,0.09373547402435739
0.2432793565998628,0.1379107070170638,0.1534013512793707
0.07171324318422849,0.08569510816428674,0.05145469623558262
0.3283565712956802,0.16380368568066722,0.2039552589596643
0.13057612942502456,0.10360983965802918,0.08643173359455406
0.09336859480284737,0.09228584528959706,0.06432256750318513
0.330430391224662,0.16443484615489376,0.20518754778823214
0.18154510087548711,0.11912208338851789,0.11671811152169714
0.15414627704204045,0.11078333883201412,0.10043739975207698
0.1494889583735392,0.10936589876484358,0.09766996479493935
0.18715182523562995,0.12082847204673783,0.1200496947981941
0.0927595654799763,0.09210048915965113,0.06396067492979637
0.035943757490668506,0.07480877939596908,0.03020003617190853
0.11559426957994845,0.09905015844730039,0.07752933167419222
0.10900972025648327,0.09704617188343022,0.07361671300414116
0.08487401238181803,0.08970054625071411,0.05927498411636702
0.08135645385588622,0.08862998854398184,0.05718480839051869
0.12970981884366165,0.10334618079849228,0.08591696139251076
0.05863637623254588,0.08171520545852332,0.043684264081844594
0.10179768129693359,0.09485121085222617,0.06933123241981162
0.19180034774277477,0.1222432350302831,0.1228119029701022
0.16804173338746653,0.1150123766062236,0.10869424760227771
0.09784706106134589,0.09364885219681174,0.06698372619991637
0.14581894670548848,0.10824894243105004,0.0954891995722459
0.2263283604820464,0.13275172546865827,0.14332886482229767
0.31027359773410923,0.15830019041136004,0.19321013784485908
0.10282631718999255,0.09516427290211586,0.06994246028099946
0.13504102139520255,0.10496871527393252,0.0890848262853513
0.15120164383896306,0.10988714911809327,0.09868766316710603
0.11112709635369757,0.09769058853839485,0.07487488343350647
0.01663482577456889,0.06893216767649146,0.01872643592687382
0.14837441671504276,0.10902669156951733,0.0970076906912215
0.09584836419620114,0.0930405551872158,0.06579607640246259
0.21986978517270894,0.13078607869378603,0.13949110143169025
0.16012445190063357,0.11260277726349402,0.10398970339740103
0.12687734944705198,0.1024841277809604,0.08423387389493059
0.2545969712887828,0.1413551869134832,0.1601264145079971
0.11919490143049523,0.10014599925514815,0.07966887057205196
0.16939457892003584,0.1154241108247828,0.10949812474381004
0.27113677288341975,0.14638902272159426,0.16995456421711966
0.13438150775497765,0.10476799440318273,0.08869293532134849
0.10002758249510894,0.09431248693334851,0.068279418350294
0.27305240377710843,0.14697203886798504,0.1710928552118978
0.06300356001843975,0.08304434390049602,0.046279297390402256
0.13552773752842667,0.10511684577512322,0.08937403888538169
0.07861570260206092,0.08779584965037474,0.05555622092023162
0.10410560880547215,0.09555362122084712,0.07070263079735178
0.114736264386721,0.0987890273061255,0.07701949463400795
0.20354423256478113,0.1258174488807394,0.1297902610560173
0.10131511981931152,0.09470434480720316,0.0690444885662782
0.18352896271901117,0.11972586540664779,0.11789694617027553
0.1622157682648985,0.11323926272193746,0.10523238881895998
0.14844942861074975,0.10904952120048246,0.09705226366489078
0.0289360052308967,0.07267599236960892,0.02603594520990989
0.07868684038838925,0.08781750020851964,0.05559849185135545
0.15615932463309115,0.11139600343922114,0.10163357692404805
0.14763456481644827,0.10880152000633166,0.0965680617645769
0.05964105465039829,0.08202097612732381,0.04428125612214693
0.1363138590825569,0.10535609936024432,0.08984116179972576
0.10201442836712289,0.09491717713102213,0.06946002614461215
0.14661382308955218,0.10849086052070954,0.09596152471218937
0.12614647454276404,0.1022616883373309,0.08379957920663698
0.13270934912123658,0.10425907826176437,0.08769931848164357
0.07888348966280886,0.08787734978734012,0.05571534322337034
0.1753659437359683,0.11724147664152164,0.1130463817796018
0.16459192487227264,0.1139624383989514,0.1066443297504139
0.021421708536406223,0.07038904016180487,0.021570859431845602
0.12557635121181504,0.10208817312180976,0.0834608050431641
0.13102741788653874,0.1037471878604461,0.08669989464451501
0.18183834034719853,0.11921132988549711,0.11689235795458895
0.16885151829416326,0.11525883205714751,0.10917543156628497
0.2376368698123697,0.13619343417825971,0.15004851753696294
0.1589431880033661,0.11224326336782406,0.10328778213420436
0.12433398612587741,0.10171006327444804,0.0827225767162935
0.17773997215422044,0.11796400461097112,0.11445705811539646
0.22954395446867595,0.1337303812319471,0.14523960957479798
0.2505801908090024,0.1401326925989805,0.15773959507258356
0.14122271302773357,0.1068500933857852,0.09275806205378069
0.08022806051644031,0.08828656563378327,0.05651430345081938
0.20785025399982376,0.12712797275650567,0.1323489509575946
0.20594216860649395,0.12654725305905837,0.13121514359018863
0.02286448575814633,0.07082814480283492,0.02242817506837484
0.12498295948956424,0.10190757624568574,0.0831082045207778
0.07383814864953558,0.08634181635839128,0.05271734070633267
0.021545268246535562,0.07042664516508909,0.021644280102717652
0.29324999622104253,0.15311911164271994,0.18309450838572985
0.08428532342141552,0.08952138064514399,0.0589251780318236
0.31016144783110516,0.15826605794644566,0.19314349701907407
0.13286468786230107,0.10430635511165194,0.08779162263620509
0.20510078769310539,0.1262911814643755,0.13071518489770553
0.21504380074022963,0.12931730573985414,0.1366234432421456
0.13568551126739853,0.1051648637088493,0.08946778994508534
0.21378676465647295,0.1289347308211471,0.1358764972313218
0.16302384900890465,0.11348519951638728,0.10571256014893103
0.09304419043458212,0.0921871138558531,0.06412980251266447
0.17881969659604963,0.1182926152975669,0.115098643408798
0.2480265738686522,0.1393555074362092,0.15622220506969198
0.11687336230784727,0.0994394462352312,0.07828938400914388
0.08764355684074282,0.09054344826436427,0.06092068085659936
0.04758008088898175,0.07835025727053949,0.037114479961818825
0.19554315914408857,0.12338234773046512,0.12503592667284402
0.11326607451438496,0.09834157971240794,0.07614589006967998
0.11957380693403684,0.10026131793540592,0.07989402079487122
0.08034335698673895,0.08832165574640753,0.05658281400486342
0.3132018987848784,0.15919140948687002,0.19495016966783285
0.16528324232252067,0.1141728386577405,0.10705511892213952
0.13389852162589422,0.10462099911684344,0.08840593913479204
0.13009969573143915,0.10346483858451344,0.08614863094424499
0.0655629020657095,0.08382327148127972,0.04780008932091587
0.12432531896714791,0.10170742545236076,0.08271742658598155
0.1145787253934599,0.09874108081650687,0.07692588306303873
0.18297408892441164,0.11955699133882687,0.11756723346533215
0.30066481227655983,0.1553757872356682,0.18750048156758828
0.18773359529208652,0.12100553190598226,0.12039538958651556
0.11562975864740743,0.09906095943167437,0.07755041970635687
0.12884268536451404,0.1030822714926417,0.08540170021467298
0.14863122934675077,0.10910485167404288,0.09716029185618584
0.1443253083372225,0.10779435836246101,0.0946016616286609
0.2615795051914772,0.1434802988133822,0.16427552041788643
0.08692780869261857,0.09032561260067722,0.06049537466936706
0.1420013113286972,0.1070870572928248,0.09322071456030302
0.16044171700001097,0.11269933588354596,0.1041782261481922
0.14127743418494573,0.10686674759527241,0.09279057802576882
0.14415192629781012,0.10774159009232884,0.09449863592847561
0.21325726038800596,0.1287735778876064,0.13556185940496487
0.15189354008195835,0.11009772553060689,0.09909879626446695
0.2564217585550342,0.1419105550919029,0.16121072512305498
0.14793284419870573,0.10889230038399439,0.09674530297313642
0.0741623644783441,0.0864404904107536,0.05290999366443275
0.18632460434046094,0.12057671000839094,0.11955815015941955
0.2145819583324154,0.12917674547757663,0.13634901090992887
0.16145370950541502,0.113007332571541,0.10477956430758388
0.11656931589272819,0.09934691067952973,0.07810871596006153
0.178989932632478,0.11834442609173518,0.1151997997160446
0.16094180833533347,0.11285153708479173,0.10447538645472067
0.15047687401339382,0.10966656773567995,0.09825699619026292
0.16913517040516585,0.11534516067150495,0.10934398107374398
0.1082460448376702,0.09681374970792832,0.07316292785428154
0.08434575670949343,0.089539773323423,0.0589610882209059
0.1575269206405597,0.11181222691772157,0.10244621897577347
0.08266311415823889,0.08902766643518174,0.05796124171089497
0.17591925766049288,0.11740987596786542,0.11337516759092221
0.062044742600289755,0.08275253088053278,0.045709556509571654
0.12334680727960105,0.10140961854438511,0.08213598313260571
0.2310161085509132,0.1341784266266768,0.14611438129635335
0.2160583586780069,0.12962608320900124,0.13722630581241296
0.13000003494260948,0.10343450714162357,0.08608941130082046
0.07950673939754764,0.08806703385423598,0.056085685737102174
0.1369257692947844,0.1055423322796682,0.0902047662323366
0.06118991134997923,0.0824923657187511,0.04520160546457162
0.07850382820927931,0.08776180103611705,0.05548974380594562
0.18294180685606815,0.11954716639439458,0.11754805107074402
0.1292731928049351,0.10321329505763735,0.08565751293111593
0.19354819658692518,0.1227751872455808,0.12385049584625832
0.08105772150377598,0.08853907030639065,0.057007298021806055
0.12426493694871343,0.10168904837783406,0.0826815468619401
0.1006949087451199,0.09451558554694309,0.06867595166131407
0.17576624604056487,0.11736330736986614,0.1132842462398234
0.24009984212374752,0.13694303193760765,0.15151204540742386
0.19941141888244265,0.12455964023150173,0.12733449329136037
0.08883134760014393,0.09090494858968595,0.06162648046004159
0.11545410523985308,0.09900749987790011,0.07744604433181056
0.07938446784125976,0.08802982089646064,0.05601303050278822
0.20287487798591436,0.1256137329517336,0.12939252248751348
0.17732919012251122,0.117838984411139,0.11421296647485558
0.19740181639032642,0.12394802412915606,0.1261403632387515
0.12222359541607875,0.10106777259984093,0.08146855708843
0.14340455735798097,0.10751413074164322,0.09405454028521393
0.10454710802549234,0.09568799009886977,0.07096497496188076
0.08115431667528378,0.08856846873843616,0.05706469603842241
0.19217109107977406,0.12235606958121333,0.12303220313506123
0.13611431925701822,0.10529537005141959,0.08972259282735293
0.08483963539312477,0.08969008372396212,0.059254556894825464
0.15364596241775072,0.11063106967348392,0.10014010676454947
0.17669104450929707,0.11764476683118749,0.11383377265037095
0.11630064901182428,0.09926514277210906,0.07794907085716841
0.1263177648615814,0.10231381999897829,0.08390136198120231
0.07240610647610636,0.08590597889504027,0.05186640396505982
0.21697812275399717,0.1299060104689652,0.13777284072603838
0.21719756498003043,0.12997279700983724,0.13790323594496642
0.03192081340337216,0.073584409207198,0.027809554246526872
0.0513963004680915,0.07951171151526058,0.039382123689693786
0.11537172391426401,0.09898242738447889,0.07739709235397128
0.19468309305371295,0.12312058936182313,0.1245248650227037
0.2555962442217937,0.14165931244023047,0.16072019454397338
0.10486961906749086,0.09578614530480951,0.07115661491508499
0.16131445347219575,0.11296495044243833,0.10469681669210938
0.1773655729156296,0.11785005739806376,0.1142345855695925
0.2759706294910355,0.1478601915468949,0.17282690014813115
0.15016512185087194,0.10957168696035864,0.09807174929308103
0.16903495467923088,0.1153146603352788,0.10928443167999426
0.02997871838888823,0.07299333879013604,0.02665553795180439
0.09548791951775551,0.0929308550001355,0.06558189582469989
0.037373831551488254,0.07524401787053095,0.031049803436917718
0.12168161255843035,0.10090282184752364,0.08114650433379031
0.09792037632266845,0.09367116546251888,0.06702729101295951
0.17679524708083627,0.11767648055114414,0.11389569107589137
0.13715028308109525,0.1056106623337187,0.09033817503358489
0.16292785782251348,0.11345598490528375,0.10565552102755987
0.13921020396653838,0.10623759267842009,0.09156220488274877
0.16973242462951313,0.11552693308780998,0.10969887674148834
0.07746420541246946,0.08744539515714898,0.054871987393959425
0.10741423037873742,0.09656058963311584,0.07266865366448377
0.2092877522988191,0.1275654707742527,0.13320312979452312
0.17449850702690034,0.11697747504861307,0.11253094041888602
0.11328287717183805,0.09834669354755722,0.07615587441151224
0.1286905700716666,0.10303597568892757,0.08531131147194246
0.23230852383783349,0.1345717690929105,0.14688235005665143
0.07483776307118416,0.08664604581611522,0.05331132365897861
0.2909552112047274,0.1524207011496466,0.1817309194356719
0.15159301500465852,0.110006261682828,0.09892022063681197
0.1595678138253394,0.11243336624247643,0.10365894233557764
0.07352742419836068,0.0862472483637372,0.05253270448763564
0.16663672683331926,0.11458476734728358,0.1078593757522467
0.09152506726264968,0.09172477356863422,0.06322712119119125
0.09905396551594924,0.09401616971424315,0.067700883391711
0.22212105556429249,0.13147124564975307,0.14082883346660005
0.05302958060752033,0.0800087951110639,0.04035263845889441
0.0912089288040463,0.0916285578381049,0.06303926790394432
0.2103913964820643,0.12790136135777924,0.13385892848693648
0.15710391492488182,0.11168348647870045,0.10219486387470368
0.15996067936156366,0.11255293361411042,0.10389238777828597
0.07716630278524812,0.08735472944367852,0.05469497005778889
0.0952888369762541,0.09287026486424749,0.06546359857602045
0.20287667795160363,0.1256142807655444,0.12939359204884793
0.20847141433045485,0.1273170209199326,0.13271805192219094
0.248633769873954,0.1395403056018064,0.1565830082636567
0.19168058336368587,0.12220678512388355,0.12274073753073637
0.02822681300405995,0.07246015197963454,0.025614534630223063
0.14734637436999387,0.1087138101640693,0.0963968155234243
0.2128684146001666,0.12865523391355935,0.13533080254525703
0.09355737811112587,0.09234330088673645,0.0644347448231928
0.13549166321676254,0.10510586667354394,0.08935260309404772
0.21469130604541903,0.129210025104911,0.13641398664059892
0.11818140417838847,0.09983754460229849,0.07906663827401042
0.09837968036370177,0.09381095318097098,0.06730021501700238
0.0629648583024602,0.0830325651568021,0.04625630036371663
0.18443304599883384,0.12000102026636285,0.11843416336558293
0.11235213930909493,0.09806342645063143,0.07560281874136728
0.1739225448198944,0.11680218278980581,0.1121886967247969
0.1192063962990795,0.10014949768170171,0.07967570096168435
0.1574607531501648,0.11179208905327521,0.10240690145447462
0.15686770076529735,0.11161159545340013,0.10205450257045644
0.06467905505166141,0.08355427546444408,0.04727489675894205
0.08800913234631487,0.09065471000229901,0.06113791023375913
0.10115209816419068,0.0946547296869522,0.06894761913146727
0.1833232971400846,0.1196632717443374,0.11777473720131422
0.07605557643445413,0.08701668342507017,0.05403496305595113
0.20707160616666107,0.1268909937744995,0.13188626901844205
0.16734092851891094,0.1147990888819634,0.10827782089209999
0.10909860743647208,0.09707322441286641,0.07366953083917711
0.18281025887716912,0.1195071301870145,0.11746988367416683
0.20473647090067126,0.12618030281176557,0.1304987034630824
0.24967741481636127,0.13985793560794554,0.15720315468309565
0.14822914295432565,0.10898247796426372,0.09692136726944629
0.1826532921837615,0.11945935787502909,0.1173766121706772
0.040674048699509587,0.07624842842280981,0.03301083229314555
0.06195519912829012,0.08272527861071848,0.04565634869790287
0.21005934593572748,0.12780030283415109,0.1336616200451318
0.17016025467559492,0.11565714179638677,0.1099530985179041
0.0804474287673147,0.08835332966055216,0.05664465471281515
0.18358520193231598,0.11974298163165999,0.1179303641895135
0.18799824209420446,0.12108607631525956,0.12055264591007979
0.05065840408634729,0.07928713510738492,0.03894365675476069
0.14128055797187525,0.10686769830985111,0.09279243421765976
0.2405263795584794,0.13707284724404706,0.15176549909857645
0.08193036045521324,0.08880465518515498,0.05752583061771817
0.22225714284830786,0.13151266338015227,0.140909698173057
0.03836304834134935,0.07554508284221734,0.03163760799127728
0.12602999435225415,0.10222623796323974,0.08373036527175826
0.12516103284072233,0.10196177230156939,0.08321401785501725
0.18375417856125,0.11979440912917838,0.11803077214162855
0.1783213550298987,0.11814094663298184,0.11480252283622705
0.09104978797081742,0.09158012383360649,0.0629447045003355
0.12380278641461584,0.1015483943383058,0.08240693143736726
0.12208137645476846,0.1010244887130337,0.0813840488653273
0.03830364943177163,0.0755270049737324,0.031602312442382874
0.1489424985553905,0.10919958546389205,0.09734525177634243
0.054803410052330144,0.08054865443922288,0.04140666932149538
0.24423236483580826,0.13820075203097018,0.15396764027403045
0.17260466339334263,0.11640108978528199,0.11140559567700548
0.13773007884622232,0.10578712132370022,0.09068269667417296
0.1324665654859241,0.1041851878375011,0.08755505351563876
0.13016149253726456,0.10348364624506541,0.08618535135202769
0.08080245024101677,0.08846137931258359,0.05685561275687243
0.051341097675789205,0.07949491072167138,0.03934932152432312
0.09739452078182367,0.09351112300758056,0.0667148213045883
0.1626996150683757,0.1133865199517806,0.10551989642862793
0.29275875801897533,0.1529696048643147,0.18280260871782084
0.0942619797810448,0.0925577441553694,0.06485342763856014
0.2924146773532068,0.15286488501224668,0.182598151833871
0.2531081202704339,0.14090205985955642,0.15924172126550634
0.0631499643592583,0.08308890159419388,0.04636629261651775
0.07236907570945171,0.0858947086994385,0.051844399836628
0.12096127354823548,0.1006835889696229,0.08071847020091334
0.31362773860160464,0.1593210124754966,0.19520320882594755
0.19337357273169023,0.12272204103276793,0.12374673224412468
0.06228010917026258,0.0828241639446409,0.04584941416584285
0.09312230117079918,0.09221088660903391,0.06417621685476159
0.17240034514836458,0.11633890617975713,0.11128418731013603
0.14739323100183727,0.10872807083037003,0.0964246582995293
0.25568439282278427,0.14168614018550665,0.16077257350645532
0.037454933738769326,0.0752687010622919,0.03109799533533786
0.14219536127507018,0.10714611577445311,0.09333602138022387
0.14793392496779867,0.10889262931261735,0.0967459451791741
0.1941014234212329,0.12294356006629513,0.12417922990752074
0.19375593661618798,0.12283841226022787,0.12397393747864369
0.09780933283354402,0.09363736973113633,0.06696130763165381
0.16170147263893858,0.11308273849018656,0.10492678815151797
0.09599409487648008,0.09308490785447919,0.06588267133135561
0.17078291135920082,0.11584664537006388,0.1103230886334959
0.13168514400178655,0.10394736470367624,0.08709072343960463
0.09732198738345105,0.09348904769936577,0.06667172108394559
0.1869150250669496,0.12075640267144035,0.11990898528027018
0.0624367629381649,0.08287184101874766,0.045942499725221034
0.33010343404235465,0.16433533778034617,0.20499326588480035
0.1068780676924951,0.09639741023138379,0.07235005932593117
0.10528210927928187,0.09591168538379599,0.07140172157684496
0.158124796903033,0.11199418864934414,0.1028014842660793
0.1044478883007713,0.09565779289243335,0.07090601740407214
0.12528826587437447,0.10200049526914004,0.08328962125905595
0.16496306241177663,0.11407539292415546,0.10686486415525841
0.011263912481494626,0.06729754736365148,0.015534974432186767
0.24781319166122456,0.13929056524265168,0.15609541078695155
0.16250512061745584,0.11332732618661268,0.10540432547874089
0.18330477156168926,0.11965763354369982,0.11776372907906596
0.20523494040174337,0.12633201041293524,0.13079490005612743
0.19242835977597045,0.12243436848750978,0.12318507529904814
0.11362867156204695,0.0984519349661873,0.0763613496112059
0.12712463683257128,0.10255938890721998,0.08438081504365934
0.053152788352999775,0.08004629299503072,0.04042584998812391
0.11238396346997673,0.09807311203238982,0.07562172904181585
0.15591728264079704,0.11132233873164261,0.1014897526512749
0.10358077022646292,0.09539388827499642,0.07039076537997578
0.1478470984393073,0.10886620393588499,0.0966943518081259
0.18976254732214612,0.1216230369784231,0.12160101736807982
0.1316962866534882,0.103950755934146,0.08709734453771477
0.041931645053570686,0.07663117385799531,0.033758111223345426
0.19278531650445702,0.12254300712815622,0.12339718329485273
0.15161109139654974,0.1100117631749869,0.09893096184701891
0.012901924453924438,0.06779607107772104,0.016508300913660012
0.077864717856012,0.08756728984061066,0.055109976721278896
0.10961544135515898,0.09723052116590475,0.07397663979078953
0.12389249837375756,0.10157569788664424,0.0824602393661292
0.1323602201500119,0.10415282197404886,0.08749186183366886
0.14992856262447968,0.10949969091507723,0.09793118294597254
0.11216441635385854,0.09800629356855527,0.07549127149593376
0.16163997626010024,0.11306402226362881,0.10489024626107654
0.3452928985535618,0.16895820280838506,0.21401902900314093
0.13316359001439051,0.10439732502732464,0.0879692339021146
0.16616624143542968,0.11444157661857142,0.10757980765102393
0.25747795729785167,0.14223200580711592,0.1618383311621967
0.07657461196941498,0.08717465023299213,0.05434338023452263
0.00851825705055875,0.06646191589939854,0.013903472840677132
0.11796088910423219,0.09977043154352538,0.07893560555578073
0.2709378948776043,0.14632849483548915,0.16983638850601332
0.22107843101054125,0.13115392619564334,0.14020929337441418
0.10280229858104357,0.09515696291516729,0.06992818813370638
0.07849978970373558,0.08776057192984871,0.05548734407721495
0.162425668547634,0.11330314520283176,0.1053571141000288
0.08230447888407434,0.08891851693451754,0.05774813630299177
0.13952171293824794,0.10633239943939397,0.09174730727301483
0.12136310657331269,0.10080588556785855,0.0809572442337174
0.27968260254375826,0.14898991869414185,0.17503259933198453
0.24719746473057064,0.1391031707171607,0.15572953841419174
0.09300522229811162,0.0921752540279333,0.064106647175708
0.11767517894990015,0.09968347657025152,0.07876583313413915
0.06973204531870505,0.08509213691935603,0.050277444554881076
0.18816009872911513,0.1211353368653293,0.12064882307582263
0.1741630274267243,0.11687537290339707,0.11233159439190854
0.05964627143073696,0.08202256383776413,0.04428435599598005
0.14051354796632193,0.10663426126352123,0.09233666761611743
0.09859339025939917,0.0938759951054072,0.06742720401606717
0.08602077696146429,0.09004956038921315,0.059956405468696614
0.24694632651649154,0.13902673760352366,0.155580309056661
0.21426528806935458,0.12908036789405877,0.13616084161805553
0.19513592254969103,0.12325840657315916,0.12479394177393988
0.18811911193564126,0.12112286266559541,0.12062446822851333
0.19923472880940274,0.12450586517189668,0.12722950191767207
0.2319601660136893,0.13446574750134663,0.14667535163357834
0.21998519397838448,0.1308212029953235,0.13955967873677108
0.029423470423298275,0.07282435084456869,0.02632560290994297
0.12440308496245518,0.10173109328474636,0.08276363607886965
0.1759938627026236,0.11743258177424373,0.11341949880728654
0.11526017490503102,0.09894847779966541,0.07733080858651646
0.10623046977927879,0.09620031587410544,0.07196524883071542
0.04007704150642574,0.07606673118968087,0.03265608341435883
0.19808286444199402,0.12415529892927463,0.12654505020990986
0.033450436800255265,0.07404994520435595,0.028718474928381813
0.08902289943227705,0.09096324677822122,0.061740302870333934
0.1330089343901891,0.10435025608187347,0.08787733566383676
0.11487239960263469,0.09883045962444506,0.07710038782217772
0.1451410047599717,0.10804261296442147,0.09508635828684686
0.180142842854872,0.1186953106369831,0.11588487288346029
0.19251185044519253,0.12245977860612388,0.1232346864622616
0.15479641075353603,0.11098120495140242,0.10082371704923222
0.06434107307900427,0.0834514117301531,0.047074063792037775
0.17010208744759772,0.1156394387862585,0.10991853484906877
0.19667000051768874,0.12372529830481352,0.12570550941570877
0.10261032026513145,0.09509853492765571,0.06981411230160584
0.11210696521959282,0.09798880849926771,0.07545713333863513
0.07252853118115207,0.08594323846315112,0.051939150202213784
0.216970728931208,0.12990376018260585,0.13776844722730863
0.1662504963525453,0.11446721933359183,0.1076298729395587
0.04543471304161198,0.07769732141578531,0.035839676496708224
0.08883856244461596,0.09090714440456592,0.06163076760769531
0.0337016524969686,0.07412640189958523,0.02886775032702872
0.04525502595496262,0.0776426342246567,0.03573290426136518
0.06213559217462476,0.08278018065842314,0.04576354042301032
0.10688301785077216,0.09639891679625084,0.07235300076971782
0.20407747301668555,0.12597973890978048,0.13010711896766114
0.08961820332707487,0.09114442561795488,0.06209403962872379
0.06319906918267355,0.08310384649042156,0.046395471295185856
0.1810679969309637,0.11897687832626902,0.11643461060019229
0.14418114490449938,0.10775048268198753,0.09451599797717916
0.1370982626430971,0.10559483007950146,0.09030726386154594
0.1107413385149873,0.09757318437180618,0.07464566147043641
0.17010746151981207,0.11564107436797892,0.10992172818763259
0.08552414175811152,0.0898984110506979,0.05966129883749294
0.15298495129074044,0.11042989304741224,0.09974732597582701
0.17545694780158025,0.11726917343833852,0.1131004574936215
0.19288300536179231,0.12257273841999142,0.1234552311927862
0.010844452112678264,0.06716988593962839,0.015285726019006882
0.11363739727289605,0.09845459060842521,0.07636653453389396
0.16813516090639577,0.11504081097332024,0.10874976336150449
0.14453764378532213,0.10785898197815909,0.09472783391437668
0.12096811425545617,0.10068567091702484,0.08072253503169728
0.1656398938736123,0.11428138441862111,0.10726704557785319
0.33525082412590596,0.16590192951801855,0.2080519071909209
0.18166053919445796,0.11915721667233273,0.11678670636393401
0.058960293691823464,0.08181378870307157,0.04387673974516899
0.26670458056561797,0.14504009914049024,0.16732090205438221
0.12438294101358027,0.10172496253822057,0.08275166630135189
0.17204661558580978,0.1162312497167586,0.11107399693527337
0.24718121473308477,0.13909822508230785,0.1557198824695814
0.04942127576172133,0.07891061905160895,0.038208540174658606
0.20592915628190633,0.1265432927996151,0.13120741150988655
0.06531543847320223,0.08374795672698607,0.04765304346786831
0.12388565761967577,0.10157361592498007,0.08245617450750006
0.059753253861351115,0.08205512359895491,0.044347926247310245
0.11249608892291159,0.09810723705600345,0.07568835533907463
0.08454539954289357,0.08960053398236147,0.059079718401793116
0.14938897199142856,0.10933546822867841,0.09761055168005774
0.09030778987947576,0.0913542990835104,0.0625038002800602
0.1606596585840921,0.11276566570883093,0.10430772966756252
0.14236893086254582,0.10719894112423956,0.09343915852373194
0.21911000381326012,0.130554841662819,0.13903963017889784
0.07118097739563804,0.08553311477091338,0.05113841748064248
0.08796575319417403,0.09064150769584307,0.061112133818059425
0.0867457718004039,0.09027021025372747,0.060387206151200225
0.12676693558350277,0.10245052367411166,0.08416826464474027
0.08879999365312004,0.09089540611601396,0.061607849566341806
0.11436922711247578,0.09867732068356204,0.07680139665626222
0.10843338520223347,0.09687076614975483,0.07327424775972012
0.08124984453406214,0.0885975423372601,0.05712145984493429
0.2629089134224005,0.14388489996401457,0.16506547083194037
0.18737963489266476,0.12089780518852039,0.12018506204560088
0.054188644877519836,0.08036155262105225,0.04104136843566433
0.17483513981762458,0.1170799281636903,0.11273097168560392
0.08762850257547296,0.09053886654679354,0.060911735430501865
0.10700071838077507,0.09643473857677057,0.07242293984505017
0.09368737494768138,0.09238286500889653,0.06451199051227013
0.14941603172349963,0.10934370377173977,0.09762663089941004
0.1755249900884059,0.1172898818910929,0.11314088904158445
0.16989912567357374,0.11557766801833738,0.10979793251360999
0.1305286450196695,0.10359538793086462,0.08640351778785232
0.18641719665878687,0.12060489018485047,0.11961316963236876
0.13916651282822132,0.10622429541996758,0.09153624308109788
0.22895908891258498,0.133552379267272,0.14489207540323745
0.11786255214840886,0.09974050300498435,0.0788771725499044
0.04010016389473734,0.07607376841473995,0.03266982301653363
0.20366558568362714,0.12585438231501164,0.12986237054371974
0.1195198907324877,0.10024490871160466,0.07986198313725258
0.188400185814376,0.12120840660319372,0.1207914857192448
0.12085044705035747,0.10064985927883342,0.08065261575842508
0.19897448578589755,0.12442666103858036,0.12707486237250404
0.09865474206016953,0.09389466733009147,0.06746365999647572
0.12932531747586662,0.1032291590348152,0.08568848603962144
0.08799742839985512,0.09065114794356166,0.06113095560753
0.089688139196431,0.09116571037650671,0.06213559636627829
0.12480813126531197,0.10185436783381485,0.0830043194801079
0.1692196431019083,0.11537086966705935,0.10939417576956097
0.10311345172060464,0.0952516613797632,0.07011307908421596
0.04793773741291836,0.07845910889169667,0.037327003784525054
0.08760145500925952,0.09053063470637232,0.06089566344024905
0.1731755253347478,0.11657482979453732,0.11174480873172482
0.13731216807416377,0.10565993151450297,0.09043436905008702
0.09638500809119854,0.09320388104329623,0.06611495668106479
0.18840454453366415,0.12120973316549284,0.12079407572284671
0.13558983710473113,0.10513574558290381,0.08941093920303664
0.12188688821327334,0.1009652968376842,0.08126848160515539
0.15207561820807794,0.11015314042696418,0.09920698928431783
0.12491611003531405,0.10188723082771738,0.08306848176832621
0.10743211350315149,0.09656603230493511,0.07267928003282345
0.11206302829631008,0.09797543643694545,0.07543102548859179
0.09850615538081155,0.09384944544862685,0.06737536799846372
0.11517314141754992,0.09892198943562534,0.07727909223793909
0.13393191581768013,0.10463116253249463,0.0884257823665508
0.17829380853398383,0.11813256294489877,0.11478615437592476
0.11404613070926367,0.09857898732480593,0.07660940887436038
0.1292328287490523,0.10320101038610116,0.08563352812199854
0.05692699381516781,0.08119496037740066,0.042668528420687656
0.05834526572895644,0.08162660690619475,0.04351128270750322
0.046976880454013735,0.07816667514401643,0.03675605098396482
0.13694560280027362,0.10554836854374056,0.09021655154064802
0.13358576129198235,0.10452581150777832,0.08822009317000377
0.1636672879763147,0.11368102811178794,0.10609489934835874
0.2300129567139769,0.13387312056790415,0.14551829636885416
0.1243452126499641,0.10171348003121054,0.08272924765238675
0.08812648435939568,0.09069042571280636,0.06120764221613082
0.11036399549293638,0.09745834122780148,0.07442143969297486
0.08027128607341306,0.08829972119404023,0.05653998859841668
0.11331707271355801,0.09835710085150243,0.07617619381507257
0.10144888177069544,0.09474505483004032,0.06912397153202386
0.20298538490662818,0.12564736538023358,0.12945818703339435
0.043526593182484356,0.0771165912287824,0.0347058486493091
0.07762128495951562,0.08749320181577894,0.054965325956443364
0.16463905395656242,0.11397678198528437,0.10667233442105062
0.07512514218521406,0.0867335087319446,0.05348208779661354
0.0735876076292641,0.08626556499878274,0.05256846620856939
0.21468494515822356,0.1292080891892017,0.1364102069246645
0.14603416031672356,0.10831444200650925,0.0956170820972302
0.2916240203453325,0.15262425107625915,0.18212833389817834
0.22255298329020617,0.13160270147410358,0.14108549013382252
0.1937148546283036,0.12282590908837931,0.12394952606566716
0.14682734880829287,0.108555846391477,0.096088404271084
0.18069214478256734,0.11886248892490131,0.11621127471784809
0.1915317811863801,0.1221614976563066,0.12265231748124313
0.10028631977658312,0.09439123279888552,0.06843316316537598
0.05581563681358413,0.08085672242223808,0.04200814667853992
0.14665841156045295,0.10850443087946895,0.0959880197196904
0.11811362984781038,0.09981691770117264,0.07902636594888347
0.1434416247282937,0.10752541207745187,0.09407656616398113
0.21611185944724914,0.1296423659973062,0.13725809661514146
0.21580019457047428,0.1295475117871235,0.13707290158420413
0.05114228886506535,0.07943440389487155,0.03923118692977509
0.2588491591042359,0.14264932669900376,0.16265311582315267
0.05637375994754897,0.08102658541612055,0.042339790180147004
0.09672021400770114,0.09330589989375983,0.0663141400819006
0.10942335063606878,0.09717205896884436,0.07386249716736396
0.08345877886930494,0.08926982444964757,0.05843403528425687
0.21226325707686877,0.12847105615345158,0.13497121064189957
0.1227885415044996,0.10123971213812805,0.08180425487191396
0.08620051231100238,0.09010426226899765,0.060063206382430505
0.1852145133560458,0.12023885736151133,0.11889852069995152
0.07368148547452728,0.08629413642126155,0.052624249557138535
0.25232167514772447,0.14066270779737117,0.15877440608280768
0.17497486459045744,0.11712245295219784,0.11281399783181356
0.048929716405276415,0.07876101453089407,0.037916449672942595
0.06580586818409065,0.0838972174436824,0.047944462720562395
0.15555269253408377,0.11121137689670431,0.10127310881000846
0.08213566821711472,0.08886713994699608,0.05764782696748482
0.13999562023187698,0.10647663161114926,0.09202890870598145
0.052608360081296705,0.07988059798875338,0.04010234413894184
0.24747559576442799,0.13918781900931596,0.1558948072309827
0.16472567243049024,0.1140031440412744,0.10672380416356649
0.15975816402359763,0.11249129871757857,0.10377205072052059
0.28124609281490687,0.14946576196635472,0.17596164411923226
0.16476263890450077,0.11401439466961524,0.10674577008853317
0.16975406803265097,0.11553352018845345,0.10971173751282448
0.15142646557134576,0.10995557289454756,0.09882125495362638
0.11479622732054413,0.09880727683358884,0.07705512533291572
0.1599451660900093,0.1125482121994426,0.10388316960511497
0.089843565715148,0.09121301394124244,0.06222795267938015
0.1560643805331293,0.11136710750552922,0.10157715999406956
0.11921542465559629,0.10015224543318249,0.07968106572008032
0.12338971367757724,0.10142267696962032,0.0821614786320756
0.14635898446980966,0.10841330120042335,0.09581009652895736
0.11612814774530925,0.09921264256239597,0.07784656852286774
0.4559596585498209,0.2026392778835207,0.27977855331445056
0.12082860785754136,0.10064321259022671,0.08063963864649937
0.12322736322838085,0.10137326612874963,0.08206500803592517
0.25626108796747316,0.14186165551155747,0.1611152527209608
0.01059663008088377,0.06709446209548196,0.015138467177009248
0.11701405195838248,0.09948226468118684,0.07837298349732844
0.19016269884364753,0.12174482181641409,0.12183879223116655
0.10057829022898294,0.09448009307388895,0.06860665553167831
0.16073845387372232,0.11278964680365733,0.10435455077955888
0.11442392250713208,0.09869396705229785,0.0768338973198284
0.09805273614953999,0.0937114487532373,0.06710594081939916
0.15102511112616107,0.10983342195057427,0.09858276529877
0.2961843062100593,0.15401215951940064,0.18483811079232584
0.16574563180205412,0.11431356541954893,0.10732987633097393
0.07254305422678153,0.08594765850572032,0.05194777997119042
0.21460085977934548,0.12918249807260251,0.13636024237779668
0.06038371689359948,0.08224700300991787,0.04472255498947188
0.19369986224922991,0.12282134620567493,0.12394061741309434
0.09525206823801738,0.09285907441615807,0.06544175014803671
0.1517135746692255,0.11004295363182377,0.0989918586444065
0.09109644495868183,0.09159432373889954,0.0629724286455789
0.10204630340309391,0.0949268781964512,0.06947896667565258
0.06882792620990774,0.08481697115520695,0.04974020606956445
0.12192483127922897,0.10097684468866559,0.0812910278328415
0.15494267146993704,0.11102571893346729,0.1009106269319858
0.17641316134159496,0.11756019397630492,0.11366865111864055
0.13506267533896593,0.1049753055825816,0.08909769332005449
0.11209157292222183,0.09798412390270639,0.0754479870497837
0.08374706200524422,0.08935756250165869,0.05860533660262008
0.2861816518272461,0.15096788359382424,0.17889441284647056
0.1222441639509381,0.10107403256775539,0.08148077916006344
0.11791795715132393,0.09975736534072804,0.07891009487126177
0.24208897519303194,0.137548418236468,0.1526940122819618
0.22076572441751544,0.13105875494244568,0.14002347934310908
0.14549348459029804,0.10814988907540644,0.09529580605573738
0.21771795935763105,0.1301311773771785,0.1382124605642325
0.2820679137870502,0.14971588055536927,0.17644998005857845
0.28087050699301036,0.14935145362060673,0.17573846649130806
0.15824812977951253,0.11203172461653167,0.10287477014965901
0.2664082753699187,0.14494991960020348,0.1671448339312999
0.18481178219023728,0.12011628741701172,0.11865921298108627
0.18905079987000964,0.12140641891378696,0.1211780884426838
0.19575747029716542,0.12344757264566511,0.12516327294629978
0.15131499304530646,0.10992164658714978,0.09875501663340838
0.15627271531128192,0.11143051353010214,0.10170095503342261
0.06561113656958827,0.0838379514985353,0.04782875084521249
0.20223956347844724,0.1254203770097774,0.1290150109402294
0.105103951060088,0.09585746349859633,0.07129585781299431
0.14995152975678414,0.10950668088846607,0.09794483029315423
0.20481142448516476,0.12620311469589923,0.13054324178752488
0.07977001290388114,0.0881471603053261,0.05624212603173859
0.13395843420970835,0.10463923332044214,0.08844153991511673
0.09139798202330333,0.09168609558178888,0.06315160560831291
0.1789824502682568,0.11834214885807363,0.11519535360492747
0.12757578209504558,0.10269669352746627,0.08464889100302243
0.18173979426655337,0.11918133770048424,0.11683380068421985
0.07302743637259672,0.08609507866529495,0.05223560568773595
0.15499940992053468,0.11104298709975595,0.1009443416040478
0.12620358875608276,0.1022790708658039,0.08383351716144263
0.1795310689499177,0.11850911920224277,0.11552134944627625
0.3603720581234814,0.1735474968797178,0.22297924759421342
0.2299236488740328,0.13384594001195335,0.14546522857259628
0.2744064072522543,0.14738412550267027,0.17189742041688316
0.11205584188786248,0.0979732492764787,0.07542675523796681
0.07161282092605602,0.08566454497063358,0.051395024117885234
0.14669350349626184,0.10851511099809315,0.09600887177143595
0.16837737350345444,0.11511452760391422,0.10889368900968752
0.1035205604769662,0.095375563629971,0.07035498802021631
0.20937816606603796,0.12759298791563856,0.13325685474611412
0.1932854401345276,0.12269521815820558,0.12369436279131041
0.09639170680033946,0.09320591977403596,0.06611893713487603
0.21644927473700284,0.12974505726346494,0.137458592852226
0.15328874833797104,0.11052235270879308,0.09992784584750072
0.10330750976781491,0.09531072232685536,0.07022839071775204
0.1271990790565395,0.10258204516041035,0.08442504951150681
0.17491990879438002,0.11710572733112087,0.11278134243458024
0.09764243003636322,0.09358657339769086,0.06686213197539347
0.060623013166989696,0.08231983206671449,0.04486474772293722
0.10755985748403414,0.09660491077766405,0.07275518704787245
0.12394858394712224,0.10159276735183123,0.08249356609066075
0.1055338937562672,0.09598831518548502,0.07155133495159331
0.17322804092236926,0.1165908127459614,0.11177601412764518
0.09180434994639189,0.09180977236175561,0.06339307433224206
0.14634935017786715,0.10841036903443028,0.09580437171641892
0.07078009670248561,0.0854111080118585,0.050900209334960866
0.19963151798876627,0.12462662669179321,0.12746527883648406
0.09196630181842076,0.09185906189693797,0.06348930808902951
0.21432608033665165,0.1290988698265168,0.13619696511692192
0.08371656264227888,0.08934828011791668,0.05858721351308088
0.07564525957182835,0.08689180479796332,0.053791147824493235
0.14904707668819958,0.10923141348472194,0.09740739336490185
0.13098337772365615,0.1037337843774814,0.08667372544825523
0.06443470783832396,0.08347990917020108,0.0471297026960057
0.15393437056254902,0.11071884577154201,0.10031148236468512
0.10981266651129787,0.09729054601248761,0.07409383335867159
0.13275918032248593,0.10427424422876677,0.08772892878278662
0.09083707378553575,0.09151538495045601,0.0628183071644156
0.18994899756802333,0.12167978251546951,0.1217118083542533
0.2135137889809659,0.12885165154584546,0.13571429179067743
0.1350601607941951,0.10497454028890876,0.08909619914720611
0.10554138453243067,0.09599059497929431,0.07155578606118797
0.17097075273382362,0.1159038142927024,0.11043470624515807
0.2044711658482974,0.12609955806612463,0.13034105599927232
0.09412872334075567,0.09251718798322002,0.06477424505360774
0.15630772404973323,0.11144116832787598,0.10172175764829425
0.06441228378079643,0.08347308447988665,0.047116378050410225
0.20050847047843445,0.12489352438214604,0.12798637458886855
0.17450542381453532,0.11697958015084615,0.11253505045757027
0.05507912270499539,0.08063256670478401,0.04157050110699706
0.19480948667767473,0.1231590568577345,0.12459996963937436
0.20167629327640418,0.12524894752215845,0.12868030898865565
0.16898787179900449,0.11530033081100516,0.10925645446436964
0.08798896042591092,0.0906485707427278,0.06112592383522152
0.1556047091175444,0.11122720797780533,0.10130401769163475
0.23302445974410338,0.13478966190018962,0.14730776781203964
0.3012770291199442,0.15556211347730559,0.18786426820413288
0.16046853096799504,0.11270749662909191,0.10419415933155804
0.10697533793601062,0.09642701411943941,0.07240785847848107
0.15540415839844673,0.11116617100675338,0.10118484803410985
0.1852753573778788,0.12025737504529728,0.11893467495198769
0.1298088552529212,0.10337632221345323,0.08597581002205959
0.08591620735655205,0.09001773496382133,0.059894268947516684
0.22114135753924857,0.13117307768374778,0.14024668507716656
0.2601814203258895,0.14305479614825609,0.16344476151872814
0.16674268640954745,0.11461701580600774,0.10792233821115708
0.1371166300025335,0.10560042012670369,0.09031817796817962
0.1501438438479774,0.1095652110681126,0.0980591056469791
0.05891869213424492,0.0818011274018453,0.043852019597609954
0.2201376768640238,0.13086761067473038,0.13965028590757458
0.09161043083005962,0.09175075369783231,0.06327784525311009
0.09503253633109285,0.09279226058119287,0.06531130163964098
0.12584017454348345,0.10216846691048471,0.08361757205064971
0.0514971181865198,0.07954239506597999,0.03944203079464768
0.17368216803764938,0.1167290248835892,0.11204586193993048
0.28840397507396554,0.15164424057867223,0.18021494413856923
0.21757661628257308,0.1300881600635555,0.1381284728033113
0.12304374546061198,0.10131738264737204,0.08195590014242567
0.1362904569119803,0.10534897698434613,0.08982725594755281
0.15186938370931355,0.1100903736157174,0.09908444225632333
0.12253900481879668,0.10116376644453907,0.08165597716187147
0.12654628773975782,0.10238337020733801,0.08403715303321854
0.11790341818283574,0.09975294045208778,0.07890145564073056
0.14782934667528272,0.10886080124318095,0.09668380349571506
0.3242133592345519,0.16254271231804432,0.20149331235284335
0.18043157739547794,0.1187831860725634,0.11605644243192394
0.10700895079077193,0.09643724408446927,0.07242783164241856
0.11291274201993394,0.09823404409581912,0.0759359356374765
0.10779451440280972,0.0966763278616959,0.07289462302083828
0.12257770806649933,0.10117554565440824,0.08167897509872564
0.19526077059962904,0.12329640367855085,0.12486812799187377
0.1822510984763001,0.11933695150426162,0.11713762381604775
0.12920845791743021,0.10319359320130665,0.08561904667974256
0.3366021179820245,0.1663131914888041,0.20885486230758057
0.12035895628883067,0.10050027563476295,0.08036056601663721
0.23160454211919496,0.13435751450447037,0.1464640356238163
0.07420534295675621,0.08645357077343932,0.0529355319949678
0.20793501536385012,0.12715376960702648,0.13239931718299552
0.17977271671834794,0.11858266392904702,0.11566493946647174
0.10493824920938001,0.09580703266937557,0.07119739577362101
0.25520904477420714,0.14154146952458307,0.1604901159595118
0.05844888290854273,0.08165814246397951,0.04357285328606086
0.27171731448352354,0.14656570870406985,0.17029952904185164
0.08844903687053185,0.09078859353974558,0.06139930681079723
0.08487239744092585,0.08970005474860974,0.05927402449899993
0.09972514222418759,0.09422044020250556,0.06809970469147685
0.1621429989137809,0.11321711560225813,0.10518914839234862
0.09601803045142282,0.09309219257029316,0.06589689413883995
0.15548129285426315,0.1111896466321112,0.10123068225861119
0.11339452334328452,0.09838067270338031,0.07622221591392687
0.15440536668745933,0.11086219193839235,0.1005913539460672
0.14350640159031433,0.10754512670859229,0.09411505735711816
0.12422240501514753,0.10167610391964632,0.08265627387374193
0.1000927560827916,0.09433232230667782,0.0683181452826069
0.1024888260033245,0.0950615585369737,0.0697419189450527
0.254333477592651,0.14127499344833097,0.15996984337392553
0.039602913852182973,0.07592243195187649,0.03237435104045648
0.1257728579062641,0.10214797930687142,0.08357757169243976
0.2388526147306229,0.13656344226257777,0.15077092783894466
0.16752731404134044,0.11485581472063515,0.10838857341881977
0.04053344751279918,0.07620563690053687,0.0329272853712334
0.14505144397989744,0.10801535542694987,0.0950331401905111
0.07625295702828473,0.08707675557861842,0.05415224898678542
0.16086314887052883,0.11282759732781734,0.10442864605147488
0.14394576668332593,0.10767884607187375,0.09437613339762398
0.15563555552763284,0.11123659598423129,0.10132234700076244
0.28043301527404735,0.14921830441273592,0.17547850363226977
0.07995612482005818,0.0882038028728083,0.05635271597832131
0.0752653125255667,0.0867761691275041,0.053565378704420484
0.33612665109412077,0.16616848465951062,0.20857233414487486
0.23030107331354957,0.13396080793510404,0.14568949872929834
0.06687638998933558,0.08422302733721541,0.04858057969624817
0.15777165608108787,0.1118867113676706,0.1025916437279918
0.1722416778794455,0.11629061630304437,0.11118990530415458
0.09772148765775157,0.09361063433235026,0.06690910896808627
0.23464042716533964,0.13528147642548585,0.1482679951551611
0.17640970579403512,0.1175591422914378,0.11366659779057915
0.203331957935978,0.1257528437751999,0.1296641249098617
0.14936497584017722,0.10932816507665848,0.09759629287739983
0.1849917636183597,0.12017106419002774,0.11876616011768464
0.14866509972558342,0.10911516001570136,0.09718041804403435
0.1515983021061885,0.11000787079529836,0.09892336229634568
0.12867532088682784,0.10303133464820838,0.08530225022228473
0.18734257891433737,0.12088652731982642,0.12016304293608875
0.030005548405019507,0.07300150441988448,0.026671480671173
0.051212360666335006,0.07945573002386722,0.03927282443971296
0.19919183444732408,0.12449281040974854,0.12720401357007777
0.07083410162418134,0.08542754423735315,0.05093229971116137
0.13894865564139458,0.10615799128071735,0.09140678971159466
0.04958366922238798,0.07896004298288337,0.03830503632874364
0.15248018726719645,0.11027626972842457,0.09944738910156749
0.12259293353147398,0.10118017947606238,0.08168802225375374
0.1773489324286043,0.11784499291896626,0.11422469759138534
0.08939866782728495,0.0910776106895126,0.06196358898540396
0.05235867549533345,0.07980460728219264,0.039953978544780014
0.224551097588438,0.13221082118131938,0.14227279376298615
0.11087256405080974,0.09761312244466526,0.07472363726744584
0.21046845559610797,0.12792481405310896,0.133904717942447
0.15130707618225367,0.10991923711515614,0.09875031233784219
0.15237775117857133,0.1102450936319031,0.09938652034151213
0.12821722629809665,0.10289191502270308,0.08503004488939556
0.10333180180129944,0.09531811552968847,0.07024282533720388
0.1008827279135013,0.09457274771118304,0.06878755607775956
0.08101249920207411,0.08852530704325046,0.056980426384394135
0.09293875657111028,0.0921550253961278,0.06406715243861837
0.12756418343768294,0.1026931635131295,0.08464199894084576
0.2794496373135372,0.1489190164701204,0.1748941685807734
0.11282928267880969,0.09820864351181158,0.07588634308979672
0.2935409847076393,0.15320767305956648,0.18326741725610163
0.17729485188671984,0.11782853367870867,0.11419256228075596
0.2337823356404448,0.13502031900954356,0.1477581068156584
0.18431225375765528,0.11996425753341775,0.11836238715815921
0.22079186600071654,0.13106671104982962,0.14003901298732263
0.20096925192134135,0.1250337617431414,0.12826017648293384
0.040803634017588776,0.07628786730063555,0.03308783345297813
0.14750651877005452,0.1087625496009289,0.09649197525855581
0.2685424410907582,0.14559944612351364,0.1684129809576397
0.14573643328965713,0.10822382973638538,0.09544016910479093
0.13405657869119458,0.10466910328003307,0.08849985855041925
0.0899325641926036,0.0912401003437074,0.06228083664871384
0.13636083184041142,0.10537039536912557,0.08986907357930826
0.029671865041031417,0.07289994895341748,0.0264732019894151
0.15754159647579902,0.11181669346132063,0.10245493953418006
0.08944236646525082,0.09109091023045922,0.06198955524343648
0.05669865314347,0.08112546562300083,0.04253284563795974
0.09034950141216265,0.09136699385530975,0.06252858577615562
0.04885348555421064,0.07873781391475718,0.0378711523812887
0.08086945994317225,0.08848177350149024,0.056895430730563044
0.11266304601840282,0.0981580499149663,0.0757875632600465
0.17825834336839602,0.11812176923498298,0.11476508054654036
0.07016520975109947,0.08522396913137559,0.05053483608801888
0.13066630346130056,0.10363728383806786,0.08648531609512555
0.11780620763318875,0.09972335473167031,0.07884369195899751
0.0995421511336093,0.09416474744833016,0.06799096917712692
0.15571861731031691,0.11126187557259672,0.10137170331441914
0.10494873758424016,0.09581022477277767,0.07120362809253623
0.13920000193704762,0.10623448772331699,0.09155614271370771
0.1841546506661839,0.11991629153571344,0.11826873749925988
0.08652107404716415,0.09020182420992952,0.060253688034582496
0.11747608920249608,0.09962288424126998,0.07864753160362559
0.20167320240316053,0.12524800682475498,0.12867847235447377
0.12925928854848942,0.10320906334158073,0.08564925085413988
0.22936213252003115,0.13367504430238641,0.1451315687786941
0.09818285580450246,0.09375105025478755,0.06718325948865618
0.1385398117608388,0.10603356095100054,0.09116384974385863
0.4002049316314698,0.185670504756033,0.24664842173400411
0.08375109677022018,0.08935879046949732,0.058607734108659985
0.1611912090256058,0.1129274413886057,0.10462358335463699
0.08837507483547408,0.09076608343051708,0.061355357676995334
0.07925467964434865,0.08799032027311021,0.05593590878990537
0.0954714483866391,0.0929258420639683,0.06557210847981759
0.13955515860657441,0.10634257852176593,0.09176718109275525
0.14393641096423626,0.10767599868863918,0.09437057411643637
0.18768060143262452,0.12098940339405051,0.12036389999569569
0.1419788719642091,0.10708022794388584,0.09320738081912684
0.13061080399208294,0.10362039275180665,0.0864523376407513
0.20875512871402055,0.12740336848674574,0.13288663843275825
0.05194645260757476,0.0796791485624221,0.039709030730186494
0.1618238998234378,0.11311999881291122,0.1049995358619932
0.10420521669861453,0.09558393656510317,0.0707618190095205
0.13033882080929368,0.1035376155384952,0.08629072195125705
0.12353189774073559,0.10146595023528654,0.08224596611827514
0.08562087686978542,0.08992785207308596,0.0597187800082446
0.1793883444472181,0.11846568145552766,0.115436540824379
0.1895926952488102,0.12157134304219624,0.12150008921633611
0.09179971886065366,0.09180836290559692,0.06339032248520875
0.19839336850778563,0.12424979985034093,0.1267295554729526
0.07058015979554853,0.08535025785257788,0.05078140441202908
0.10147139856523703,0.0947519077445687,0.06913735128307211
0.1871695215751056,0.12083385787115743,0.12006021017666905
-0.030264591859484935,0.05465847965701677,-0.009141764011364819
0.08550105849008455,0.08989138573177256,0.05964758248106363
0.1139793654611474,0.0985586675347056,0.07656973615820965
0.18858842755921373,0.12126569737722884,0.12090334123572044
0.18832753864768179,0.12118629666995354,0.1207483178960922
0.07692172988435399,0.08728029446214806,0.05454964188858285
0.15294559530586221,0.11041791517906764,0.09972394017466615
0.18515935597901217,0.12022207038991425,0.11886574552088161
0.058726674397541936,0.08174268741674158,0.04373792034119969
0.09353391093777362,0.09233615872745111,0.06442080034558603
0.1167379207113602,0.09939822501776972,0.07820890297800827
0.1914773609450244,0.12214493502959939,0.12261998031708858
0.27862920676381137,0.1486693210517295,0.17440665884720685
0.12123107515092822,0.10076570222599723,0.08087878956918702
0.2777016176574779,0.14838701226876388,0.17385547420611935
0.23305438900789116,0.1347987707760672,0.1473255521417675
0.05941901038183147,0.0819533976631144,0.044149314738144166
0.08247531539916773,0.08897051048245029,0.05784964942190796
0.18426092887213133,0.11994863696837527,0.1183318892917945
0.13348425661351662,0.104494918882965,0.08815977786510562
0.11588011757223343,0.09913715537111527,0.07769918600080884
0.09395028184623326,0.09246287988407847,0.06466821296413837
0.15326207669848751,0.11051423528047181,0.09991199723744745
0.12299086868637168,0.10130128976995377,0.08192448012505775
0.19371902475181604,0.12282717825215601,0.12395200400338315
0.0364717709224204,0.07496947859811538,0.030513788125098022
0.07565032667564985,0.08689334695483344,0.053794158758733536
0.17862875349648485,0.11823450237484533,0.11498518271474362
0.1409295260960651,0.10676086287920034,0.09258384684081636
0.04290307657133788,0.07692682593890349,0.03433534755439517
0.22988661163990867,0.13383466784799783,0.145443220601116
0.11398497227664353,0.09856037395110082,0.07657306779564048
0.11489782183614254,0.09883819680004671,0.07711549402012237
0.23833678246904877,0.13640645036068377,0.1504644140840764
0.028324476109991958,0.07248987543411242,0.02567256722636191
0.11648557959982819,0.09932142580613339,0.07805895884429453
0.07207490892988731,0.08580517997927478,0.0516696023862192
0.1352385707904947,0.10502883880166647,0.0892022125200512
0.10092685056854374,0.09458617630037304,0.06881377429185591
0.1886955075070882,0.12129828681748651,0.1209669694329835
0.0966000850118592,0.09326933901741538,0.06624275798285982
0.2221335140143946,0.1314750373392649,0.14083623642799853
0.20822871810730503,0.12724315709928186,0.13257383889754806
0.17543137653769736,0.11726139090581816,0.11308526274002934
0.12271639201460639,0.10121775367123327,0.0817613827743226
0.23739174335219287,0.13611883072272912,0.14990286043615061
0.06701303969114233,0.08426461623767391,0.0486617785981443
0.12104372232822745,0.10070868199257627,0.08076746226097282
0.09253159481630675,0.09203110701601332,0.0638252120103041
0.20353690904804694,0.12581521999180337,0.12978590933399412
0.1460401191265382,0.10831625555125143,0.09562062289393274
0.33954771280946006,0.16720967387002797,0.2106051703013501
0.09584517020042257,0.09303958310479822,0.06579417849162593
0.15341708561245251,0.1105614117485345,0.10000410540476597
0.05648532431984204,0.08106053967663222,0.04240608307651729
0.2071451083181861,0.12691336391964325,0.13192994488389892
0.2351295701529365,0.13543034553205652,0.148558649821347
0.1876686591054444,0.12098576878490179,0.12035680372076595
0.026398435447185037,0.0719036911077262,0.024528090621149166
0.22425399612050037,0.1321203992981192,0.14209625248533034
0.09366340427601273,0.09237556961150627,0.06449774684988757
0.10642826672434923,0.09626051474282421,0.07208278216248087
0.2212242110645736,0.13119829388965115,0.14029591764178748
0.10627226555291375,0.09621303628436834,0.07199008438379853
0.10697807963558648,0.09642784854695201,0.07240948762945579
0.16235324056854894,0.11328110197864065,0.10531407652079865
0.15106687599042343,0.10984613295366832,0.09860758248513138
0.09079547011137475,0.09150272300505467,0.06279358575915782
0.1771719513263616,0.1177911292855527,0.11411953328463269
0.09806509041795697,0.09371520873538607,0.06711328187478319
0.3596391392519511,0.17332443536118372,0.22254373835591792
0.07914208353158174,0.08795605200567923,0.055869002820894624
0.2818403605951002,0.1496466254679166,0.17631476520582023
0.07493630397691668,0.08667603642615994,0.05336987785435224
0.11408746774470957,0.09859156811956568,0.0766339718396758
0.2218091809981398,0.1313763276212775,0.14064351383570367
0.06647929681113936,0.08410217329624498,0.048344622137661206
0.31765681080066277,0.16054724773551707,0.19759733214929176
0.08981329053779104,0.09120379978767441,0.06220996280363509
0.13379271512282356,0.10458879724544609,0.08834306763379932
0.10915884932548128,0.09709155883945,0.07370532729662276
0.07114542374384604,0.08552229413050381,0.051117291071687554
0.04781815325147938,0.0784227138339635,0.03725594543266168
0.12323303967962798,0.1013749937385633,0.08206838105175936
0.2816999726977626,0.14960389885958322,0.1762313450230272
0.17315962524839618,0.116569990654021,0.11173536070853317
0.11548486249272348,0.09901686074961151,0.07746432066264329
0.06368010659628766,0.08325024869142973,0.046681309531493465
0.10150732450147407,0.09476284168856063,0.06915869890793692
0.19469652524583145,0.12312467740660883,0.12453284659335953
0.10685609259525664,0.09639072218070001,0.07233700145795767
0.18659348019090874,0.12065854151502504,0.11971791943453737
0.04443606059867932,0.0773933847332121,0.03524626516342435
0.16006559387068467,0.1125848640099973,0.1039547292457094
0.17461241764332502,0.11701214338103523,0.11259862748183368
0.21004348349237087,0.1277954751501603,0.13365219438986192
0.03779019067654168,0.07537073544091623,0.03129720905362784
0.3723124132857559,0.17718150585095652,0.2300743507273115
0.20156390574157224,0.12521474273475605,0.1286135269591707
0.11963172568053938,0.10027894532098473,0.07992843681300389
0.1600127316742418,0.11256877556928492,0.10392331789064435
0.049205275644962236,0.07884488010570465,0.03808019029860035
0.12428480602613882,0.10169509546811169,0.08269335330752559
0.10806488208605733,0.09675861340287957,0.0730552787610091
0.1661438203631193,0.11443475283679844,0.10756648477928073
0.16764736234969868,0.11489235104000138,0.10845990757238372
0.11323147555881515,0.09833104963074554,0.0761253309527418
0.05141705897752472,0.0795180293013303,0.03939445864651197
0.19114350205405878,0.12204332614205719,0.12242159733508248
0.1551056636771951,0.11107532509135529,0.10100747886852109
0.26099817442938833,0.14330337265197596,0.16393008666357936
0.035919376959238435,0.07480135925906885,0.030185548965909595
0.2984639859149307,0.1547059727591633,0.1861927239840336
0.1156128383656322,0.09905580979793818,0.0775403654707328
0.1167252343026243,0.09939436394977538,0.07820136456083816
0.07652934633984172,0.08716087378315278,0.05431648285116651
0.07792212989133332,0.08758476301025929,0.05514409164551257
0.1995187221810143,0.12459229764783095,0.127398254206303
0.2169590302568172,0.12990019972840577,0.13776149573380653
0.10240502006734431,0.09503605246792839,0.06969212044652687
0.21647992332050636,0.12975438506200135,0.13747680461040931
0.2784814058975337,0.148624338329967,0.1743188337888105
0.19042251667485485,0.1218238965438124,0.12199317912194005
0.1873444098684279,0.12088708456485804,0.12016413091110512
0.08716757676316104,0.090398585247431,0.06063784775039394
0.17527381186811342,0.11721343660169262,0.11299163591187933
0.20833542624878465,0.12727563338145031,0.13263724616296416
0.22583554421991184,0.13260173841270967,0.1430360274520526
0.05905868841761985,0.08184373482371933,0.043935207078660214
0.19001213444861365,0.12169899802349798,0.12174932505063324
0.07165922508246993,0.08567866792748197,0.05142259802762962
0.17977969886691905,0.11858478892367236,0.11566908834341312
0.1031476667980221,0.09526207462933535,0.0701334100961235
0.1270025055739662,0.10252221864859631,0.08430824317592177
0.07295380109712758,0.0860726680043039,0.05219185071842493
0.121493453246774,0.10084555616176397,0.08103469780010598
0.1317500588912127,0.10396712134301682,0.08712929665029165
0.13208765627936242,0.10406986803024096,0.08732990109244032
0.113182294851529,0.09831608163950402,0.07609610718296181
0.12160676832204569,0.10088004324313778,0.08110203098531366
0.08747859157627536,0.09049324161281422,0.0608226565056593
0.13054058469427313,0.10359902173270995,0.08641061248658943
0.14315439297574994,0.10743799401062017,0.09390588959031972
0.11765061843154209,0.0996760016549043,0.07875123897773563
0.32717443230782783,0.16344390545397183,0.20325281770708195
0.24070614043094915,0.13712755689165418,0.15187231517834396
0.12389099814600224,0.10157524129711673,0.08245934791269227
0.10223387954356658,0.09498396639592324,0.06959042668198216
0.1432002626497028,0.10745195429943794,0.09393314590413569
0.2293860745189732,0.13368233097332394,0.14514579540339648
0.028377390022295147,0.0725059796143818,0.025704009311615178
0.17006142844313987,0.11562706434806518,0.10989437477794883
0.19048978598596733,0.12184436974387636,0.12203315135840617
0.058064604715113384,0.08154118862270804,0.043344510546073044
0.2294029401031832,0.13368746396003098,0.1451558171370672
0.11798524036567745,0.09977784277219907,0.07895007536920137
0.22180751717590888,0.13137582124229366,0.14064252517245496
0.12462231803123111,0.10179781616927493,0.08289390701403124
0.10462971900517455,0.09571313248678111,0.07101406340295352
0.06416346989129816,0.08339735876701482,0.046968529834595395
0.13883741647658682,0.10612413599606525,0.09134069005743659
0.2332602956124331,0.13486143779375415,0.147447904331058
0.13763290276415763,0.10575754609338144,0.09062495347349342
0.11986933693357481,0.10035126154721617,0.08006962828703962
0.10283810124068113,0.0951678593403196,0.06994946250612809
0.13841684538764298,0.1059961365279175,0.09109078164095312
0.15623563770051843,0.11141922907764519,0.10167892306965601
0.13423391713603966,0.10472307566952697,0.08860523519445851
0.09063414620627679,0.0914536245896027,0.0626977251478989
0.1539642666183431,0.11072794454067286,0.10032924696182231
0.2795750972989433,0.14895719981611824,0.17496871841814698
0.14247291704168777,0.107230588985861,0.09350094836627851
0.14757691426835795,0.10878397424608333,0.09653380511317732
0.12176363226682776,0.100927784283907,0.08119524143433043
0.33636845789222075,0.16624207778648725,0.2087160186624195
0.20608525784062004,0.12659080181061852,0.13130016893990085
0.08230670316159129,0.08891919388627828,0.05774945799553495
0.07222470941466294,0.08585077127854282,0.05175861564205843
0.054206058250372446,0.08036685232548353,0.04105171567195716
0.07535676424569189,0.08680400216654292,0.053619720420154046
0.13895861035519963,0.10616102096608103,0.09141270492267077
0.17657622285773963,0.11760982122813118,0.11376554423935284
0.1955243634887025,0.12337662733275792,0.12502475806758856
0.08058804284217141,0.08839612510529114,0.056728209293019416
0.060198951100636916,0.082190770130738,0.044612764925548304
0.1129987613671727,0.09826022380951403,0.0759870493716834
0.2926827591834574,0.15294647486136898,0.18275744929260535
0.07877540408574743,0.08784445428704998,0.05565111746910863
0.15345017703220729,0.11057148301648481,0.10002376872573009
0.20265261019157071,0.12554608645816742,0.1292604482817968
0.03867647053841298,0.07564047188721927,0.03182384724313762
0.1056206960114758,0.09601473317472109,0.07160291389916403
0.308048922923264,0.15762311773547824,0.19188820922497815
0.08169615013635369,0.08873337402238161,0.05738666001981221
0.20170892802922302,0.1252588798049849,0.12869970095261543
0.1095440850218173,0.09720880409367402,0.07393423899639281
0.1756394093571938,0.11732470503023806,0.11320887835190496
0.1976272070027575,0.12401662104243684,0.12627429306066187
0.1900073418343063,0.12169753940663494,0.12174647722137452
0.0754581590199453,0.08683486134236018,0.05367997041864301
0.14900263192412502,0.10921788686267624,0.0973809837497313
0.24775592380057146,0.139273135952103,0.1560613815330454
0.13049879843952092,0.10358630421948851,0.08638578258974089
0.11836980788315574,0.09989488466832108,0.07917859002903065
0.17678591883399625,0.11767364152900099,0.11389014811904616
0.1295797439032697,0.10330659290567894,0.0858396692931912
0.12651808036980322,0.10237478538435107,0.08402039187358615
0.14860857523974874,0.10909795696890524,0.09714683051241639
0.14845455856480433,0.10905108248562048,0.0970553119454981
0.1263593658955145,0.1023264811408347,0.08392608181760472
0.12298739047175622,0.10130023118644041,0.0819224133279582
0.016375331324468424,0.06885319136910063,0.01857224119305669
0.10664189745970477,0.09632553257506321,0.07220972412351538
0.2554764717091671,0.14162286005841432,0.16064902427156144
0.1621361234646877,0.113215023081278,0.10518506291752487
0.2308446936508095,0.13412625704911285,0.14601252449408444
0.1299962220958117,0.1034333467138741,0.08608714566124001
0.07878678719339122,0.08784791869951819,0.0556578814490413
0.05002640875941477,0.07909478934742724,0.0385681175046061
0.1574120720452405,0.11177727311441733,0.10237797455444718
0.1519520447648746,0.11011553124406259,0.09913356045308756
0.2488939759190075,0.13961949848084942,0.15673762583578238
0.0955524432589025,0.09295049259474637,0.06562023661035908
0.02629406138549617,0.07187192519529005,0.024466070294112043
0.07296827117628316,0.08607707192669584,0.05220044901408352
0.17071112455309384,0.11582479728482159,0.11028043204698712
0.16980889874322994,0.11555020774015808,0.10974431858274504
0.17080758119959122,0.11585415355722245,0.11033774775037038
0.11417320250613368,0.09861766122047673,0.0766849164695574
0.3043799910210038,0.1565064900249555,0.18970808561214847
0.07608983221987306,0.08702710906399277,0.054055318257044224
0.2057497611901576,0.12648869447620256,0.13110081278143743
0.24988812658436116,0.13992206506178928,0.1573283621585014
0.06006454249864211,0.08214986330185202,0.044532897712205886
0.059903871591534846,0.08210096362425383,0.04443742512023348
0.11656078323675771,0.09934431379292762,0.07810364575291208
0.03949523187971485,0.0758896592873558,0.03231036511291459
0.13437458830461327,0.10476588849055639,0.08868882370043837
0.15777237524069423,0.1118869302416007,0.10259207106130858
0.2432799615650886,0.1379108911362987,0.1534017107570084
0.21759210596576173,0.13009287429917973,0.13813767695999063
0.2711120921135423,0.1463815112080811,0.16993989860581196
0.08886412168702024,0.09091492327838767,0.06164595521797969
0.1843787193715456,0.11998448613079808,0.11840188182803686
0.021542134657860732,0.07042569146738058,0.021642418086510927
0.18233068004338376,0.11936117190012067,0.11718491214359567
0.22787020684882228,0.13322098148767836,0.1442450485403694
0.06280639818455151,0.08298433832583793,0.04616214144936569
0.11972703445806707,0.10030795224312945,0.07998507043879285
0.2057305365393938,0.12648284351512187,0.13108938926195104
0.11247582155432828,0.09810106874708358,0.07567631222407663
0.12905482641570737,0.10314683594426198,0.08552775698740074
0.1654168444914733,0.11421350005130478,0.10713450694323615
0.17852355505299275,0.11820248556443917,0.11492267253009059
0.1336789803919989,0.1045541824432445,0.08827548508419752
0.13713400070907228,0.10560570684577862,0.09032849985163387
0.09509868817971204,0.0928123936851148,0.06535060986640805
0.16049917852780868,0.1127168241160716,0.10421237048145267
0.024403162469792298,0.07129643614743623,0.02334247533911684
0.17420530342308965,0.11688823946791488,0.1123567152991338
0.20108936496012525,0.12507031776300612,0.128331549100098
0.17729827060165496,0.11782957415368409,0.11419459372242738
0.14340196287092302,0.10751334111779075,0.09405299860969399
0.22790035729486438,0.1332301576796688,0.1442629642992616
0.10174013071323337,0.09483369551582087,0.06929703516845921
0.06070177473139876,0.08234380289737755,0.04491154879500022
0.15009142294834485,0.1095492569346755,0.0980279565158044
0.07642958284563457,0.08713051108220922,0.05425720217896723
0.021262767223363045,0.07034066688063768,0.021476414585538634
0.23081362136772704,0.13411680029896242,0.14599406096849785
0.09739894993479728,0.0935124710061469,0.06671745316073609
0.15128515964614053,0.1099125668873638,0.09873728926759581
0.12648927820644515,0.10236601953789068,0.08400327728053575
0.08506621951152295,0.08975904387697325,0.059389195912384896
0.05298350088193096,0.07999477089370116,0.040325257329861246
0.018139871304399858,0.06939022347828296,0.01962075214352187
0.10430335888505243,0.0956138058262035,0.07082013628107747
0.16766003502632565,0.11489620792867228,0.10846743782976875
0.0683969262149249,0.08468579768280304,0.04948410067125689
0.09141555277840438,0.09169144318500515,0.06316204636303709
0.325469147645855,0.16292490751162364,0.20223951698163833
0.05786941912709866,0.08148178451217168,0.04322852891418365
0.14328019204632758,0.10747628055610733,0.09398064091619435
0.11146513953822447,0.09779347090232303,0.07507575277324242
0.17368745647176548,0.11673063440162786,0.11204900439130297
0.1118102384767108,0.09789850066244156,0.07528081472712957
0.11338615249216251,0.0983781250615672,0.07621724185317115
0.0854093113165733,0.08986346277243884,0.059593065203362494
0.1329442969325435,0.10433058387800935,0.08783892730646185
0.3341329277150417,0.16556170131451994,0.2073876396528612
0.11506910913428117,0.09889032754236017,0.07721727499976386
0.14104757766489565,0.10679679149726638,0.0926539945076565
0.0704934171480882,0.08532385800476962,0.05072986088410175
0.13951178750372986,0.10632937866508767,0.09174140946004462
0.12078370682084046,0.10062954710306386,0.08061295790862796
0.1625045049529364,0.11332713881108172,0.10540395964345352
0.14463189689295353,0.10788766761054149,0.09478384024837345
0.2547782539045572,0.14141035969880641,0.16023413482600085
0.16283487971897484,0.11342768731632619,0.10560027231638165
0.2232406759933247,0.13181199855267672,0.14149412543706033
0.1178529172451947,0.099737570652953,0.07887144737414103
0.18758750676882716,0.12096107033035039,0.120308582023005
0.2228182561956864,0.1316834364359403,0.1412431184955603
0.23224535581264805,0.13455254410612416,0.14684481485377746
0.09786968386550828,0.09365573737502972,0.0669971689431608
0.09067063276849877,0.09146472915832303,0.06271940590348948
0.041153063056505054,0.07639421491299504,0.03329546840479617
0.16928061892765675,0.11538942746494625,0.10943040834107416
0.15187431320737232,0.11009187389271295,0.09908737142355879
0.21705618868017817,0.12992976958435437,0.13781922844147115
0.07832196520246246,0.08770645161063294,0.05538167861258029
0.05569300192683339,0.0808193988859962,0.04193527554888026
0.13006948305668528,0.10345564345341311,0.08613067820830096
0.3177396913380292,0.1605724721624487,0.19764658076479372
0.07326795641546195,0.08616828017242407,0.05237852559979151
0.09764734716017105,0.09358806990862281,0.06686505378969984
0.18997808496166138,0.12168863517085497,0.12172909243457834
0.20731630009294646,0.12696546558972158,0.1320316691023961
0.06284603100207009,0.08299640044731244,0.04618569174782218
0.03617078640232023,0.07487787492038682,0.030334939490986677
0.1737168368697223,0.11673957623194205,0.11206646257833015
0.09680354162278701,0.093331260387368,0.06636365435637863
0.27320063252111415,0.14701715181296787,0.17118093452040378
0.13510629020454537,0.10498857962766991,0.08912360979952384
0.09595109374022169,0.09307182059595012,0.06585711953725511
0.05865994975885085,0.08172237998599031,0.04369827175565937
0.14796521033053345,0.10890215091287993,0.09676453531926169
0.13077901056323638,0.10367158588469805,0.08655228801524015
0.13583745859778748,0.10521110839372559,0.08955807888249595
0.1968340437309476,0.1237752243330223,0.12580298587269342
0.24831648899636638,0.13944374217970665,0.15639447613726273
0.1896436445270039,0.12158684929234694,0.12153036389229256
0.13847333335729084,0.10601332846112879,0.09112434747421222
0.1040128065053135,0.09552537713708706,0.0706474865506634
0.14914744381517972,0.1092619598993727,0.09746703272297959
0.17343966664912644,0.11665522036023496,0.11190176468837425
0.14372985145536105,0.10761313296160292,0.0942478339635117
0.11340232341049515,0.09838304662893235,0.0762268508079943
0.12071418230852883,0.10060838753971524,0.08057164560439356
0.13277761333020302,0.10427985425581379,0.08773988189842086
0.190184768818624,0.12175153874283462,0.12185190647663703
0.11026748384579362,0.09742896821612997,0.07436409130754434
0.06501621699122159,0.08365688962428035,0.04747524245228405
0.1401173606444405,0.10651368291702801,0.09210124832828452
0.15537124990966186,0.1111561554132598,0.10116529341293556
0.35126408169962,0.17077551333447763,0.2175671780885011
0.1847603628170499,0.1201006380949507,0.11862865896901174
0.2082365162310176,0.1272455304333364,0.13257847263676542
0.10941053603030843,0.09716815888449491,0.0738548825739751
0.14922588954944468,0.1092858346081397,0.09751364612495934
0.13117017517466623,0.1037906355853014,0.08678472274790867
0.18131020674646642,0.11905059411030534,0.11657853459554122
0.11935637556589136,0.10019514339271177,0.07976482045196714
0.1042905831363122,0.09560991756786417,0.07081254477699889
0.06791782130869324,0.08453998363424675,0.04919941075415739
0.17212433709088626,0.11625490400868449,0.11112017999152925
0.06390823336661007,0.08331967834562878,0.04681686521144273
0.13641302754456322,0.1053862809650373,0.08990008889661054
0.07588166537523532,0.08696375414944894,0.053931623005812286
0.15226380175311627,0.1102104134880763,0.09931881021777032
0.07745457912958387,0.08744246542868689,0.054866267340499326
0.11216181589141735,0.09800550212611386,0.07548972626976883
0.17262928697314128,0.11640858389317718,0.11142022730527795
0.0913459781503804,0.09167026836909936,0.06312070427944166
0.22912657770435443,0.13360335394629957,0.1449915992645541
0.08677430414595946,0.09027889398200108,0.06040416041525624
0.07978755715015227,0.08815249984066428,0.05625255103459601
0.15716593891176556,0.11170236328108217,0.10223171927621258
0.03417012792598049,0.07426898090068677,0.029146124080488226
0.1041260656219552,0.09555984718763037,0.07071478648457792
0.09387486455413499,0.09243992687201613,0.06462339909904112
0.09004867589671979,0.09127543857014098,0.06234983162453049
0.07505987534878382,0.08671364497865686,0.05344330545476948
0.31005921497448025,0.15823494370293453,0.19308274902192585
0.08875339551688564,0.09088122412202666,0.061580160391447133
0.25580150842513993,0.14172178394516424,0.16084216501072088
0.18316259097720075,0.11961436133675588,0.11767924365993396
0.1697963364350295,0.11554638444176545,0.10973685390761102
0.09332617643470018,0.09227293539468219,0.0642973619969292
0.12692186059612592,0.10249767460706877,0.08426032295686911
0.16360226839382302,0.11366123960944688,0.10605626392778864
0.0897364091493821,0.09118040118257399,0.06216427895484124
0.1797262509466798,0.11856852221979275,0.11563732894420004
0.27951528861680386,0.14893899723466272,0.17493317937745131
0.12497782861499378,0.10190601468039172,0.083105155693189
0.1763888372843241,0.11755279102713491,0.1136541974702687
0.14304677880520233,0.10740524198139766,0.09384194395149728
0.058321765306080485,0.08161945462752308,0.04349731847262844
0.16757028519583314,0.11486889285430953,0.10841410739739328
0.1916048715602445,0.12218374247823395,0.12269574866344493
0.08467865568374415,0.08964109006337782,0.05915890080881557
0.15039381163562285,0.10964128796620139,0.09820763952299817
0.21881271680841208,0.13046436331205225,0.13886297865297081
0.1808928887378851,0.1189235847067798,0.11633055919866699
0.10601446010996747,0.09613457402091222,0.07183689327841547
0.10522419669302079,0.09589405987306691,0.07136730921920195
0.2665838141252672,0.14500334425994485,0.16724914117812179
0.12374867519829787,0.10153192576238226,0.08237477789961946
0.47200956852417497,0.20752401674109336,0.28931560351081076
0.09273303598403436,0.09209241499226269,0.0639449107831509
0.10434776259171732,0.09562731995255765,0.07084652149943965
0.1056050353113655,0.09600996689064312,0.07159360812216589
0.14549764921402414,0.10815115656534094,0.09529828072541413
0.09892305842574133,0.09397632855929007,0.06762309681892842
0.21118094776885424,0.12814165877108522,0.13432808938981675
0.2661766912368288,0.14487943770868433,0.16700722384467082
0.13437600054610171,0.10476631830174438,0.08868966287137359
0.0847164514023294,0.08965259306965745,0.059181359480916094
0.11352642987473242,0.09842081803508375,0.07630059636675539
0.14859115719566515,0.10909265584279977,0.0971364805004218
0.1665919117255816,0.11457112801232627,0.10783274607440244
0.2029992537780096,0.1256515863269587,0.1294664280841381
0.22064273310642574,0.1310213229295943,0.13995039642180607
0.20808927725292567,0.12720071872044916,0.13249098145910984
0.25453808693403074,0.14133726564811638,0.1600914247137896
0.12170626273508475,0.10091032405008678,0.08116115176623533
0.1440873540602294,0.10772193773798315,0.09446026632565016
0.25313467151544145,0.14091014064620347,0.1592574983357091
0.09042091631390911,0.0913887287526473,0.06257102137260527
0.1382667225457025,0.10595044712027554,0.09100157683659636
0.06232527019185669,0.08283790855737577,0.04587624938987525
0.18607728801918302,0.12050144007562563,0.11941119181671393
0.05300386308010595,0.08000096806370459,0.04033735679374678
0.15632488486557253,0.11144639116738671,0.10173195481216185
0.31539091382663403,0.15985762922588154,0.19625090882258003
0.16287226023028561,0.11343906395559743,0.1056224842673088
0.09413614843974283,0.09251944778839029,0.06477865713703156
0.20277390486367047,0.12558300210435913,0.12933252303973694
0.29059438645872654,0.15231088529021963,0.18151651301718122
0.08708413307931187,0.09037318942866501,0.060588264506455936
0.068569008746459,0.08473817045186142,0.04958635418817886
0.020613998996082374,0.07014321634201041,0.02109090867558242
0.153466515680961,0.1105764556320679,0.10003347734799375
0.19126072380742218,0.12207900220843536,0.12249125191555785
0.21610531318178008,0.12964037366231126,0.1372542067451998
0.11120871275708487,0.09771542823018622,0.0749233808853423
0.09229493102964684,0.0919590791481483,0.0636845835322227
0.2797389124943623,0.14900705644782575,0.17506605938417955
0.12016821751424984,0.10044222489769784,0.08024722673495417
0.07748753283277664,0.08745249478304118,0.05488584882862032
0.1011396356428173,0.09465093675836184,0.06894021375087012
0.07952659701297947,0.08807307745609277,0.056097485371832734
0.3390479358737424,0.16705756835529814,0.21030819681486096
0.14647796197189542,0.10844951162331931,0.09588079439651183
0.0643723826884797,0.08346094070983352,0.0470926683398311
0.3104829318278383,0.15836390057443797,0.1933345266895875
0.0670081938854995,0.08426314143219787,0.04865889916195243
0.14469418041390106,0.10790662340128697,0.0948208498681552
0.14747277589755817,0.1087522800654169,0.09647192483651083
0.16004132461843823,0.1125774777405612,0.10394030816314412
0.10716556530240952,0.09648490921105723,0.07252089387525067
0.054933595397432804,0.08058827593335766,0.041484027024626266
0.21206592090228632,0.12841099751875967,0.13485395110551832
0.15822181439251348,0.1120237156125164,0.1028591332291313
0.1710283144495424,0.11592133301710206,0.11046891011129037
0.19017365184231444,0.12174815532658831,0.12184530063515471
0.22713290590103555,0.1329965862982268,0.14380693541947928
0.06067283363336508,0.08233499476659209,0.0448943516452886
0.11456352129449152,0.09873645349752856,0.07691684860394937
0.13070141216244097,0.10364796905916708,0.0865061781090333
0.10599978915217595,0.09613010896174896,0.07182817561824709
0.1008114936392571,0.09455106778724895,0.06874522781235166
0.17804563839307375,0.11805703315485463,0.11463868868328961
0.3060413222744623,0.15701211088775366,0.19069526869182513
0.20003204342125436,0.12474852532839888,0.12770327588199154
0.17621004520401198,0.1174983762283276,0.11354795705849227
0.060897717267219556,0.08240343738256177,0.045027980214410734
0.08217243492323309,0.08887832977661689,0.05766967418795937
0.11316793609391068,0.09831171159746649,0.0760875750359041
0.2604043587956426,0.14312264675974187,0.16357723424786702
0.15914860739214434,0.11230578210294906,0.10340984481400849
0.11602663386966058,0.09918174713844957,0.07778624775289228
0.16342771065561698,0.11360811351914075,0.10595253961319182
0.3158937055586939,0.16001065228425296,0.19654967373743829
0.0810756242070446,0.08854451893697182,0.05701793602413731
0.14987175673972045,0.10948240222541693,0.09789742820371777
0.04084308992342165,0.07629987557960344,0.033111278628376116
0.08834237103463573,0.09075613013314646,0.06133592468386904
0.17062514312296365,0.11579862911107737,0.11022934084358373
0.04569450918750081,0.07777638954332602,0.035994050501803675
0.06582801923903578,0.0839039590465324,0.04795762514472842
0.15779574298637977,0.11189404214039309,0.10260595645779588
0.17886294948104595,0.11830577917502048,0.1151243447950366
0.10319735756166294,0.0952771978546,0.0701629369475448
0.09379395654626846,0.0924153027781396,0.06457532258437268
0.23521175407982534,0.13545535794781366,0.14860748450249647
0.2244830517634438,0.13219011165173492,0.14223236011260054
0.08270190976921789,0.08903947375551914,0.05798429453112243
0.102926370100442,0.09519472368596878,0.07000191292782275
0.10500759238082276,0.09582813704220985,0.07123860032292277
0.14127914034017625,0.10686726685816945,0.09279159184379639
0.07767804437550832,0.08751047636281835,0.054999053086396306
0.2995934287826404,0.15504971508993826,0.18686385256609317
0.162248611958065,0.11324925859509133,0.10525190493779586
0.12725892413395137,0.1026002588186512,0.08446061017871272
0.07856288991878566,0.08777977627883685,0.05552483898648837
0.19932616493365407,0.1245336934643815,0.12728383436614918
0.17543128074552589,0.11726136175177662,0.11308520581916517
0.0719162842183563,0.08575690305476717,0.05157534566835151
0.2941763789201666,0.1534010532595033,0.18364497616509443
0.15216469874316987,0.11018025180340861,0.09925992201328937
0.059921652687682944,0.08210637524409607,0.04444799086214625
0.18990690966050183,0.12166697319519104,0.12168679921168911
0.14639488642572848,0.10842422784608167,0.0958314299044275
0.18438591053336756,0.11998667473793923,0.11840615490317423
0.2585810990905901,0.14256774348969573,0.16249383132810782
0.2703706078207516,0.14615584283093377,0.16949929969083635
0.09616856107297543,0.0931380060843582,0.06598634125076351
0.11249205772878064,0.09810601017494026,0.07568595995487393
0.2643980743400571,0.144338121334806,0.16595034822033972
0.19490827908444291,0.12318912401131626,0.12465867327969832
0.18555169570416677,0.12034147773262792,0.11909887852030651
0.1030785454102201,0.09524103775564426,0.07009233733333764
0.14563108024994625,0.10819176587511378,0.09537756705719881
0.12323174488446516,0.10137459967178933,0.08206761166884796
0.18086745661969253,0.1189158445228058,0.11631544712712329
0.08806574400719823,0.09067193958054297,0.06117154956584331
0.08183065938753877,0.08877431148352723,0.057466587040117784
0.09143372593319145,0.09169697412664245,0.06317284507092419
0.22830842810930263,0.13335435272918103,0.14450544490178155
0.09232727774471917,0.09196892376760603,0.06370380434067745
0.0829859614161453,0.08912592396735951,0.05815308144764936
0.1529266417678252,0.11041214673027978,0.09971267775363406
0.20326569210663176,0.12573267598160776,0.12962474895437132
0.07489563813555287,0.08666365990717605,0.05334571372066023
0.06176984951258084,0.0826688680469497,0.04554621171945745
0.0851607597995257,0.08978781691178485,0.05944537289242415
0.1445857344900827,0.1078736182306119,0.09475640999150171
0.1344618880350732,0.1047924578847969,0.08874069825380672
0.061156069991530095,0.0824820662093537,0.04518149652098519
0.11762673259001574,0.09966873207529696,0.07873704572244722
0.2053398543975684,0.12636394065260229,0.1308572412185439
0.2092080870240502,0.12754122490222722,0.1331557917268584
0.09249915176115552,0.09202123307576016,0.0638059339554119
0.16806363739376612,0.11501904302060721,0.10870726322715753
0.13022920345314662,0.10350425384613103,0.08622558599537704
0.06986421239407326,0.08513236154676977,0.05035597982605104
0.10727109917303794,0.09651702810764139,0.07258360337475625
0.15371233524885117,0.11065127003271831,0.10017954630177371
0.14806638416505172,0.10893294284639414,0.09682465403269375
0.291599288889033,0.1526167241364952,0.1821136381683871
0.10441186643904614,0.09564682975382563,0.07088461277912488
0.15406130344812452,0.11075747739000381,0.10038690741711451
0.19932113844121166,0.12453216366745473,0.12728084756368052
0.09223895365379126,0.09194204261252753,0.06365132109995698
0.16900941212446996,0.11530688654028791,0.10926925398570893
0.04017776035433708,0.07609738464947402,0.03271593176925846
0.20210997615700355,0.12538093752223398,0.1289380085899735
0.20881785119315346,0.12742245787301354,0.13292390888679093
0.1549993487572238,0.11104296848489748,0.10094430526007026
0.21652818340116486,0.12976907286346812,0.13750548133273707
0.0051508853395194456,0.06543706707027197,0.011902539932685516
0.044826685526084764,0.07751227018270564,0.035478379209332826
0.23496065111759468,0.13537893556296418,0.14845827609203968
0.11641514521080112,0.0992999893247115,0.07801710588033563
0.07739245185804364,0.08742355719194961,0.05482935056600099
0.18251571337922623,0.11941748620512177,0.11729486118472744
0.11481591477102644,0.09881326864628626,0.0770668238535797
0.07035368865918558,0.08528133208528821,0.050646832529758684
0.16880183640793767,0.11524371153369585,0.10914590998993119
0.19466801134557188,0.12311599929210225,0.12451590328972088
0.11989072051747993,0.10035776957270554,0.08008233467065205
0.1822063340389097,0.11932332759066291,0.11711102424713511
0.11430794832075684,0.09865867067894937,0.07676498405871292
0.1264786057861433,0.10236277142084611,0.08399693559959802
0.15837049189491678,0.1120689651356849,0.10294747919529289
0.17625071295947492,0.11751075332986133,0.11357212232956508
0.15696659199472313,0.11164169268334245,0.10211326493239632
0.12337797142454132,0.10141910325239878,0.08215450124361669
0.047896040153178616,0.0784464184638233,0.037302226769587145
0.1314241179026819,0.1038679222438011,0.08693561858146528
0.2809185229132045,0.14936606711261577,0.17576699813054156
0.17195167354357516,0.11620235440932933,0.1110175812280211
0.17092199292489285,0.11588897440053154,0.11040573257826017
0.05054395668691359,0.0792523034067677,0.038875650728871114
0.21308495955240825,0.12872113867840304,0.13545947616913415
0.06313213022878757,0.08308347383352481,0.046355695360970374
0.1409319561569096,0.1067616024604597,0.09258529081229605
0.04507800360873385,0.07758875803876765,0.03562771544693833
0.10611033696834668,0.09616375383665067,0.071893864464702
0.11836830305915079,0.0998944266799397,0.07917769584444681
0.09954768755876997,0.09416643244165152,0.06799425898777069
0.09192573202529238,0.09184671460992792,0.06346520102835823
0.09892058502146668,0.09397557578659597,0.06762162709225959
0.1614654346902044,0.11301090109409609,0.10478653155388466
0.12092062038773409,0.10067121631001918,0.08069431360234312
0.08246262337473018,0.08896664770533505,0.05784210766782034
0.17490637479797094,0.11710160830252435,0.11277330037058622
0.10484582854106934,0.09577890473404996,0.07114247829718225
0.15284938974035292,0.1103886353223639,0.09966677366663605
0.26916502431146827,0.14578892733899296,0.1687829274206921
0.17087737335812112,0.11587539457784306,0.11037921909321759
0.18830656409796764,0.12117991313271419,0.12073585456553226
0.2175215730596162,0.13007140783438711,0.13809576545597113
0.08270242379396164,0.08903963019730872,0.05798459997082828
0.198410420807145,0.12425498966320728,0.12673968815501838
0.054944828123902986,0.08059169457779557,0.04149070164625086
0.206007999579592,0.12656728850553997,0.13125426114884864
0.3038031977477677,0.1563309448337947,0.18936534808847608
0.11182895539606849,0.09790419709708988,0.07529193654648687
0.09883390248220486,0.09394919423252615,0.06757011928134908
0.20825020698984548,0.12724969717207482,0.13258660785088044
0.203232154178465,0.12572246882024785,0.12960482031272025
0.2873402209693815,0.15132049041322782,0.17958284861228818
0.1368874268425435,0.10553066287674592,0.0901819826845002
0.09100650743435602,0.09156695154051762,0.06291898668326243
0.21003243725532156,0.1277921132631819,0.13364563058250195
0.20608262383454407,0.12659000015927904,0.13129860378170347
0.07100215396266416,0.08547869043002351,0.05103215843873603
0.20787707792274174,0.12713613653180422,0.13236489005630234
0.14813585631397538,0.10895408647311289,0.09686593522197101
0.24649661429203742,0.1388898691238234,0.1553130846257834
0.20852335851040654,0.12733282996525697,0.13274891778077813
0.16344283230113607,0.11361271574367497,0.10596152507744652
0.15930666023654355,0.11235388498152082,0.10350376172152542
0.29353613695103575,0.15320619766032167,0.1832645366606252
0.09804077780648687,0.09370780926970881,0.06709883502764413
0.31758424214238706,0.1605251616960632,0.19755421097678907
0.25502556849184344,0.14148562910383702,0.16038109213834784
0.27935045271337045,0.14888882995373007,0.17483523189439884
0.2188855723836567,0.1304865366737692,0.13890627031499908
0.21080167892933271,0.1280262295106818,0.13410272326837352
0.26393487435512086,0.1441971478982658,0.16567510919941356
0.14745857241152915,0.10874795727979178,0.09646348495370553
0.10645209032277722,0.0962677653789433,0.07209693843216868
0.10587228409545947,0.09609130320482732,0.07175241057482082
0.09254728501155099,0.09203588227684124,0.06383453531366676
0.19722568166803073,0.12389441808877708,0.1260357018611774
0.08320667396410208,0.08919309712665349,0.05828423150719454
0.07449968754883564,0.08654315361027431,0.053110435103718774
0.18594641438688006,0.12046160910347922,0.11933342512502218
0.14397240359828486,0.10768695293189687,0.09439196137394562
0.12802925807318433,0.10283470749358395,0.08491835190176052
0.17672338372581028,0.11765460916848271,0.11385298900309135
0.14998073020345634,0.10951556795118143,0.09796218155095644
0.14436451087769253,0.10780628953048979,0.09462495625130289
0.0630740047195724,0.08306578352037448,0.046321156481938866
0.1972840081657801,0.12391216957214599,0.12607036017002168
0.06108455803535224,0.08246030177380986,0.045139003253621246
0.2319948247534124,0.13447629577812545,0.14669594627498203
0.21778464878565007,0.13015147409167432,0.13825208822716667
0.14182861447678122,0.1070344975573195,0.0931180960067965
0.08291397412317426,0.08910401486458024,0.058110305729426326
0.1749670707736809,0.1171200809289453,0.11280936665182953
0.21526880111604682,0.12938578388586758,0.13675714118075072
0.04137884655718648,0.07646293140056039,0.03342963168564641
0.23301131366884292,0.13478566093415603,0.14729995625547365
0.05337198075624226,0.08011300350313405,0.04055609675933471
0.06373879917662212,0.08326811159086453,0.046716185371027674
0.14054086218046083,0.10664257425738712,0.0923528980517855
0.1919331231211018,0.12228364479276041,0.12289079970223131
0.15598681309423976,0.11134350010315558,0.10153106848580083
0.1282393102534287,0.10289863620400021,0.08504316744216213
0.07649172499992492,0.08714942384846411,0.054294127796975275
0.14578344125930234,0.1082381364618628,0.09546810180764413
0.1280057103620599,0.10282754082288477,0.08490435956763763
0.07289773270458798,0.08605560376804613,0.05215853420294705
0.14357057599987835,0.10756465798525121,0.09415319056573479
0.1456152403958347,0.10818694506608725,0.09536815482473117
0.10849172738771086,0.09688852240763353,0.07330891539040177
0.11548128188538903,0.09901577100320118,0.07746219302255447
0.08769859476625294,0.09056019888127165,0.06095338505613268
0.3032321149491286,0.15615713760734537,0.1890260037977229
0.19268143205202418,0.12251139022673384,0.12333545389954408
0.4626179789734271,0.2046657164461874,0.2837350076624718
0.09879597841507391,0.09393765216377642,0.06754758434299399
0.08632211316881876,0.09014127110183472,0.06013546307961864
0.1158359150165155,0.09912370246440967,0.07767292030876677
0.19490019447179308,0.12318666348526837,0.12465386930529707
0.2329301824140176,0.13476096889578057,0.14725174708476815
0.1119778148778218,0.0979495020050926,0.07538039064697417
0.1468409489789362,0.10855998555999055,0.09609648565660657
0.247009455438938,0.13904595068951622,0.15561782102421587
0.11387154359939436,0.09852585229532773,0.07650566710676668
0.11450018583564757,0.09871717755284277,0.07687921390997479
0.2080981481791653,0.12720341855852788,0.13249625267053547
0.21865683808409056,0.1304169221199845,0.13877035363384155
0.13382090609685968,0.10459737707838765,0.08835981905077894
0.1298857385005227,0.10339972138439285,0.08602149497560826
0.16468541468251335,0.11399089172421004,0.10669988252388973
0.18027352614290007,0.11873508367845731,0.11596252647028674
0.16280039206665228,0.11341719110945181,0.10557977933717601
0.11267018550910303,0.09816022279616658,0.07579180563157949
0.05406534976609051,0.08032402814753742,0.040968104992533144
0.13542890590550247,0.10508676668622939,0.08931531194234461
0.15131650965587468,0.10992210816273408,0.09875591782171046
0.07817837419235554,0.08766275014515501,0.05529635510152497
0.10469115108098268,0.09573182914291684,0.07105056708375826
0.25970606441108335,0.1429101230932706,0.16316229929757634
0.2010620278202904,0.12506199779177762,0.12831530504170474
0.07137780827052571,0.08559301961925637,0.0512553767618469
0.3100480690170212,0.15823155146636786,0.19307612595949478
0.17653154654296085,0.11759622413436804,0.11373899703395961
0.19474401823687834,0.12313913174680143,0.12456106750178286
0.14708334367941905,0.10863375761318039,0.0962405195128419
0.09301423506308522,0.09217799703417753,0.06411200266942091
0.08509037772248426,0.08976639635134857,0.05940355101287831
0.12780462421454591,0.10276634089590381,0.08478487175208614
0.14731528564958832,0.10870434841127193,0.0963783422305819
0.23132993439013588,0.13427393851888134,0.14630086039725554
0.026353326403824467,0.07188996231440066,0.0245012862832105
0.23009435809867484,0.13389789481944386,0.1455666660539899
0.13663281801949428,0.10545317349434946,0.09003069104923633
0.1984797772900753,0.12427609808735025,0.12678090061416655
0.1629688822434975,0.1134684705568301,0.10567989823358949
0.12359843112443428,0.1014861994581916,0.08228550105779102
0.13265601382840717,0.1042428458356772,0.08766762600699633
0.0914149701962783,0.09169126587799498,0.06316170018570712
0.28408005229477656,0.15032826848596917,0.1776456170422675
0.021728963865018304,0.07048255234008287,0.021753434256050582
0.2219983383379759,0.1314338970537272,0.14075591340977658
0.2040789289843975,0.12598018202890526,0.13010798412124608
0.11858938547429963,0.09996171240713253,0.07930906568354093
0.209968871529334,0.1277727672374262,0.1336078590610117
0.23835719446881717,0.13641266268764313,0.15047654314066983
0.12075761599054502,0.10062160644216463,0.08059745442240343
0.06966190083951064,0.08507078867106602,0.05023576385884313
0.1733507010365071,0.11662814396007802,0.11184890024772283
0.16785466127372273,0.11495544180567745,0.10858308709471312
0.2934612553130307,0.15318340767287203,0.18322004108765433
0.12509935796240826,0.10194300174926621,0.08317736989803341
0.19744559889087512,0.12396134919341208,0.12616637932894267
0.1529794417418151,0.11042821623378725,0.09974405213536656
0.1319775750582019,0.10403636516204104,0.08726448950237167
0.14094309823660864,0.10676499351684236,0.09259191157051537
0.1636614766721052,0.11367925945990563,0.10609144620126695
0.22900336539976707,0.1335658546747826,0.1449183850262477
0.06239209478684279,0.08285824640950654,0.04591595737065227
0.16347456916726485,0.11362237475755392,0.1059803835062993
0.048921651534495465,0.0787585600132208,0.037911657429397845
0.13340250842912632,0.10447003908404615,0.08811120210740715
0.06006138180519687,0.08214890135489326,0.044531019590017776
0.10598860265185343,0.09612670438609144,0.07182152846475734
0.020061054175026512,0.06997492935112871,0.02076234218999763
0.20817581434688764,0.12722705600870637,0.13254240284466787
0.08451322746030303,0.0895907425117421,0.05906060136206642
0.1783419913820052,0.11814722724085906,0.11481478520568751
0.14740773329293982,0.10873248455636494,0.09643327573591552
0.10087379485235215,0.094570028962543,0.06878224794502098
0.14204871031042407,0.10710148302158089,0.09324887960725367
0.1078419423464629,0.09669076240492169,0.0729228052773154
0.1379592334053706,0.10585686378214722,0.09081886307864585
0.03803896577347201,0.07544644934739374,0.03144503421843052
0.18784911446326005,0.12104068979690685,0.12046403247210721
0.0940673321991082,0.0924985037852651,0.06473776569637509
0.11744697345055334,0.09961402295512516,0.07863023067245357
0.1262798622506908,0.10230228446036674,0.08387883979240393
0.34406599308351754,0.1685847980457622,0.2132899869666
0.08426628372304913,0.08951558597373485,0.05891386441328427
0.20864287790208808,0.12736920531052126,0.13281993764567016
0.30536057630618396,0.15680492802575036,0.19029076122226213
0.17278159895046513,0.11645493955718372,0.11151073292029788
0.14156522755263198,0.10695433658787962,0.09296158831792534
0.34450196090730545,0.16871748346100193,0.21354904430873517
0.16032591280246516,0.11266409124575497,0.10410941389649059
0.22192159477906462,0.13141054039659444,0.1407103114609335
0.16099694449268892,0.11286831759824767,0.10450814902480207
0.11920676163990923,0.10014960887201674,0.07967591805161423
0.1264713420540595,0.10236056072717746,0.08399261940233545
0.2141289759252817,0.12903888172821878,0.13607984329703846
0.25226356911917186,0.14064502341309854,0.15873987877942078
0.24083661074660528,0.13716726511566707,0.1519498422144169
0.04752111250618662,0.07833231043150629,0.03707944023713431
0.1891218164565711,0.1214280325851698,0.12122028735544357
0.16778226686979367,0.11493340879997782,0.10854006946624606
0.2137301064351271,0.1289174870723752,0.13584283023244934
0.06394201414124531,0.08332995941653595,0.04683693815539591
0.1937036862243709,0.12282251002030001,0.12394288966527073
0.21831487393848875,0.13031284642407204,0.13856715441171683
0.05869161721787692,0.08173201787603902,0.043717088941974215
0.1930691198349626,0.12262938176568655,0.12356582265876505
0.14513730815241244,0.10804148791371321,0.0950841617180246
0.13721761179499983,0.10563115361283261,0.09037818256790711
0.043154368735836036,0.07700330590685926,0.03448466839112264
0.04754710689172934,0.07834022173975304,0.03709488641472281
0.13207281397418905,0.10406535082204908,0.08732108161559018
0.179104407932802,0.11837926628389958,0.1152678223209799
0.12515126062985,0.10195879816039058,0.08320821108938621
0.1649524132015175,0.11407215187101315,0.10685853626600836
0.15653080628268334,0.11150906269323178,0.10185431580325977
0.11204904759634286,0.09797118145554715,0.07542271798795283
0.24343859535952447,0.13795917082515952,0.15349597287204797
0.09315927978331077,0.09222214093168868,0.06419818999257229
0.17038786627521563,0.11572641466002756,0.1100883480772054
0.21518660860999198,0.12936076885906844,0.13670830140175744
0.28154344780646656,0.14955626100866007,0.17613833604368362
0.16948786511898215,0.11545250218159384,0.10955355652899772
0.23493437767768685,0.13537093932541241,0.14844266409697982
0.16677963710371552,0.11462826163180385,0.10794429475955103
0.14598356512056548,0.10829904352009569,0.09558701782109255
0.19408643684239796,0.12293899894887504,0.12417032470151956
0.17370886034483338,0.11673714860205907,0.11206172283098083
0.17789851443295557,0.1180122564473205,0.114551265850702
0.09761045313601499,0.09357684133016388,0.06684313091531086
0.029225316145988618,0.07276404322292385,0.026207857247048716
0.21270951332056648,0.1286068728164428,0.13523638148730524
0.15916188415801386,0.11230982284425214,0.10341773402851172
0.011374325547961925,0.06733115122791108,0.015600583208741348
0.05211202514111079,0.07972954003437442,0.03980741592773547
0.09084902099042388,0.09151902104411953,0.06282540633773857
0.14492339089339526,0.10797638287891265,0.09495704950117254
0.16351087928014066,0.11363342562447903,0.10600195941355894
0.12268392729437343,0.10120787313728166,0.08174209184577727
0.17454506322198998,0.11699164427794691,0.11255860467184627
0.0978010659328624,0.09363485372630802,0.06695639533950423
0.0593887754162676,0.08194419574787724,0.04413134875673199
0.16868946027916448,0.11520951021769103,0.10907913473806383
0.17467270478073754,0.11703049157882595,0.11263445082642681
0.13430214422744322,0.10474384036696438,0.08864577655553196
0.11089858037215876,0.09762104042900455,0.0747390964795554
0.11634100664417725,0.0992774254886643,0.07797305184934657
0.14507364492400565,0.10802211221340734,0.09504633225942011
0.3014387734258447,0.15561133984039946,0.18796037862262185
0.028901993533498607,0.07266564101809617,0.026015735048864154
0.13294211254665408,0.10432991906713811,0.08783762931800544
0.0746023794364596,0.0865744075584045,0.05317145586262612
0.13626850455750128,0.10534229585534874,0.0898142115936015
0.18642770556555915,0.12060808853707451,0.11961941415159381
0.15685179642049565,0.11160675501683824,0.10204505201684252
0.2177863471722479,0.13015199099021285,0.13825309742897923
0.019983404408422212,0.06995129689257785,0.020716201761607274
0.1014682839482739,0.09475095982084011,0.06913550054008569
0.16553261466316224,0.11424873433343484,0.10720329897636295
0.19543509706119397,0.12334945938054977,0.12497171487909975
0.1595514844250161,0.11242839644162353,0.10364923920884302
0.09100941705383739,0.09156783707391723,0.06292071561427127
0.06332311754463633,0.08314160021333121,0.0464691823288742
0.16647898577994127,0.1145367593613135,0.10776564411471753
0.15314936594905507,0.11047993212373752,0.09984502314994635
0.1729456180547642,0.11650485824790745,0.11160819505144784
0.15770119849250405,0.1118652678255376,0.10254977697857617
0.09645826007958808,0.09322617505208822,0.0661584838965673
0.07233394621546774,0.08588401715010366,0.05182352546736152
0.08712346205143141,0.0903851590757625,0.06061163425630987
0.13976794262272801,0.10640733865771927,0.09189361992302177
0.10242347649651419,0.09504166962321964,0.069703087479471
0.30246000251913197,0.15592214765442672,0.1885672052740007
0.02753870909753532,0.07225072975261777,0.025205654984959015
0.21017098431408274,0.12783427961817168,0.13372795691679756
0.28914319671980265,0.1518692203264435,0.18065419856141943
0.10273740709862744,0.09513721339967549,0.0698896288317473
0.0712517069226665,0.08555464107664379,0.05118044581916339
0.16731153968314583,0.11479014448362906,0.10826035769122518
0.14306304083138907,0.1074101912771472,0.09385160704370665
0.13980016894680025,0.1064171466365604,0.0919127691936914
0.11728738803437024,0.09956545364322393,0.07853540309228779
0.07296362631232609,0.08607565827718024,0.052197688979866215
0.13991883675477454,0.10645326280504251,0.09198328303726759
0.13123684203768077,0.1038109254322104,0.08682433700244485
0.11882766773481374,0.10003423285234758,0.07945065587831836
0.10044493269713989,0.09443950613484776,0.06852741287690432
0.10225745851013242,0.09499114257911609,0.06960443758846532
0.04756623007784612,0.07834604182039233,0.03710624964269111
0.10168553521365291,0.09481707954983247,0.06926459386375228
0.2760424140313854,0.1478820389425615,0.17286955538829982
0.14508977964481107,0.10802702276417055,0.09505591970523586
0.15024650191403488,0.10959645472275714,0.09812010630870355
0.11174522266242348,0.0978787133069416,0.07524218154567197
0.17214763907072264,0.11626199589185048,0.11113402630915535
0.2377225345374903,0.1362195059638453,0.15009942055042774
0.06090463563268189,0.08240554296500166,0.04503209119065898
0.20136141016557624,0.12515311385271644,0.12849320164420622
0.11013150116799982,0.0973875823223001,0.07428328875936645
0.2653966077485371,0.14464202178962335,0.16654368882191503
0.19437870978282634,0.12302795128514409,0.12434399680985914
0.16139781512881018,0.11299032129647715,0.10474635119447445
0.19888600990603866,0.12439973368702534,0.12702228893696912
0.08413612468645472,0.08947597248651087,0.05883652234298623
0.06280143539651879,0.08298282791714494,0.04615919250082593
0.1383897423793179,0.10598788781386664,0.09107467670632856
0.1278251187330496,0.10277257833717682,0.08479704984230785
0.15252996248305672,0.11029141865645263,0.0994769661355168
0.13571255125642245,0.10517309324317728,0.08948385743288072
0.12082285475440832,0.10064146165165623,0.08063622008318935
0.09929880384070464,0.09409068547667838,0.06784636927897868
0.19593029840372167,0.12350017232810108,0.12526596949289748
0.06791154224559723,0.0845380726214409,0.04919567965909024
0.024708635380338673,0.07138940585246678,0.023523991028997115
0.12991137436946606,0.10340752357925716,0.08603672811830688
0.1590128093209816,0.11226445239355788,0.10332915196131875
0.08467206247278881,0.08963908344067381,0.05915498304329929
0.13009719727203062,0.10346407818636935,0.08614714632951324
0.15698073011089306,0.11164599557385954,0.10212166597164256
0.09128921172360074,0.09165299168834928,0.06308697298359436
0.1256951374880639,0.10212432534573289,0.08353138928201884
0.1293125013320388,0.10322525848235974,0.08568087053229431
0.07164072304053422,0.08567303689009102,0.05141160389102956
0.18834560111155849,0.12119179392316573,0.12075905083010478
0.10279298425705129,0.09515412813039846,0.06992265344998527
0.12018383159824865,0.10044697699431117,0.08025650481209644
0.1240850325273248,0.1016342950415716,0.0825746454836725
0.32731559797681836,0.16348686877462432,0.20333670005117718
0.06624837549541407,0.0840318931310748,0.048207405905109094
0.1620027225373355,0.1131744229349523,0.10510579447661585
0.08044242946359241,0.08835180813842569,0.05664168406621204
0.10189086601627728,0.09487957132404418,0.06938660390459486
0.1865573076576108,0.12064753252000529,0.11969642527872328
0.07948619593609721,0.08806078151733343,0.05607347856439088
0.12821921004334422,0.10289251876923566,0.08503122365476137
0.20912294931736658,0.12751531351302012,0.13310520187410915
0.1357494219801783,0.10518431473023394,0.0895057664618905
0.3375375246350575,0.16659787951714825,0.2094106922292585
0.06767705277935224,0.08446670650105224,0.04905634318843911
0.10670963980508313,0.09634614974159553,0.0722499774426507
0.08662198408178155,0.09023253585678623,0.06031364999493002
0.0908637395805819,0.0915235006000416,0.06283415230163354
0.10308658099209643,0.0952434833593327,0.07009711217306147
0.20937277085437278,0.12759134590019375,0.13325364884623325
0.07832388501227018,0.08770703589861843,0.05538281938673637
0.1747151630335077,0.11704341361249855,0.1126596800326071
0.147952205713656,0.10889819299925332,0.0967568078189739
0.1622948416679814,0.11326332845970523,0.10527937518932624
0.20772670851816918,0.1270903720836122,0.13227553874145417
0.09296006874519983,0.09216151168826793,0.06407981638965662
0.08139662390606565,0.08864221417050168,0.057208677919105784
0.09122067629045355,0.09163213314808634,0.06304624840213569
0.3221996160775263,0.16192983601755326,0.20029672186717584
0.17860382393917795,0.11822691514367238,0.11497036927094315
0.12362270594838294,0.10149358742335733,0.0822999254511287
0.09320551547205207,0.09223621261593885,0.06422566379679251
0.0687095771748101,0.08478095200423229,0.04966988164467853
0.0766874298429767,0.08720898599261302,0.054410417976473884
0.13987528572032418,0.10644000818675461,0.09195740448702534
0.1411355449821909,0.10682356406942883,0.0927062657491791
0.13843391223361018,0.10600133076799781,0.09110092296678883
0.07961740107000194,0.08810071338093413,0.05615144223833476
0.21346236903366023,0.1288360020490534,0.1356837374374546
0.12653968204852134,0.10238135978630046,0.0840332278517686
0.1390000697239941,0.10617363899260468,0.09143734057993821
0.15011143184096218,0.10955534657726064,0.09803984604126405
0.149896736524485,0.10949000474315602,0.09791227149327984
0.12818147081604053,0.10288103295589719,0.08500879855046223
0.17829109887551559,0.11813173826899535,0.11478454426416274
0.15542419170778768,0.11117226808049037,0.10119675206828126
0.08215932683569364,0.08887434037202503,0.057661885204155695
0.1015841002834568,0.09478620815268213,0.06920432000411753
-0.0019517593166793812,0.06327539984602559,0.007682062763572709
0.13019495397324674,0.1034938301262731,0.08620523454109924
0.1449491726976339,0.10798422948871816,0.09497236936038476
0.08900417896046173,0.09095754926239373,0.06172917894006358
0.05143606090549496,0.07952381247743984,0.039405749821426195
0.1885790067979436,0.1212628301986142,0.12089774330568422
0.07854806940581736,0.08777526570303307,0.055516032458829384
0.19364763414926056,0.12280545075019977,0.12390958284580614
0.08135242796083475,0.08862876327567656,0.057182416155094784
0.15193257388596715,0.1101096053442324,0.09912199062186701
0.1314921789128773,0.10388863639495316,0.08697606125508066
0.11034531263267768,0.09745265515893135,0.0744103381119453
0.12264434779254443,0.10119582724226697,0.08171857322814681
0.12800617650270812,0.10282768269130281,0.08490463655403621
0.22248823540770157,0.13158299566278642,0.14104701616066354
0.11749585096408496,0.0996288986703154,0.0786592742808458
0.15875935949575418,0.11218731574844822,0.10317854901654723
0.29562167001055584,0.15384092298843063,0.18450378557271246
0.1123462045036789,0.09806162021155139,0.07559929220836822
0.10028722884225266,0.09439150947011968,0.06843370334316724
0.15739255577226416,0.11177133339904734,0.102366377749523
0.12607417413871008,0.10223968394019312,0.08375661743403005
0.10947160567631581,0.09718674523627813,0.07389117089461826
0.11335540664836473,0.09836876766217077,0.07619897230174703
0.12445371751792729,0.10174650314134759,0.08279372255436261
0.13166233969004315,0.10394042428420527,0.0870771728423653
0.09406838756606055,0.09249882498282765,0.06473839280815426
0.07398574146940474,0.0863867357618936,0.05280504214104246
0.04275112893948564,0.07688058116227796,0.03424505843785126
0.06487735026762559,0.08361462598031852,0.04739272616928579
0.10641904791477107,0.09625770902756232,0.07207730423457727
0.3315105318434653,0.1647635835036228,0.2058293803790136
0.12685570125050377,0.10247753922145794,0.0842210102752922
0.15605042119158505,0.1113628590244988,0.10156886518486329
0.066789622633174,0.08419661996939277,0.04852902148611242
0.14690482201679742,0.10857942511513402,0.09613443978652067
0.18310681400046086,0.11959738579196623,0.11764610030724104
0.11536934490751476,0.09898170334137026,0.07739567871945134
0.23576665670179398,0.1356242407891523,0.14893721433701032
0.14626558863438274,0.1083848764760994,0.09575459959644998
0.15022736817743018,0.10959063143111047,0.09810873681150785
0.1038122452512379,0.09546433695974818,0.0705283106331275
0.17162770967809426,0.11610375704120127,0.11082507798957075
0.19389350382499776,0.12288028040101344,0.12405568157427342
0.17036965332799592,0.11572087160769035,0.11007752572417454
0.2992190681352085,0.1549357796221267,0.18664140295162138
0.15063188275909284,0.10971374415253134,0.0983491042575958
0.1090663701239675,0.09706341308973089,0.07365037503904838
0.07354855749199037,0.0862536802141803,0.052545262145745994
0.14552785307454805,0.10816034901385836,0.09531622822383633
0.067812820940089,0.08450802710730058,0.049137018267992924
0.15396384864830978,0.11072781733282765,0.10032899859898452
0.12791670112849243,0.10280045114683162,0.08485146920689246
0.03800958003512569,0.07543750589174898,0.031427572858079414
0.19061757325924933,0.12188326139250867,0.12210908409832143
0.15239993340788438,0.11025184472257252,0.09939970128986422
0.1582442976621847,0.11203055832385785,0.10287249305929698
0.12663365908093693,0.10240996139607238,0.0840890701385405
0.035549121656163044,0.0746886732397052,0.029965538796597586
0.1516472866456135,0.1100227790834776,0.09895246950081531
0.15208096891304115,0.11015476889693625,0.09921016873777902
0.1192425658816156,0.1001605057786667,0.07969719336412012
0.12245774268127396,0.10113903457243267,0.08160769021908772
0.2663178893100914,0.14492241089147379,0.16709112544377566
0.17630454905835635,0.11752713817467156,0.11360411238921204
0.18187803063115163,0.11922340949669771,0.11691594240029439
0.0028926294611756748,0.06474977410371241,0.010560657037242393
0.15010152164681276,0.10955233044131174,0.09803395728430458
0.08030974387232534,0.0883114257023534,0.05656284068663721
0.13605222602863637,0.1052764721756087,0.0896856962817102
0.06882960290992356,0.08481748145350353,0.049741202384948266
0.1946496364522011,0.12311040695197104,0.12450498470633252
0.08038894405428756,0.08833553002486859,0.056609902390543525
0.144591695432602,0.10787543242443605,0.0947599520554832
0.13865962652429356,0.10607002619172116,0.0912350451222227
0.11260347806714024,0.0981399205991845,0.07575216726454286
0.14390173846903592,0.10766544622542511,0.09434997130136219
0.057763950135417255,0.08144968536128833,0.04316585796653157
0.10506131428045148,0.09584448713084198,0.0712705225239956
0.06280206186939963,0.08298301858216602,0.04615956475857199
0.07867766483678963,0.08781470765868551,0.05559303962786488
0.1279284399149484,0.10280402380901059,0.08485844453546762
0.12286245705994966,0.10126220810143646,0.0818481763869718
0.13632967140905544,0.10536091179132966,0.0898505576749536
0.14552688649930687,0.10816005483976973,0.09531565387316339
0.10883084862544899,0.09699173287361472,0.07351042532236587
0.2186436138361077,0.13041289736233244,0.13876249562610057
0.18944243441585074,0.12152561163742813,0.12141080241605076
0.1469644462357083,0.10859757155579515,0.09616986921693994
0.2995260397798887,0.15502920546210586,0.18682380920741049
0.19676412739062377,0.12375394551806909,0.12576144073952572
0.1633846197098808,0.11359499892738395,0.1059269344532158
0.10223514603291099,0.0949843518479116,0.06959117924523443
0.0953343044960314,0.09288410275872602,0.06549061592497203
0.0987596741370832,0.09392660307267992,0.06752601190289347
0.12321804003575715,0.10137042864484092,0.08205946808235623
0.13695921093125493,0.10555251013495746,0.09022463765629955
0.16998190761878446,0.11560286243906148,0.1098471225444631
0.0651757185461944,0.08370543341328991,0.047570020201106476
0.1949467658624037,0.12320083733931048,0.12468154258761924
0.10496133136450793,0.09581405764959365,0.0712111114687525
0.17649776251354066,0.11758594207287727,0.11371892215597385
0.06920570698315394,0.08493194752739025,0.04996468796406892
0.18174870171856003,0.11918404865506338,0.11683909359969703
0.06236475009483227,0.08284992413979742,0.04589970882466509
0.15783225621943567,0.11190515482629669,0.10262765306151801
0.06249079778684478,0.08288828635242437,0.045974607884396876
0.21412242032269146,0.12903688655150064,0.13607594787886676
0.16437804043958443,0.11389734335473933,0.10651723703936286
0.03916164872276757,0.07578813431858182,0.03211214597538987
0.24267978714325292,0.13772822996721137,0.15304507987267552
0.15438334199470205,0.11085548879347082,0.10057826660783767
0.03092693638362689,0.07328192590942528,0.027218980527330617
0.09289400613833161,0.09214140574478796,0.06404056119141499
0.08813094124237279,0.09069178215091059,0.06121029054978125
0.15535369563587884,0.11115081282608016,0.10115486245160961
0.13793497833720758,0.10584948182959168,0.09080445042443423
0.08700732625911348,0.09034981351816154,0.06054262496699288
0.13965207890258577,0.10637207590441627,0.09182477230227513
0.008936061269292405,0.06658907327943171,0.014151737149491285
0.2702150500152541,0.14610849930948538,0.169406865365545
0.20792911473616493,0.12715197376982967,0.13239581095881625
0.1015855516620852,0.09478664987513388,0.06920518243081383
0.11482253953642008,0.09881528487248269,0.07707076036912389
0.25580740844687416,0.1417235795979421,0.1608456708748367
0.24439589771934347,0.1382505227419569,0.15406481348693468
0.1730561288887536,0.1165384918674004,0.11167386192264424
0.10620953700888931,0.09619394505227023,0.07195281032593416
0.0751373144566633,0.08673721332389725,0.053489320707203004
0.173929978650876,0.11680444525253086,0.11219311399687722
0.2757589455718346,0.14779576622193719,0.17270111500875016
0.1463119385354426,0.10839898292050386,0.09578214126700826
0.21397600104919548,0.12899232431309027,0.13598894377957407
0.15216097562716707,0.11017911868494024,0.0992577096928301
0.08976962787281097,0.09119051119499103,0.06218401792118481
0.31288924017417596,0.15909625283693896,0.19476438414820335
0.049459251641246225,0.07892217688929541,0.03823110590056342
-0.006885710010443726,0.06177376770517944,0.004750249718640698
0.18284227838852035,0.11951687522306456,0.11748891005422202
0.06874188047022776,0.0847907834090568,0.04968907665265045
0.08825461697601918,0.09072942246558204,0.06128378016322716
0.19077821634667927,0.12193215260327697,0.12220454015950595
0.05165719804078879,0.07959111485853403,0.039537152175890905
0.10111173041687536,0.09464244389194025,0.06892363212885645
0.09151255637259136,0.09172096591918903,0.06321968706933781
0.12223858526505108,0.10107233471251695,0.08147746423758605
0.15210564844465277,0.11016228003358701,0.09922483361329418
0.17117282813195853,0.11596531529495144,0.11055478188536673
0.1796322123980525,0.11853990188775818,0.11558145010375243
0.10007641562055752,0.09432734913916754,0.0683084355827514
0.03716152080759261,0.07517940177347841,0.03092364583073824
0.09258783284216959,0.09204822287963141,0.06385862932394996
0.17290857221883968,0.11649358346602143,0.11158618196867406
0.12197510881948052,0.10099214649751821,0.0813209033540062
0.1281267765090862,0.10286438691819999,0.08497629853322151
0.20884328982330072,0.12743020003888,0.13293902482781675
0.12566734812097669,0.10211586774058387,0.08351487650473446
0.009896819178495934,0.06688147688165152,0.014722631093523621
0.10857434241323616,0.09691366602688427,0.07335800623556328
0.20271846523586065,0.1255661292306394,0.1292995801438496
0.04703286355247794,0.07818371342129482,0.03678931681667377
0.19360989258331493,0.12279396422510287,0.12388715635185751
0.10815859864008147,0.09678713573688466,0.07311096626837738
0.13911814584167936,0.10620957508203652,0.09150750283400431
0.2194706255400255,0.13066459573399003,0.13925391596090902
0.20482194401961154,0.12620631628262208,0.13054949262184265
0.1645894487482839,0.11396168479852106,0.10664285840765805
0.28935431118052407,0.15193347233853127,0.18077964532170018
0.15384572287172457,0.11069186612986844,0.10025880683700088
0.15482008675421502,0.11098841066661795,0.10083778561455682
0.291059969582903,0.1524525840275787,0.18179316812820345
0.1767087159895903,0.11765014508979434,0.11384427325721985
0.187766214068837,0.1210154593265431,0.12041477205730257
0.058585092344060834,0.08169959737079878,0.0436537905764151
0.1086805807733188,0.09694599933258452,0.07342113435120419
0.05899226199301571,0.08182351815347308,0.04389573569552934
0.1194618341925455,0.10022723938903247,0.07982748524059503
0.2401667303472501,0.13696338915487422,0.15155179119703321
0.15115937824547016,0.10987428571965642,0.0986625484413931
0.1716915263847803,0.11612317945213135,0.11086299864682078
0.06654135366470917,0.08412106010149777,0.04838149706895172
0.14803465281188663,0.1089232855103681,0.0968057988797105
0.13649192733853094,0.10541029386542505,0.08994697210634535
0.01777338525928717,0.06927868462054583,0.01940298171277876
0.19930043390752064,0.12452586230872995,0.12726854467990012
0.10060869761913957,0.09448934746600028,0.06862472396986442
0.20590699885385694,0.126536549257131,0.13119424529874466
0.17231796033207458,0.11631383262395219,0.11123523325808017
0.11981376482311606,0.10033434835282504,0.0800366066683631
0.050731442288378746,0.07930936405098143,0.038987056935829656
0.12939256447049935,0.10324962544292968,0.08572844501536592
0.10836085340450241,0.09684869132869023,0.07323114849019796
0.1558017514187313,0.11128717717306746,0.10142110260489785
0.16730325977406987,0.11478762451973744,0.10825543766933067
0.13143471839423262,0.10387114846955985,0.08694191752147085
0.1070424736690901,0.09644744666545574,0.07244775134126812
0.10569309254603562,0.09603676682887133,0.07164593279367759
0.23134686554383893,0.13427909146145414,0.14631092109311042
0.10419089890958595,0.09557957899172519,0.07075331120649334
0.09564686612421575,0.09297922989233727,0.06567634381641906
0.1399410982521696,0.10646003802069967,0.09199651108767061
0.13487851101094886,0.10491925575733767,0.08898826065385985
0.23082734378138034,0.1341209766717455,0.14600221499229218
0.1766117806877922,0.11762064314018081,0.11378667313108046
0.16379747525945249,0.11372065019575724,0.10617225820309346
0.09000918179798842,0.09126341866728636,0.06232636375445135
0.23270596588818415,0.13469272931200743,0.14711851491928293
0.15919762549374586,0.11232070060566961,0.10343897196152849
0.0844027964684584,0.08955713319195105,0.058994981934036086
0.14906666810604205,0.10923737607019215,0.09741903482181234
0.18359269203335615,0.11974526121999778,0.11793481489794173
0.19647523304460235,0.12366602144622069,0.12558977623275558
0.23140779666368283,0.13429763565324168,0.14634712709983577
0.08209513871746793,0.08885480492317856,0.05762374384968658
0.20719580182577135,0.1269287923268258,0.13196006757787312
0.13362353805346633,0.10453730874452488,0.08824254057756586
0.026154151624213844,0.07182934410613864,0.02438293422553339
0.1449610400278846,0.10798784127279068,0.0949794210712342
0.08649735482512348,0.09019460534043067,0.060239593786603464
-0.008936301541095308,0.061149676719822646,0.0035317634846801713
0.08850059307257907,0.09080428450523333,0.061429942128231635
0.16959768935023486,0.11548592683573583,0.10961881541256191
0.006216620893290237,0.06576142028344989,0.012535812859985356
0.14479303774936808,0.1079367103157111,0.09487959208989574
0.24327387212598667,0.13790903783494995,0.1533980923388072
0.09324137357533632,0.09224712591518804,0.06424697111449787
0.14191065701047337,0.10705946694050858,0.09316684667040206
0.2820449763398869,0.14970889961655853,0.17643635035066613
0.12012745622951611,0.100429819330829,0.08022300588765996
0.13436200719520697,0.10476205947007673,0.0886813478534009
0.21389210806400283,0.128966791750895,0.1359390935553558
0.07886549629615823,0.08787187356364796,0.05570465134776333
0.07098762302321629,0.08547426798499597,0.051023523979157326
0.1072310602358161,0.0965048423849316,0.0725598117550709
0.0756585202297906,0.08689584063687633,0.05379902746748334
0.1307599755380259,0.10366579263554905,0.08654097717354617
0.20766211805854778,0.12707071418344704,0.13223715831087243
0.23717593033811296,0.1360531487209276,0.14977462173876235
0.14039069565703802,0.10659687155542566,0.09226366729136479
0.12319393820720564,0.10136309333027205,0.08204514648497105
0.14857548796882752,0.10908788696363937,0.09712716965673937
0.06632955482535835,0.08405659980095903,0.048255643642630505
0.09365977000127372,0.09237446353159282,0.06449558731997948
0.023168661772140622,0.07092071980154045,0.02260892012667299
0.07684817815544098,0.08725790922828465,0.054505936563643824
0.14716789113032908,0.10865948935992706,0.09629075862848743
0.12328806645635369,0.10139174096237363,0.08210107862655035
0.16827010704465764,0.11508188139965292,0.10882994998538362
0.14596857843071573,0.10829448236888838,0.09557811254912521
0.08026227411935499,0.08829697843459532,0.056534633586559406
0.15518035409884004,0.1110980568827161,0.10105186081842306
0.140249981717474,0.10655404571718168,0.09218005337034624
0.21304014764714987,0.12870750031811048,0.1354328483942415
0.17015054770987786,0.11565418751236264,0.10994733052173183
0.22028965720185648,0.13091386540531666,0.13974059445840656
0.13655233013253207,0.10542867726292927,0.08998286417547924
0.08296168252036733,0.08911853476294569,0.05813865463478141
0.11356867811346878,0.09843367615165577,0.07632570078006247
0.3143396990997592,0.1595376953800079,0.19562626434585856
0.22127373620498766,0.13121336670801528,0.14032534607788857
0.08735250667713204,0.09045486807631561,0.06074773533700151
0.10161082569501857,0.09479434194636376,0.06922020056618881
0.1289490935362973,0.10311465647999062,0.08546492923447571
0.16567668935420735,0.11429258300566192,0.10728890989646897
0.11288488365791549,0.0982255654922832,0.07591938186257166
0.19205477598367826,0.12232066945308004,0.12296308730127581
0.11397491261629475,0.09855731232559134,0.07656709022406159
0.03731626960455702,0.0752264990757625,0.03101559943339613
0.15614463325108663,0.11139153216401387,0.10162484712756588
0.21190715553893955,0.12836267778732077,0.13475961081064441
0.1523114677408834,0.11022492047926818,0.09934713392293255
0.11020193809761956,0.09740901957694344,0.07432514323297616
0.1916473344993977,0.12219666593819235,0.12272098065433054
0.17684929397382687,0.11769292955046849,0.11392780639194204
0.12816514908413867,0.10287606548890374,0.08499909998039637
0.04149014933512546,0.07649680604566568,0.033495769139494515
0.08434113303089427,0.08953836612160357,0.05895834077528387
0.06411398088393777,0.08338229694563003,0.04693912286919076
0.1940533137783024,0.12292891805007083,0.12415064257710648
0.06792496012542659,0.08454215631032731,0.049203652725211384
0.28414296317751664,0.1503474152122733,0.17768299944799743
0.17880282197175446,0.11828747955953896,0.11508861630339952
0.09831334844587662,0.09379076527356112,0.06726079979093998
0.10765646528004363,0.09663431305193633,0.07281259256612005
0.15505855671849436,0.11106098823887471,0.10097948734517637
0.12256485855325154,0.10117163494607628,0.08167133976288625
0.1477181866167378,0.10882697003426749,0.09661775084745314
0.228740729792496,0.13348592236623594,0.14476232377893214
0.08072145815706899,0.08843672963042025,0.05680748628318174
0.05172291133186373,0.07961111448886746,0.03957619980647267
0.12626710216519627,0.10229840096908602,0.08387125759561488
0.2372470796479097,0.1360748027862034,0.1498168995172705
0.24651897136008832,0.13889667342610443,0.15532636946542344
0.10960094663491836,0.09722610974407717,0.07396802685310094
0.18444595833254337,0.12000495009390152,0.11844183603009868
0.2600385439788892,0.14301131218821295,0.16335986266911554
0.2103307550195459,0.12788290532227373,0.13382289459808924
0.27554290821288685,0.14773001594149157,0.17257274300293377
0.053747778847898005,0.08022737645250551,0.04077940052051136
0.15702649648547348,0.11165992442384323,0.10214886090372476
0.16056822563029302,0.11273783838126343,0.10425339910300623
0.1403457014147022,0.10658317770142535,0.0922369311695804
0.14245684219474775,0.1072256966575175,0.09349139649823618
0.23371658732610887,0.13500030871999255,0.1477190383738322
0.15218105850981417,0.11018523084615435,0.09926964318405837
0.05135253938043461,0.07949839296794982,0.03935612032330129
0.08023499365108873,0.08828867571117784,0.05651842320309622
0.15396456975998882,0.11072803680086489,0.10032942709224647
0.13933191599940226,0.1062746353470278,0.09163452764149173
0.1069811756850539,0.09642879081972235,0.07241132733941213
0.08433622060232272,0.08953687103965184,0.05895542175094364
0.19038816022575455,0.12181344026821957,0.12197276410527255
0.20168687445961042,0.1252521678714844,0.1286865964554099
0.2392121171643716,0.13667285568049295,0.15098454852353724
0.24835731498018912,0.13945616743753664,0.15641873542953613
0.08457767343392275,0.08961035643805419,0.05909889593732233
0.20097980076845226,0.12503697225107985,0.12826644473519003
0.18608074617004067,0.12050249255279816,0.11941324669168642
0.26143183342343834,0.1434353553822565,0.16418777207122126
0.194405174675351,0.1230360057906886,0.12435972256837433
0.14928420193644734,0.10930358179694798,0.0975482960490277
0.22635554751071743,0.13275999975403324,0.14334501968282584
0.08454320272843557,0.08959986538889507,0.05907841302813089
0.12238690408407085,0.10111747507154283,0.0815655970697526
0.1476525234335965,0.10880698565412371,0.09657873299161011
0.10324578613344071,0.09529193693580086,0.07019171378932894
0.16564456503339126,0.11428280607118602,0.10726982123736525
0.11334341155208792,0.09836511699291606,0.07619184467078303
0.2351077401218396,0.13542370163178982,0.14854567815342548
0.19099325036901166,0.12199759752142708,0.12233231597059697
0.3301726235911541,0.16435639539861954,0.20503437914967343
0.28661462722717884,0.15109965827441774,0.17915169205423834
0.08801173381611603,0.09065550175132735,0.06113945605850953
0.21786083194920108,0.1301746601942682,0.13829735718232386
0.25728979754192144,0.14217473998614297,0.16172652436451948
0.20227947213222186,0.12543252308113578,0.12903872514391804
0.15443650505195763,0.11087166880021104,0.10060985673802847
0.18302301759744893,0.11957188262424936,0.11759630747332005
0.1029863845253727,0.09521298888458618,0.07003757422336784
0.20068328166062988,0.12494672760732123,0.1280902495029427
0.22191033160890816,0.13140711248671752,0.1407036187493031
0.1495511163710554,0.10938481635293361,0.09770689982718322
0.19280469439423964,0.12254890472704293,0.1234086978708132
0.1546511401252987,0.1109369922995092,0.10073739548881422
0.1163750552883897,0.09928778808482205,0.07799328396463534
0.14752250898853628,0.1087674161728714,0.09650147683934678
0.10964145324319659,0.09723843780097978,0.07399209636857171
0.18063100382591787,0.11884388086995187,0.11617494402356057
0.10061158381387329,0.09449022587015254,0.06862643898160566
0.07850846276047552,0.08776321154697662,0.05549249771219581
0.11352135240831572,0.0984192727243908,0.076297579274936
0.11284293598808334,0.09821279885289744,0.07589445605093477
0.14417900833483815,0.10774983242383246,0.0945147284017024
0.1776865675981551,0.11794775110483927,0.11442532448369874
0.13485043913388814,0.10491071217118025,0.08897158000574001
0.1767537063256558,0.11766383775493362,0.11387100705785114
0.06204875438243529,0.08275375185362024,0.045711940358936554
0.08427003501112049,0.08951672766628267,0.0589160934739265
0.15204139559584962,0.11014272488419607,0.09918665379513462
0.20129658097467226,0.12513338329544757,0.12845467935661534
0.19618716760238677,0.1235783496485992,0.12541860427063017
0.2411835459679093,0.1372728537425983,0.15215599530971455
0.22799001207488692,0.13325744382572477,0.14431623825150094
0.2572649747496833,0.14216718524857794,0.1617117743618113
0.07532034684380574,0.08679291864655,0.0535980807604697
0.07597129076033438,0.08699103134925361,0.053984879491233345
0.09969198000207907,0.094210347386085,0.06807999929889978
0.20375109113475018,0.12588040562606476,0.12991317891465307
0.20854002582033776,0.12733790260782019,0.13275882169747957
0.22158253735356703,0.13130734935166488,0.1405088394469729
0.13481801792979822,0.10490084488122763,0.08895231493501225
0.15089786427060842,0.10979469477635245,0.09850715368159135
0.12700599927459086,0.10252328194522706,0.08431031917499475
0.1234180261750221,0.10143129378782333,0.08217830225973119
0.1289947231928719,0.10312854372028592,0.08549204292706893
0.08398562646899663,0.08943016883452849,0.058747094485966954
0.061497155349435055,0.08258587444903659,0.045384173556855145
0.2773886146289547,0.14829175079636878,0.1736694840292644
0.19195933318732014,0.12229162174273205,0.12290637403988008
0.08208644924858861,0.08885216031106849,0.057618580462414345
0.10815959087717143,0.09678743772107506,0.07311155586763052
0.2191199272890357,0.13055786184098825,0.1390455268279599
0.15376591438383067,0.11066757667138533,0.10021138367036901
0.1646648779485929,0.1139846414348095,0.10668767934875777
0.0841846766021938,0.0894907491070525,0.058865372477240746
0.07326493370770083,0.08616736022096767,0.052376729470361996
0.10325793897929267,0.09529563561563516,0.07019893515699427
0.03336370231134657,0.07402354783957708,0.028666936248364316
0.12151905001515698,0.10085334645649748,0.0810499077087796
0.24200968887818528,0.1375242876996849,0.15264689939685633
0.1540267058344018,0.11074694771672851,0.10036634909751806
0.08535908058432833,0.08984817520945353,0.05956321749608013
0.15547500829644006,0.11118773394700275,0.10122694789851085
0.11673934646484428,0.09939865894129053,0.07820975017793419
0.059978914431985615,0.08212380267315311,0.04448201648164308
0.131757866025369,0.10396949741937123,0.08713393574362349
0.1478351867407617,0.10886257864846363,0.09668727373310035
0.19713323062093302,0.12386628090776464,0.12598076633329677
0.08928478024685013,0.09104294936802025,0.06189591561071924
0.14665625767989243,0.10850377535279723,0.09598673985786853
0.14929937699425733,0.1093082002773425,0.09755731325151011
0.13441886739172246,0.1047793646893466,0.08871513486835679
0.10906023455609422,0.0970615457492378,0.07364672921057422
0.08191601299293019,0.0888002885808167,0.05751730518248495
0.09381713583550809,0.09242235732081443,0.06458909599776536
0.5113638772940071,0.2195013749672816,0.31270040870789106
0.1835401065493445,0.11972925699583041,0.11790356796874277
0.05160635053995851,0.0795756395839991,0.03950693797727212
0.12816164477425002,0.10287499896337744,0.08499701767717062
0.12125184039657906,0.10077202206221313,0.08089112852874678
0.16342237434534398,0.11360648943014656,0.1059493687132292
0.23750085689243236,0.1361520390803301,0.1499676970185384
0.15499680050803538,0.11104219293339275,0.10094279105965048
0.4354139600950823,0.196386260155808,0.26757005134807066
0.19746442981050538,0.12396708032367945,0.12617756888863765
0.10698704558513811,0.09643057730507222,0.07241481530488003
0.29666837073367336,0.15415948301167245,0.18512574777392632
0.08502267250469188,0.08974579048447835,0.05936331975540243
0.1519952247314644,0.11012867292903189,0.09915921851032918
0.059728366365799444,0.08204754916914292,0.04433313779711219
0.07663574765055775,0.08719325668235794,0.05437970779404025
0.10638203499789815,0.09624644426448464,0.07205531071270117
0.20812394291677222,0.12721126910456282,0.1325115802149112
0.10309915441453181,0.09524731004030734,0.07010458345240816
0.1287728244324689,0.1030610095410212,0.08536018800577323
0.11506232423831679,0.09888826258093565,0.07721324333270216
0.11479485445954458,0.09880685900772669,0.07705430956234205
0.09176100347893254,0.09179658000277802,0.06336731733817433
0.27676153480212407,0.148100901053173,0.17329686562859006
0.2805536850521191,0.14925502987442518,0.17555020707063765
0.20126738544104564,0.12512449772800183,0.12843733101820418
0.10628636038882106,0.09621732600267568,0.07199845970539066
0.17414579825332535,0.11687012925948133,0.11232135660915403
0.07745014882240604,0.08744111707884217,0.054863634798509496
0.12735523509442473,0.1026295707519756,0.08451783931370223
0.2345011524879337,0.1352390886220846,0.1481852364610861
0.17750986363763221,0.11789397181862325,0.11432032485790046
0.05926786720771808,0.08190739772063312,0.0440595036400971
0.16268526338940648,0.11338215206410755,0.1055113684877889
0.05662160814238989,0.08110201722290658,0.04248706456854222
0.2040679946421663,0.12597685419675778,0.13010148680313724
0.040695111259633994,0.07625483874573644,0.03302334792055345
0.041735994532550974,0.07657162824658346,0.03364185332265372
0.07049273496012247,0.08532365038304027,0.05072945551977978
0.0944691301467143,0.09262078970778442,0.06497651888572242
0.19064739537793546,0.1218923376591166,0.12212680476113669
0.1705954697000861,0.11578959809956393,0.11021170853761218
0.14489606535125887,0.10796806643740663,0.09494081233427161
0.09060374738506871,0.09144437280542353,0.06267966180148554
0.34218035392614604,0.16801090978856373,0.21216951742348047
0.24183110431754162,0.1374699360588263,0.15254078229577125
0.1557141597391835,0.11126051892505434,0.10136905457185795
0.14667617196062957,0.10850983620055835,0.09599857316380697
0.2344600778637739,0.13522658769136217,0.14816082942372344
0.22725426487057498,0.13303352151313894,0.1438790483837344
0.07233823206891611,0.08588532153591688,0.05182607217320202
0.10842050521973652,0.09686684616820421,0.07326659431868543
0.23834944577948278,0.13641030439878388,0.15047193877595652
0.18145679088995748,0.11909520652637234,0.11666563666257444
0.21217250754408945,0.1284434368228895,0.13491728617436058
0.1683893164318279,0.11511816239603408,0.10890078564185397
0.12391461118962979,0.10158242785155443,0.08247337906817692
0.24410576672712603,0.13816222230078712,0.15389241415007118
0.12510906996292062,0.10194595756561418,0.08318314088594168
0.09118691919348741,0.09162185928340225,0.06302618952773938
0.21943639961576555,0.13065417918321598,0.13923357850367668
0.1219350628205383,0.10097995862559629,0.08129710753816122
0.26747384213530634,0.14527422144317592,0.1677780065625056
0.248710641189648,0.13956370114130823,0.1566286861271219
0.16107762398013598,0.11289287214266389,0.10455608974987951
0.18100683973824896,0.11895826532992515,0.11639827025823878
0.11956073876657203,0.10025734068036118,0.07988625553205765
0.11469536773525528,0.09877658054082422,0.07699519335016822
0.19339339746810788,0.1227280746280014,0.12375851234174819
0.17727414086676754,0.11782223034591104,0.11418025554276072
0.10513702821150175,0.0958675304240225,0.07131551265553804
0.22755235874480845,0.133124245432027,0.1440561793611874
0.12341782137040412,0.10143123145619194,0.08217818056235575
0.14801599500590354,0.10891760706668661,0.09679471218623376
0.09774105811735107,0.0936165905392463,0.06692073797135575
0.050754153768277174,0.07931627621737677,0.03900055237126634
0.12283161037590908,0.10125282001163403,0.08182984691505864
0.12294630575139658,0.10128772718297162,0.08189800029131176
0.1453423014724003,0.10810387697616185,0.09520597122261146
0.13757300348105578,0.10573931593781201,0.09058936059661249
0.026909507805358442,0.07205923434821714,0.024831775983974222
0.12251204720074588,0.1011555619795539,0.08163995861990242
0.1157244748934469,0.09908978601875269,0.07760670124278501
0.10583898111560949,0.09608116754923753,0.0717326215422951
0.13061030954591538,0.10362024226869418,0.08645204383487154
0.14330684731376925,0.10748439300164987,0.09399647979778276
0.13155941665566673,0.10390909998729883,0.08701601473326814
0.08405660333084859,0.08945177041582278,0.05878926979382484
0.1894905631984603,0.12154025947875285,0.12143940111949322
0.08199693770307538,0.08882491775797816,0.05756539162184907
0.2070568041928028,0.1268864888410146,0.13187747350694573
0.2709208175224408,0.1463232973969685,0.1698262409354861
0.17189798168982642,0.11618601346506485,0.11098567688057277
0.13733772066371036,0.10566770836354893,0.09044955270716319
0.048324232554926565,0.07857673745418996,0.037556663862112524
0.15419491124692838,0.11079814049699557,0.10046629878353677
0.1284082804927211,0.10295006175685151,0.0851435715974749
0.06822698870276421,0.08463407774354254,0.04938312175073273
0.13121601524888524,0.10380458686553466,0.08681196147320579
0.1907849120005993,0.12193419040417007,0.12220851879786797
0.19598721134787905,0.1235174936009474,0.12529978785113857
0.10721762324638141,0.0965007528800979,0.07255182733379169
0.08776996558549319,0.09058192036223928,0.06099579445822533
0.0863769528306152,0.09015796137781387,0.06016804946846057
0.08261832473675763,0.08901403491775486,0.057934627296134134
0.04354324139925433,0.07712165806040285,0.034715741220623604
0.08583539594490038,0.08999314026869465,0.059846249831484746
0.2661897649758152,0.144883416659404,0.16701499241814988
0.06766216083235209,0.0844621741845288,0.04904749421381605
0.18276417995491326,0.11949310621414372,0.11744250302248402
0.10778816860151623,0.0966743965373326,0.07289085226912886
0.13235172989907412,0.10415023799328309,0.08748681682410184
0.0606111718685666,0.0823162282053455,0.04485771148051387
0.12995927560638754,0.10342210216777827,0.0860651916113556
0.09423462683989463,0.09254941937506102,0.06483717419083464
0.045466966535404066,0.0777071376636438,0.03585884191195325
0.13379567114694613,0.10458969690194994,0.08834482413900609
0.1409739483104569,0.10677438263832184,0.09261024305669338
0.2149970068544119,0.1293030641701059,0.1365956377504861
0.0799858670051831,0.08821285481189203,0.05637038914364976
0.1632506611825255,0.11355422907727751,0.10584733467965561
0.07759075972157967,0.08748391155707204,0.054947187491684646
0.181832497915821,0.11920955176016083,0.11688888631135827
0.09495379518789822,0.09276829596566133,0.06526451270211003
0.07259273343177236,0.08596277821314677,0.05197729995432232
0.19727587714656372,0.12390969492240751,0.12606552862027834
